id,ident,type,name,latitude_deg,longitude_deg,elevation_ft,country,city,icao_code,iata_code,State,timezone,serves_ground_transport,has_scheduled_service
16091,KABQ,large_airport,Albuquerque International Sunport,35.039976,-106.608925,5355,US,Albuquerque,KABQ,ABQ,NM,America/Denver,true,true
3371,KALB,large_airport,Albany International Airport,42.748299,-73.801697,285,US,Albany,KALB,ALB,NY,America/New_York,true,true
3384,KATL,large_airport,Hartsfield Jackson Atlanta International Airport,33.6367,-84.428101,1026,US,Atlanta,KATL,ATL,GA,America/New_York,true,true
3386,KAUS,large_airport,Austin Bergstrom International Airport,30.197535,-97.662015,542,US,Austin,KAUS,AUS,TX,America/Chicago,true,true
3396,KBDL,large_airport,Bradley International Airport,41.938555,-72.688016,173,US,Hartford,KBDL,BDL,CT,America/New_York,true,true
3406,KBHM,large_airport,Birmingham-Shuttlesworth International Airport,33.562877,-86.750712,650,US,Birmingham,KBHM,BHM,AL,America/Chicago,true,true
3420,KBNA,large_airport,Nashville International Airport,36.1245,-86.6782,599,US,Nashville,KBNA,BNA,TN,America/Chicago,true,true
3421,KBOI,large_airport,Boise Air Terminal/Gowen Field,43.5644,-116.223,2871,US,Boise,KBOI,BOI,ID,America/Boise,true,true
3422,KBOS,large_airport,Boston Logan International Airport,42.36197,-71.0079,20,US,Boston,KBOS,BOS,MA,America/New_York,true,true
3431,KBUF,large_airport,Buffalo Niagara International Airport,42.940498,-78.732201,728,US,Buffalo,KBUF,BUF,NY,America/New_York,true,true
3432,KBUR,large_airport,Hollywood Burbank/Bob Hope Airport,34.202834,-118.35805,778,US,Burbank,KBUR,BUR,CA,America/Los_Angeles,true,true
3435,KBWI,large_airport,Baltimore/Washington International Thurgood Marshall Airport,39.1754,-76.668297,146,US,Baltimore,KBWI,BWI,MD,America/New_York,true,true
3450,KCHS,large_airport,Charleston International Airport,32.896159,-80.038151,46,US,Charleston,KCHS,CHS,SC,America/New_York,true,true
3454,KCLE,large_airport,Cleveland Hopkins International Airport,41.411701,-81.8498,791,US,Cleveland,KCLE,CLE,OH,America/New_York,true,true
3457,KCLT,large_airport,Charlotte Douglas International Airport,35.2140007019043,-80.9430999755859,748,US,Charlotte,KCLT,CLT,NC,America/New_York,true,true
3458,KCMH,large_airport,John Glenn Columbus International Airport,39.998001,-82.891899,815,US,Columbus,KCMH,CMH,OH,America/New_York,true,true
3463,KCOS,large_airport,City of Colorado Springs Municipal Airport,38.805801,-104.700996,6187,US,Colorado Springs,KCOS,COS,CO,America/Denver,true,true
3471,KCVG,large_airport,Cincinnati Northern Kentucky International Airport,39.048801,-84.667801,896,US,Cincinnati / Covington,KCVG,CVG,KY,America/New_York,true,true
3479,KDAL,large_airport,Dallas Love Field,32.844776,-96.847653,487,US,Dallas,KDAL,DAL,TX,America/Chicago,true,true
3483,KDCA,large_airport,Ronald Reagan Washington National Airport,38.8521,-77.037697,15,US,Washington,KDCA,DCA,DC,America/New_York,true,true
3486,KDEN,large_airport,Denver International Airport,39.860027,-104.673792,5431,US,Denver,KDEN,DEN,CO,America/Denver,true,true
3488,KDFW,large_airport,Dallas Fort Worth International Airport,32.896801,-97.038002,607,US,Dallas-Fort Worth,KDFW,DFW,TX,America/Chicago,true,true
3496,KDSM,large_airport,Des Moines International Airport,41.534027,-93.656719,958,US,Des Moines,KDSM,DSM,IA,America/Chicago,true,true
3497,KDTW,large_airport,Detroit Metropolitan Wayne County Airport,42.21377,-83.353786,645,US,Detroit,KDTW,DTW,MI,America/Detroit,true,true
3512,KELP,large_airport,El Paso International Airport,31.809908,-106.375607,3959,US,El Paso,KELP,ELP,TX,America/Denver,true,true
3521,KEWR,large_airport,Newark Liberty International Airport,40.6894,-74.170545,18,US,Newark,KEWR,EWR,NJ,America/New_York,true,true
3524,KFAT,large_airport,Fresno Yosemite International Airport,36.775767,-119.718018,336,US,Fresno,KFAT,FAT,CA,America/Los_Angeles,true,true
3531,KFLL,large_airport,Fort Lauderdale Hollywood International Airport,26.072599,-80.152702,9,US,Fort Lauderdale,KFLL,FLL,FL,America/New_York,true,true
3552,KGEG,large_airport,Spokane International Airport,47.6199,-117.533997,2376,US,Spokane,KGEG,GEG,WA,America/Los_Angeles,true,true
3566,KGRR,large_airport,Gerald R. Ford International Airport,42.880798,-85.522797,794,US,Grand Rapids,KGRR,GRR,MI,America/Detroit,true,true
3568,KGSO,large_airport,Piedmont Triad International Airport,36.09937,-79.937262,925,US,Greensboro,KGSO,GSO,NC,America/New_York,true,true
3588,KHOU,large_airport,William P. Hobby Airport,29.645336,-95.276812,46,US,Houston,KHOU,HOU,TX,America/Chicago,true,true
3602,KIAD,large_airport,Washington Dulles International Airport,38.9445,-77.455803,312,US,Dulles,KIAD,IAD,VA,America/New_York,true,true
3604,KIAH,large_airport,George Bush Intercontinental Airport,29.9844,-95.3414,97,US,Houston,KIAH,IAH,TX,America/Chicago,true,true
3610,KIND,large_airport,Indianapolis International Airport,39.7173,-86.294403,797,US,Indianapolis,KIND,IND,IN,America/Indiana/Indianapolis,true,true
3620,KJAX,large_airport,Jacksonville International Airport,30.492469,-81.687813,30,US,Jacksonville,KJAX,JAX,FL,America/New_York,true,true
3622,KJFK,large_airport,John F. Kennedy International Airport,40.639447,-73.779317,13,US,New York,KJFK,JFK,NY,America/New_York,true,true
3631,KLAS,large_airport,Harry Reid International Airport,36.083361,-115.151817,2181,US,Las Vegas,KLAS,LAS,NV,America/Los_Angeles,true,true
3632,KLAX,large_airport,Los Angeles International Airport,33.942501,-118.407997,125,US,Los Angeles,KLAX,LAX,CA,America/Los_Angeles,true,true
3643,KLGA,large_airport,LaGuardia Airport,40.777199,-73.872597,21,US,New York,KLGA,LGA,NY,America/New_York,true,true
3644,KLGB,large_airport,Long Beach International Airport,33.816523,-118.149891,60,US,Long Beach,KLGB,LGB,CA,America/Los_Angeles,true,true
3668,KMCI,large_airport,Kansas City International Airport,39.301699,-94.713893,1026,US,Kansas City,KMCI,MCI,MO,America/Chicago,true,true
3670,KMCO,large_airport,Orlando International Airport,28.4293994903564,-81.3089981079101,96,US,Orlando,KMCO,MCO,FL,America/New_York,true,true
3673,KMDW,large_airport,Chicago Midway International Airport,41.785999,-87.752403,620,US,Chicago,KMDW,MDW,IL,America/Chicago,true,true
3675,KMEM,large_airport,Memphis International Airport,35.043845,-89.97634,341,US,Memphis,KMEM,MEM,TN,America/Chicago,true,true
3685,KMIA,large_airport,Miami International Airport,25.796011,-80.289751,8,US,Miami,KMIA,MIA,FL,America/New_York,true,true
3690,KMKE,large_airport,General Mitchell International Airport,42.947201,-87.896599,723,US,Milwaukee,KMKE,MKE,WI,America/Chicago,true,true
3709,KMSP,large_airport,Minneapolis‚ÄìSaint Paul International Airport / Wold‚ÄìChamberlain Field,44.880081,-93.221741,841,US,Minneapolis,KMSP,MSP,MN,America/Chicago,true,true
3711,KMSY,large_airport,Louis Armstrong New Orleans International Airport,29.993401,-90.264673,4,US,New Orleans,KMSY,MSY,LA,America/Chicago,true,true
3717,KMYR,large_airport,Myrtle Beach International Airport,33.679699,-78.928299,25,US,Myrtle Beach,KMYR,MYR,SC,America/New_York,true,true
3744,KOAK,large_airport,Oakland San Francisco Bay Airport,37.720085,-122.221184,9,US,Oakland,KOAK,OAK,CA,America/Los_Angeles,true,true
3747,KOKC,large_airport,OKC Will Rogers World Airport,35.393388,-97.598248,1295,US,Oklahoma City,KOKC,OKC,OK,America/Chicago,true,true
3751,KOMA,large_airport,Eppley Airfield,41.3032,-95.894096,984,US,Omaha,KOMA,OMA,NE,America/Chicago,true,true
3752,KONT,large_airport,Ontario International Airport,34.056,-117.600998,944,US,Ontario,KONT,ONT,CA,America/Los_Angeles,true,true
3754,KORD,large_airport,Chicago O'Hare International Airport,41.9786,-87.9048,680,US,Chicago,KORD,ORD,IL,America/Chicago,true,true
3755,KORF,large_airport,Norfolk International Airport,36.895341,-76.201,26,US,Norfolk,KORF,ORF,VA,America/New_York,true,true
3766,KPBI,large_airport,President Donald J. Trump International Airport,26.683201,-80.095596,19,US,West Palm Beach,KDJT,DJT,FL,America/New_York,true,true
3768,KPDX,large_airport,Portland International Airport,45.588699,-122.598,31,US,Portland,KPDX,PDX,OR,America/Los_Angeles,true,true
3771,KPHL,large_airport,Philadelphia International Airport,39.871899,-75.241096,36,US,Philadelphia,KPHL,PHL,PA,America/New_York,true,true
3772,KPHX,large_airport,Phoenix Sky Harbor International Airport,33.435302,-112.005905,1135,US,Phoenix,KPHX,PHX,AZ,America/Phoenix,true,true
3775,KPIE,large_airport,St. Petersburg Clearwater International Airport,27.9102,-82.687401,11,US,Pinellas Park,KPIE,PIE,FL,America/New_York,true,true
3778,KPIT,large_airport,Pittsburgh International Airport,40.491501,-80.232903,1203,US,Pittsburgh,KPIT,PIT,PA,America/New_York,true,true
3783,KPNS,large_airport,Pensacola International Airport,30.472718,-87.186639,121,US,Pensacola,KPNS,PNS,FL,America/Chicago,true,true
3792,KPSP,large_airport,Palm Springs International Airport,33.8297,-116.507004,477,US,Palm Springs,KPSP,PSP,CA,America/Los_Angeles,true,true
3795,KPVD,large_airport,Rhode Island T. F. Green International Airport,41.725038,-71.425668,55,US,Providence/Warwick,KPVD,PVD,RI,America/New_York,true,true
3796,KPWM,large_airport,Portland International Jetport,43.646198,-70.309303,76,US,Portland,KPWM,PWM,ME,America/New_York,true,true
3844,KRDU,large_airport,Raleigh-Durham International Airport,35.878659,-78.7873,435,US,Raleigh/Durham,KRDU,RDU,NC,America/New_York,true,true
3847,KRIC,large_airport,Richmond International Airport,37.505199,-77.319702,167,US,Richmond,KRIC,RIC,VA,America/New_York,true,true
3853,KRNO,large_airport,Reno Tahoe International Airport,39.4991,-119.767998,4415,US,Reno,KRNO,RNO,NV,America/Los_Angeles,true,true
3855,KROC,large_airport,Frederick Douglass Greater Rochester International Airport,43.1189,-77.672401,559,US,Rochester,KROC,ROC,NY,America/New_York,true,true
3858,KRSW,large_airport,Southwest Florida International Airport,26.534685,-81.752816,30,US,Fort Myers,KRSW,RSW,FL,America/New_York,true,true
3862,KSAN,large_airport,San Diego International Airport,32.733601,-117.190002,17,US,San Diego,KSAN,SAN,CA,America/Los_Angeles,true,true
3863,KSAT,large_airport,San Antonio International Airport,29.533701,-98.469803,809,US,San Antonio,KSAT,SAT,TX,America/Chicago,true,true
3864,KSAV,large_airport,Savannah Hilton Head International Airport,32.126591,-81.19998,50,US,Savannah,KSAV,SAV,GA,America/New_York,true,true
3867,KSBD,large_airport,San Bernardino International Airport,34.096717,-117.236596,1159,US,San Bernardino,KSBD,SBD,CA,America/Los_Angeles,true,true
3873,KSDF,large_airport,Louisville Muhammad Ali International Airport,38.1706,-85.735076,501,US,Louisville,KSDF,SDF,KY,America/Kentucky/Louisville,true,true
3875,KSEA,large_airport,Seattle‚ÄìTacoma International Airport,47.447943,-122.310276,433,US,Seattle,KSEA,SEA,WA,America/Los_Angeles,true,true
3876,KSFB,large_airport,Orlando Sanford International Airport,28.774277,-81.234626,55,US,Orlando,KSFB,SFB,FL,America/New_York,true,true
3878,KSFO,large_airport,San Francisco International Airport,37.619806,-122.374821,13,US,San Francisco,KSFO,SFO,CA,America/Los_Angeles,true,true
3883,KSJC,large_airport,Norman Y. Mineta San Jose International Airport,37.362452,-121.929188,62,US,San Jose,KSJC,SJC,CA,America/Los_Angeles,true,true
3887,KSLC,large_airport,Salt Lake City International Airport,40.78886,-111.979866,4227,US,Salt Lake City,KSLC,SLC,UT,America/Denver,true,true
3892,KSMF,large_airport,Sacramento International Airport,38.6954,-121.591003,27,US,Sacramento,KSMF,SMF,CA,America/Los_Angeles,true,true
3894,KSNA,large_airport,John Wayne Orange County International Airport,33.675063,-117.869281,56,US,Santa Ana,KSNA,SNA,CA,America/Los_Angeles,true,true
3899,KSRQ,large_airport,Sarasota Bradenton International Airport,27.394631,-82.554359,30,US,Sarasota/Bradenton,KSRQ,SRQ,FL,America/New_York,true,true
3905,KSTL,large_airport,St. Louis Lambert International Airport,38.748697,-90.370003,618,US,St Louis,KSTL,STL,MO,America/Chicago,true,true
3913,KSYR,large_airport,Syracuse Hancock International Airport,43.1111984252929,-76.1063003540039,421,US,Syracuse,KSYR,SYR,NY,America/New_York,true,true
3926,KTPA,large_airport,Tampa International Airport,27.9755,-82.533203,26,US,Tampa,KTPA,TPA,FL,America/New_York,true,true
3930,KTUL,large_airport,Tulsa International Airport,36.197084,-95.886225,677,US,Tulsa,KTUL,TUL,OK,America/Chicago,true,true
3932,KTUS,large_airport,Tucson International Airport,32.115004,-110.938053,2643,US,Tucson,KTUS,TUS,AZ,America/Phoenix,true,true
3938,KTYS,large_airport,McGhee Tyson Airport,35.811001,-83.994003,981,US,Knoxville/Maryville,KTYS,TYS,TN,America/New_York,true,true
5388,PANC,large_airport,Ted Stevens Anchorage International Airport,61.179004,-149.992561,152,US,Anchorage,PANC,ANC,AK,America/Anchorage,true,true
5448,PHKO,large_airport,Ellison Onizuka Kona International Airport at KeƒÅhole,19.738783,-156.045603,47,US,Kailua-Kona,PHKO,KOA,HI,Pacific/Honolulu,true,true
5449,PHLI,large_airport,Lihue Airport,21.974393,-159.337146,153,US,"Lihue, Kauai",PHLI,LIH,HI,Pacific/Honolulu,true,true
5453,PHNL,large_airport,Daniel K. Inouye International Airport,21.318387,-157.92567,13,US,"Honolulu, Oahu",PHNL,HNL,HI,Pacific/Honolulu,true,true
5455,PHOG,large_airport,Kahului International Airport,20.896263,-156.431837,54,US,Kahului,PHOG,OGG,HI,Pacific/Honolulu,true,true
6924,07FA,medium_airport,Ocean Reef Club Airport,25.325399,-80.274803,8,US,Key Largo,,07FA,FL,America/New_York,true,false
18945,K61B,medium_airport,Boulder City Municipal Airport,35.947161,-114.858799,2201,US,Boulder City,KBVU,BVU,NV,America/Los_Angeles,true,true
18966,K67L,medium_airport,Mesquite Airport,36.833105,-114.055928,1978,US,Mesquite,,67L,NV,America/Los_Angeles,true,false
19042,K79J,medium_airport,South Alabama Regional At Bill Benton Field Airport,31.3088,-86.393799,310,US,Andalusia/Opp,,79J,AL,America/Chicago,true,false
3356,KABE,medium_airport,Lehigh Valley International Airport,40.651773,-75.442797,393,US,Allentown/Bethlehem,KABE,ABE,PA,America/New_York,true,true
3357,KABI,medium_airport,Abilene Regional Airport,32.4113006592,-99.6819000244,1791,US,Abilene,KABI,ABI,TX,America/Chicago,true,true
3358,KABR,medium_airport,Aberdeen Regional Airport,45.4491004943847,-98.4217987060546,1302,US,Aberdeen,KABR,ABR,SD,America/Chicago,true,true
3359,KABY,medium_airport,Southwest Georgia Regional Airport,31.532946,-84.196215,197,US,Albany,KABY,ABY,GA,America/New_York,true,true
3360,KACK,medium_airport,Nantucket Memorial Airport,41.25310135,-70.06020355,47,US,Nantucket,KACK,ACK,MA,America/New_York,true,true
3361,KACT,medium_airport,Waco Regional Airport,31.6112995147705,-97.2304992675781,516,US,Waco,KACT,ACT,TX,America/Chicago,true,true
3362,KACV,medium_airport,California Redwood Coast-Humboldt County Airport,40.978101,-124.109,221,US,Arcata/Eureka,KACV,ACV,CA,America/Los_Angeles,true,true
3363,KACY,medium_airport,Atlantic City International Airport,39.456201,-74.577511,75,US,Atlantic City,KACY,ACY,NJ,America/New_York,true,true
19235,KADH,medium_airport,Ada Regional Airport,34.805214,-96.671988,1016,US,Ada,KADH,ADH,OK,America/Chicago,true,false
3364,KADW,medium_airport,Joint Base Andrews,38.810799,-76.866997,280,US,Camp Springs,KADW,ADW,MD,America/New_York,true,false
19242,KAEG,medium_airport,Double Eagle II Airport,35.145199,-106.794998,5837,US,Albuquerque,,AEG,NM,America/Denver,true,false
3365,KAEX,medium_airport,Alexandria International Airport,31.325828,-92.546702,89,US,Alexandria,KAEX,AEX,LA,America/Chicago,true,true
3366,KAFW,medium_airport,Perot Field/Fort Worth Alliance Airport,32.99044,-97.31947,722,US,Fort Worth,KAFW,AFW,TX,America/Chicago,true,false
3367,KAGC,medium_airport,Allegheny County Airport,40.354401,-79.930199,1252,US,Pittsburgh,KAGC,AGC,PA,America/New_York,true,false
3368,KAGS,medium_airport,Augusta Regional At Bush Field,33.3699,-81.9645,144,US,Augusta,KAGS,AGS,GA,America/New_York,true,true
3369,KAHN,medium_airport,Athens Ben Epps Airport,33.948842,-83.325634,808,US,Athens,KAHN,AHN,GA,America/New_York,true,false
19257,KAIA,medium_airport,Alliance Municipal Airport,42.052543,-102.803965,3931,US,Alliance,KAIA,AIA,NE,America/Denver,true,true
3370,KAKR,medium_airport,Akron Fulton International Airport,41.037355,-81.46784,1067,US,Akron,KAKR,AKR,OH,America/New_York,true,false
3372,KALI,medium_airport,Alice International Airport,27.7409,-98.026901,178,US,Alice,KALI,ALI,TX,America/Chicago,true,false
3373,KALM,medium_airport,Alamogordo White Sands Regional Airport,32.837818,-105.993149,4200,US,Alamogordo,KALM,ALM,NM,America/Denver,true,false
3374,KALN,medium_airport,St Louis Regional Airport,38.8903007506999,-90.0459976196,544,US,Alton/St Louis,KALN,ALN,IL,America/Chicago,true,false
3375,KALO,medium_airport,Waterloo Regional Airport,42.5570983886718,-92.4002990722656,873,US,Waterloo,KALO,ALO,IA,America/Chicago,true,true
19275,KALS,medium_airport,San Luis Valley Regional Airport/Bergman Field,37.434898,-105.866997,7539,US,Alamosa,KALS,ALS,CO,America/Denver,true,true
3376,KALW,medium_airport,Walla Walla Regional Airport,46.09489822,-118.288002,1194,US,Walla Walla,KALW,ALW,WA,America/Los_Angeles,true,true
3377,KAMA,medium_airport,Rick Husband Amarillo International Airport,35.217857,-101.706444,3607,US,Amarillo,KAMA,AMA,TX,America/Chicago,true,true
3378,KANB,medium_airport,Anniston Regional Airport,33.5882,-85.8581,612,US,Anniston,KANB,ANB,AL,America/Chicago,true,false
3379,KAND,medium_airport,Anderson Regional Airport,34.4945983887,-82.7093963623,782,US,Anderson,KAND,AND,SC,America/New_York,true,false
3380,KAOO,medium_airport,Altoona Blair County Airport,40.296398,-78.32,1503,US,Altoona,KAOO,AOO,PA,America/New_York,true,true
19291,KAPA,medium_airport,Centennial Airport,39.57009888,-104.848999,5885,US,Denver,KAPA,APA,CO,America/Denver,true,false
19293,KAPF,medium_airport,Naples Municipal Airport,26.1525993347,-81.7752990723,8,US,Naples,KAPF,APF,FL,America/New_York,true,false
3381,KAPG,medium_airport,Phillips Army Air Field,39.466202,-76.1688,57,US,Aberdeen,KAPG,APG,MD,America/New_York,true,false
3382,KAPN,medium_airport,Alpena County Regional Airport,45.0780983,-83.56030273,690,US,Alpena,KAPN,APN,MI,America/Detroit,true,true
19301,KARA,medium_airport,Acadiana Regional Airport,30.0378,-91.883904,24,US,New Iberia,KARA,ARA,LA,America/Chicago,true,false
3383,KART,medium_airport,Watertown International Airport,43.991901,-76.021698,325,US,Watertown,KART,ART,NY,America/New_York,true,true
19308,KASE,medium_airport,Aspen-Pitkin County Airport (Sardy Field),39.223202,-106.869003,7820,US,Aspen,KASE,ASE,CO,America/Denver,true,true
19314,KAST,medium_airport,Astoria Regional Airport,46.158000946,-123.878997803,15,US,Astoria,KAST,AST,OR,America/Los_Angeles,true,false
19320,KATW,medium_airport,Appleton International Airport,44.258515,-88.519,918,US,Appleton,KATW,ATW,WI,America/Chicago,true,true
3385,KATY,medium_airport,Watertown Regional Airport,44.91400146,-97.15470123,1749,US,Watertown,KATY,ATY,SD,America/Chicago,true,true
19321,KAUG,medium_airport,Augusta State Airport,44.3205986022999,-69.7973022461,352,US,Augusta,KAUG,AUG,ME,America/New_York,true,true
19326,KAUW,medium_airport,Wausau Downtown Airport,44.9262008667,-89.6266021729,1201,US,Wausau,KAUW,AUW,WI,America/Chicago,true,false
3387,KAVL,medium_airport,Asheville Regional Airport,35.435488,-82.541853,2165,US,Asheville,KAVL,AVL,NC,America/New_York,true,true
3388,KAVP,medium_airport,Wilkes-Barre/Scranton International Airport,41.337064,-75.724232,962,US,Wilkes-Barre/Scranton,KAVP,AVP,PA,America/New_York,true,true
19334,KAWO,medium_airport,Arlington Municipal Airport,48.161448,-122.158442,142,US,Arlington,KAWO,AWO,WA,America/Los_Angeles,true,true
3389,KAXN,medium_airport,Chandler Field,45.866299,-95.394699,1425,US,Alexandria,KAXN,AXN,MN,America/Chicago,true,false
3390,KAZO,medium_airport,Kalamazoo/Battle Creek International Airport,42.232105,-85.549637,874,US,Kalamazoo,KAZO,AZO,MI,America/Detroit,true,true
3391,KBAB,medium_airport,Beale Air Force Base,39.136101,-121.436996,113,US,Beale Air Force Base,KBAB,BAB,CA,America/Los_Angeles,true,false
3392,KBAD,medium_airport,Barksdale Air Force Base,32.501801,-93.662697,166,US,Bossier City,KBAD,BAD,LA,America/Chicago,true,false
3393,KBAF,medium_airport,Westfield-Barnes Regional Airport,42.157799,-72.715599,271,US,Westfield,KBAF,BAF,MA,America/New_York,true,false
3394,KBAK,medium_airport,Columbus Municipal Airport,39.262386,-85.895576,656,US,Columbus,KBAK,BAK,IN,America/Indiana/Indianapolis,true,false
19351,KBAZ,medium_airport,New Braunfels National Airport,29.7045,-98.042198,651,US,New Braunfels,KBAZ,BAZ,TX,America/Chicago,true,false
19353,KBBD,medium_airport,Curtis Field,31.178931,-99.324732,1827,US,Brady,KBBD,BBD,TX,America/Chicago,true,false
45961,KBBG,medium_airport,Branson Airport,36.532082,-93.200544,1302,US,Branson,KBBG,BBG,MO,America/Chicago,true,true
19357,KBCE,medium_airport,Bryce Canyon Airport,37.706401825,-112.144996643,7590,US,Bryce Canyon,KBCE,BCE,UT,America/Denver,true,false
19359,KBCT,medium_airport,Boca Raton Airport,26.3785,-80.107697,13,US,Boca Raton,KBCT,BCT,FL,America/New_York,true,false
3395,KBDE,medium_airport,Baudette International Airport,48.728401,-94.612198,1086,US,Baudette,KBDE,BDE,MN,America/Chicago,true,false
3397,KBDR,medium_airport,Igor I Sikorsky Memorial Airport,41.163502,-73.126198,9,US,Bridgeport,KBDR,BDR,CT,America/New_York,true,false
3398,KBED,medium_airport,Laurence G Hanscom Field,42.470001,-71.289001,133,US,Bedford,KBED,BED,MA,America/New_York,true,true
3399,KBFD,medium_airport,Bradford Regional Airport,41.8031005859375,-78.6400985717773,2143,US,Bradford,KBFD,BFD,PA,America/New_York,true,true
3400,KBFF,medium_airport,Western Neb. Rgnl/William B. Heilig Airport,41.87400055,-103.5960007,3967,US,Scottsbluff,KBFF,BFF,NE,America/Denver,true,true
3401,KBFI,medium_airport,King County International Airport - Boeing Field,47.527042,-122.29995,21,US,Seattle,KBFI,BFI,WA,America/Los_Angeles,true,true
3402,KBFL,medium_airport,Meadows Field,35.433601,-119.056999,510,US,Bakersfield,KBFL,BFL,CA,America/Los_Angeles,true,true
3403,KBFM,medium_airport,Mobile Downtown Airport,30.6268005371,-88.0680999755999,26,US,Mobile,KBFM,BFM,AL,America/Chicago,true,false
3404,KBGM,medium_airport,Greater Binghamton/Edwin A Link field,42.20869827,-75.97979736,1636,US,Binghamton,KBGM,BGM,NY,America/New_York,true,true
3405,KBGR,medium_airport,Bangor International Airport,44.806364,-68.826668,192,US,Bangor,KBGR,BGR,ME,America/New_York,true,true
19373,KBHB,medium_airport,Hancock County-Bar Harbor Airport,44.45000076,-68.3615036,83,US,Bar Harbor,KBHB,BHB,ME,America/New_York,true,true
3407,KBIF,medium_airport,Biggs Army Air Field (Fort Bliss),31.84950066,-106.3799973,3946,US,Fort Bliss/El Paso,KBIF,BIF,TX,America/Denver,true,false
19377,KBIH,medium_airport,Eastern Sierra Regional Airport,37.3731,-118.363998,4124,US,Bishop,KBIH,BIH,CA,America/Los_Angeles,true,true
3408,KBIL,medium_airport,Billings Logan International Airport,45.808932,-108.541242,3652,US,Billings,KBIL,BIL,MT,America/Denver,true,true
3409,KBIS,medium_airport,Bismarck Municipal Airport,46.772734,-100.746874,1661,US,Bismarck,KBIS,BIS,ND,America/Chicago,true,true
3410,KBIX,medium_airport,Keesler Air Force Base,30.4104003906,-88.9244003295999,33,US,Biloxi,KBIX,BIX,MS,America/Chicago,true,false
3411,KBJC,medium_airport,Rocky Mountain Metropolitan Airport,39.908798,-105.116997,5673,US,Denver,KBJC,BJC,CO,America/Denver,true,true
19380,KBJI,medium_airport,Bemidji Regional Airport,47.50939941,-94.93370056,1391,US,Bemidji,KBJI,BJI,MN,America/Chicago,true,false
3412,KBKE,medium_airport,Baker City Municipal Airport,44.8372993469,-117.808998108,3373,US,Baker City,KBKE,BKE,OR,America/Los_Angeles,true,false
3413,KBKF,medium_airport,Buckley Space Force Base,39.701698,-104.751999,5662,US,Aurora,KBKF,BKF,CO,America/Denver,true,false
3414,KBKL,medium_airport,Burke Lakefront Airport,41.5175018310546,-81.6832962036132,583,US,Cleveland,KBKL,BKL,OH,America/New_York,true,false
3415,KBKW,medium_airport,Raleigh County Memorial Airport,37.7873,-81.124199,2504,US,Beaver,KBKW,BKW,WV,America/New_York,true,true
19387,KBLF,medium_airport,Mercer County Airport,37.295799,-81.207703,2857,US,Bluefield,KBLF,BLF,WV,America/New_York,true,false
19388,KBLH,medium_airport,Blythe Airport,33.6192016602,-114.717002869,399,US,Blythe,KBLH,BLH,CA,America/Los_Angeles,true,false
3416,KBLI,medium_airport,Bellingham International Airport,48.7928009033203,-122.53800201416,170,US,Bellingham,KBLI,BLI,WA,America/Los_Angeles,true,true
3417,KBLV,medium_airport,Scott AFB/Midamerica Airport,38.5452,-89.835197,459,US,Belleville,KBLV,BLV,IL,America/Chicago,true,true
3418,KBMG,medium_airport,Monroe County Airport,39.1459999084472,-86.61669921875,846,US,Bloomington,KBMG,BMG,IN,America/Indiana/Indianapolis,true,false
3419,KBMI,medium_airport,Central Illinois Regional Airport at Bloomington-Normal,40.4771,-88.915901,871,US,Bloomington/Normal,KBMI,BMI,IL,America/Chicago,true,true
19397,KBNO,medium_airport,Burns Municipal Airport,43.590463,-118.955154,4148,US,Burns,KBNO,BNO,OR,America/Los_Angeles,true,false
19401,KBPI,medium_airport,Miley Memorial Field,42.58509827,-110.1110001,6990,US,Big Piney,KBPI,BPI,WY,America/Denver,true,false
19402,KBPK,medium_airport,Ozark Regional Airport,36.3689002991,-92.4704971313,928,US,Mountain Home,KBPK,BPK,AR,America/Chicago,true,false
3423,KBPT,medium_airport,Jack Brooks Regional Airport,29.9508,-94.020699,15,US,Beaumont/Port Arthur,KBPT,BPT,TX,America/Chicago,true,true
3424,KBQK,medium_airport,Brunswick Golden Isles Airport,31.258801,-81.466499,26,US,Brunswick,KBQK,BQK,GA,America/New_York,true,true
19406,KBRD,medium_airport,Brainerd Lakes Regional Airport,46.402861,-94.129727,1232,US,Brainerd,KBRD,BRD,MN,America/Chicago,true,true
3425,KBRL,medium_airport,Southeast Iowa Regional Airport,40.7831993103027,-91.125503540039,698,US,Burlington,KBRL,BRL,IA,America/Chicago,true,true
3426,KBRO,medium_airport,Brownsville South Padre Island International Airport,25.907238,-97.425235,22,US,Brownsville,KBRO,BRO,TX,America/Chicago,true,true
3427,KBTL,medium_airport,Battle Creek Executive Airport at Kellogg Field,42.307301,-85.251503,952,US,Battle Creek,KBTL,BTL,MI,America/Detroit,true,false
3428,KBTM,medium_airport,Bert Mooney Airport,45.9547996520996,-112.497001647949,5550,US,Butte,KBTM,BTM,MT,America/Denver,true,true
3429,KBTR,medium_airport,Baton Rouge Metropolitan Airport,30.533199,-91.149597,70,US,Baton Rouge,KBTR,BTR,LA,America/Chicago,true,true
3430,KBTV,medium_airport,Patrick Leahy Burlington International Airport,44.471901,-73.153297,335,US,Burlington,KBTV,BTV,VT,America/New_York,true,true
19417,KBVI,medium_airport,Beaver County Airport,40.772499,-80.391403,1253,US,Beaver Falls,KBVI,BVI,PA,America/New_York,true,false
3433,KBVY,medium_airport,Beverly Regional Airport,42.584202,-70.916496,107,US,Beverly / Danvers,KBVY,BVY,MA,America/New_York,true,false
3434,KBWG,medium_airport,Bowling Green Warren County Regional Airport,36.9645004271999,-86.4197006225999,547,US,Bowling Green,KBWG,BWG,KY,America/Chicago,true,false
3729,KBXM,medium_airport,Brunswick Executive Airport,43.89220047,-69.93859863,72,US,Brunswick,KBXM,BXM,ME,America/New_York,true,false
3436,KBYH,medium_airport,Arkansas International Airport,35.9642982483,-89.9440002441,254,US,Blytheville,KBYH,BYH,AR,America/Chicago,true,false
19429,KBYI,medium_airport,Burley Municipal Airport,42.5425987243999,-113.772003174,4150,US,Burley,KBYI,BYI,ID,America/Boise,true,false
3437,KBZN,medium_airport,Bozeman Yellowstone International Airport,45.778853,-111.153711,4473,US,Bozeman,KBZN,BZN,MT,America/Denver,true,true
3438,KCAE,medium_airport,Columbia Metropolitan Airport,33.938172,-81.123022,236,US,Columbia,KCAE,CAE,SC,America/New_York,true,true
3439,KCAK,medium_airport,Akron Canton Regional Airport,40.9160995483398,-81.4421997070312,1228,US,Akron,KCAK,CAK,OH,America/New_York,true,true
3440,KCAR,medium_airport,Caribou Municipal Airport,46.871498,-68.017899,626,US,Caribou,KCAR,CAR,ME,America/New_York,true,false
3441,KCBM,medium_airport,Columbus Air Force Base,33.643799,-88.443802,219,US,Columbus,KCBM,CBM,MS,America/Chicago,true,false
19469,KCCR,medium_airport,Buchanan Field,37.9897,-122.056999,26,US,Concord,KCCR,CCR,CA,America/Los_Angeles,true,true
19470,KCCY,medium_airport,Northeast Iowa Regional Airport,43.0726013184,-92.6108016968,1125,US,Charles City,KCCY,CCY,IA,America/Chicago,true,false
3442,KCDC,medium_airport,Cedar City Regional Airport,37.701000213623,-113.098999023437,5622,US,Cedar City,KCDC,CDC,UT,America/Denver,true,true
19474,KCDR,medium_airport,Chadron Municipal Airport,42.837601,-103.095001,3297,US,Chadron,KCDR,CDR,NE,America/Denver,true,true
19475,KCDS,medium_airport,Childress Municipal Airport,34.4337997437,-100.288002014,1954,US,Childress,KCDS,CDS,TX,America/Chicago,true,false
3443,KCEC,medium_airport,Jack Mc Namara Field Airport,41.778929,-124.236403,61,US,Crescent City,KCEC,CEC,CA,America/Los_Angeles,true,true
3444,KCEF,medium_airport,Westover Metropolitan Airport / Westover Air Reserve Base,42.194,-72.534798,241,US,Chicopee,,CEF,MA,America/New_York,true,false
3445,KCEW,medium_airport,Bob Sikes Airport,30.778799057,-86.522102356,213,US,Crestview,KCEW,CEW,FL,America/Chicago,true,false
19482,KCEZ,medium_airport,Cortez Municipal Airport,37.303001,-108.627998,5918,US,Cortez,KCEZ,CEZ,CO,America/Denver,true,true
3446,KCGF,medium_airport,Cuyahoga County Airport,41.5651016235,-81.4863967896,879,US,Cleveland,KCGF,CGF,OH,America/New_York,true,false
3447,KCGI,medium_airport,Cape Girardeau Regional Airport,37.2253,-89.570801,342,US,Cape Girardeau,KCGI,CGI,MO,America/Chicago,true,true
3448,KCHA,medium_airport,Chattanooga Metropolitan Airport (Lovell Field),35.035301,-85.203796,683,US,Chattanooga,KCHA,CHA,TN,America/New_York,true,true
3449,KCHO,medium_airport,Charlottesville Albemarle Airport,38.1385993957519,-78.4529037475586,639,US,Charlottesville,KCHO,CHO,VA,America/New_York,true,true
3452,KCIU,medium_airport,Chippewa County International Airport,46.242038,-84.462082,800,US,Kincheloe,KCIU,CIU,MI,America/Detroit,true,true
3453,KCKB,medium_airport,North Central West Virginia Airport,39.2966,-80.228104,1217,US,Bridgeport,KCKB,CKB,WV,America/New_York,true,true
3455,KCLL,medium_airport,Easterwood Field,30.5886,-96.3638,320,US,College Station,KCLL,CLL,TX,America/Chicago,true,true
3456,KCLM,medium_airport,William R Fairchild International Airport,48.120201,-123.5,291,US,Port Angeles,KCLM,CLM,WA,America/Los_Angeles,true,false
19517,KCMA,medium_airport,Camarillo International Airport,34.213699,-119.094002,77,US,Camarillo,,CMA,CA,America/Los_Angeles,true,false
3459,KCMI,medium_airport,University of Illinois Willard Airport,40.039819,-88.276249,755,US,Savoy,KCMI,CMI,IL,America/Chicago,true,true
3460,KCMX,medium_airport,Houghton County Memorial Airport,47.168399810791,-88.4890975952148,1095,US,Hancock,KCMX,CMX,MI,America/Detroit,true,true
3461,KCNM,medium_airport,Cavern City Air Terminal,32.3375015258789,-104.263000488281,3295,US,Carlsbad,KCNM,CNM,NM,America/Denver,true,true
19527,KCNU,medium_airport,Chanute Martin Johnson Airport,37.668173,-95.486727,1002,US,Chanute,KCNU,CNU,KS,America/Chicago,true,false
19529,KCNY,medium_airport,Canyonlands Regional Airport,38.755001,-109.754997,4557,US,Moab,KCNY,CNY,UT,America/Denver,true,true
19530,KCOD,medium_airport,Yellowstone Regional Airport,44.520199,-109.024002,5102,US,Cody,KCOD,COD,WY,America/Denver,true,true
19531,KCOE,medium_airport,Coeur D'Alene Airport - Pappy Boyington Field,47.7743,-116.82,2320,US,Coeur d'Alene,KCOE,COE,ID,America/Los_Angeles,true,false
3462,KCOF,medium_airport,Patrick Space Force Base,28.2349,-80.6101,8,US,Cocoa Beach,KCOF,COF,FL,America/New_York,true,false
19534,KCON,medium_airport,Concord Municipal Airport,43.20270157,-71.50229645,342,US,Concord,KCON,CON,NH,America/New_York,true,false
3464,KCOU,medium_airport,Columbia Regional Airport,38.8181,-92.219597,889,US,Columbia,KCOU,COU,MO,America/Chicago,true,true
3465,KCPR,medium_airport,Casper-Natrona County International Airport,42.907381,-106.461609,5350,US,Casper,KCPR,CPR,WY,America/Denver,true,true
19549,KCRE,medium_airport,Grand Strand Airport,33.8116989136,-78.7238998413,32,US,North Myrtle Beach,KCRE,CRE,SC,America/New_York,true,false
19550,KCRG,medium_airport,Jacksonville Executive at Craig Airport,30.3362998962,-81.5143966675,41,US,Jacksonville,KCRG,CRG,FL,America/New_York,true,false
3466,KCRP,medium_airport,Corpus Christi International Airport,27.770399,-97.501198,44,US,Corpus Christi,KCRP,CRP,TX,America/Chicago,true,true
19552,KCRQ,medium_airport,McClellan-Palomar Airport,33.1283,-117.279999,331,US,Carlsbad,KCRQ,CRQ,CA,America/Los_Angeles,true,true
3467,KCRW,medium_airport,Yeager Airport,38.3731,-81.593201,981,US,Charleston,KCRW,CRW,WV,America/New_York,true,true
3468,KCSG,medium_airport,Columbus Airport,32.516415,-84.939602,397,US,Columbus,KCSG,CSG,GA,America/New_York,true,true
3469,KCSV,medium_airport,Crossville Memorial Airport Whitson Field,35.95131,-85.08499,1881,US,Crossville,KCSV,CSV,TN,America/Chicago,true,false
3470,KCTB,medium_airport,Cut Bank International Airport,48.608657,-112.378183,3854,US,Cut Bank,KCTB,CTB,MT,America/Denver,true,false
19564,KCUB,medium_airport,Jim Hamilton L.B. Owens Airport,33.970500946,-80.9952011108,193,US,Columbia,KCUB,CUB,SC,America/New_York,true,false
19569,KCVN,medium_airport,Clovis Municipal Airport,34.426594,-103.078794,4216,US,Clovis,KCVN,CVN,NM,America/Denver,true,true
3472,KCVO,medium_airport,Corvallis Municipal Airport,44.49720001,-123.2900009,250,US,Corvallis,KCVO,CVO,OR,America/Los_Angeles,true,false
3473,KCVS,medium_airport,Cannon Air Force Base,34.382801,-103.321999,4295,US,Clovis,KCVS,CVS,NM,America/Denver,true,false
19571,KCWA,medium_airport,Central Wisconsin Airport,44.777448,-89.670238,1277,US,Mosinee,KCWA,CWA,WI,America/Chicago,true,true
3475,KCXO,medium_airport,Conroe-North Houston Regional Airport,30.351801,-95.414497,245,US,Houston,KCXO,CXO,TX,America/Chicago,true,false
19577,KCXP,medium_airport,Carson Airport,39.194331,-119.734312,4697,US,Carson City,KCXP,CXP,NV,America/Los_Angeles,true,false
3476,KCYS,medium_airport,Cheyenne Regional Jerry Olson Field,41.155701,-104.811997,6159,US,Cheyenne,KCYS,CYS,WY,America/Denver,true,true
3477,KDAA,medium_airport,Davison Army Air Field,38.7150001526,-77.1809997559,73,US,Fort Belvoir,KDAA,DAA,VA,America/New_York,true,false
3478,KDAB,medium_airport,Daytona Beach International Airport,29.18255,-81.059464,34,US,Daytona Beach,KDAB,DAB,FL,America/New_York,true,true
19615,KDAG,medium_airport,Barstow Daggett Airport,34.85369873,-116.7870026,1930,US,Daggett,KDAG,DAG,CA,America/Los_Angeles,true,false
3480,KDAN,medium_airport,Danville Regional Airport,36.572899,-79.336098,571,US,Danville,KDAN,DAN,VA,America/New_York,true,false
3481,KDAY,medium_airport,James M. Cox Dayton International Airport,39.902401,-84.219398,1009,US,Dayton,KDAY,DAY,OH,America/New_York,true,true
3482,KDBQ,medium_airport,Dubuque Regional Airport,42.402,-90.709503,1077,US,Dubuque,KDBQ,DBQ,IA,America/Chicago,true,true
3484,KDDC,medium_airport,Dodge City Regional Airport,37.7634010314941,-99.9655990600586,2594,US,Dodge City,KDDC,DDC,KS,America/Chicago,true,true
3485,KDEC,medium_airport,Decatur Airport,39.8345985412597,-88.8656997680664,682,US,Decatur,KDEC,DEC,IL,America/Chicago,true,true
3487,KDET,medium_airport,Coleman A. Young Municipal Airport,42.40919876,-83.00990295,626,US,Detroit,,DET,MI,America/Detroit,true,false
3489,KDHN,medium_airport,Dothan Regional Airport,31.3213005065917,-85.4496002197265,401,US,Dothan,KDHN,DHN,AL,America/Chicago,true,true
19628,KDHT,medium_airport,Dalhart Municipal Airport,36.0225982666,-102.54699707,3991,US,Dalhart,KDHT,DHT,TX,America/Chicago,true,false
19630,KDIK,medium_airport,Dickinson Theodore Roosevelt Regional Airport,46.797533,-102.801905,2592,US,Dickinson,KDIK,DIK,ND,America/Denver,true,true
3490,KDLF,medium_airport,Laughlin Air Force Base,29.359501,-100.778002,1082,US,Del Rio,KDLF,DLF,TX,America/Chicago,true,false
3491,KDLH,medium_airport,Duluth International Airport,46.841873,-92.198746,1428,US,Duluth,KDLH,DLH,MN,America/Chicago,true,true
19640,KDLS,medium_airport,Columbia Gorge Regional Airport,45.620979,-121.170777,247,US,Dallesport / The Dalles,KDLS,DLS,OR,America/Los_Angeles,true,false
3492,KDMA,medium_airport,Davis Monthan Air Force Base,32.1665000916,-110.883003235,2704,US,Tucson,KDMA,DMA,AZ,America/Phoenix,true,false
3493,KDMN,medium_airport,Deming Municipal Airport,32.262298584,-107.721000671,4314,US,Deming,KDMN,DMN,NM,America/Denver,true,false
19644,KDNL,medium_airport,Daniel Field,33.4664993286,-82.0393981934,423,US,Augusta,KDNL,DNL,GA,America/New_York,true,false
3494,KDOV,medium_airport,Dover Civil Air Terminal/Dover Air Force Base,39.129501,-75.466003,24,US,Dover,KDOV,DOV,DE,America/New_York,true,true
19648,KDPA,medium_airport,Dupage Airport,41.90779877,-88.24859619,759,US,Chicago/West Chicago,KDPA,DPA,IL,America/Chicago,true,false
19652,KDRA,medium_airport,Desert Rock Airport,36.6194,-116.032997,3314,US,Mercury,KDRA,NV65,NV,America/Los_Angeles,true,false
3495,KDRI,medium_airport,Beauregard Regional Airport,30.831699,-93.339897,202,US,DeRidder,KDRI,DRI,LA,America/Chicago,true,false
19654,KDRO,medium_airport,Durango La Plata County Airport,37.151501,-107.753998,6685,US,Durango,KDRO,DRO,CO,America/Denver,true,true
19655,KDRT,medium_airport,Del Rio International Airport,29.3742008209,-100.927001953,1002,US,Del Rio,KDRT,DRT,TX,America/Chicago,true,false
19661,KDTS,medium_airport,Destin Executive Airport,30.400101,-86.471497,23,US,Destin,KDTS,DTS,FL,America/Chicago,true,true
19662,KDUA,medium_airport,Durant Regional Airport - Eaker Field,33.939675,-96.395072,699,US,Durant,KDUA,DUA,OK,America/Chicago,true,false
19664,KDUG,medium_airport,Bisbee Douglas International Airport,31.464139,-109.60456,4154,US,Douglas Bisbee,KDUG,DUG,AZ,America/Phoenix,true,false
3498,KDUJ,medium_airport,DuBois Regional Airport,41.17829895,-78.8986969,1817,US,Dubois,KDUJ,DUJ,PA,America/New_York,true,true
19668,KDVL,medium_airport,Devils Lake Regional Airport,48.115454,-98.908796,1456,US,Devils Lake,KDVL,DVL,ND,America/Chicago,true,true
19676,KDXR,medium_airport,Danbury Municipal Airport,41.371656,-73.482227,458,US,Danbury,KDXR,DXR,CT,America/New_York,true,false
3499,KDYS,medium_airport,Dyess Air Force Base,32.420799,-99.854599,1789,US,Abilene,KDYS,DYS,TX,America/Chicago,true,false
19716,KEAR,medium_airport,Kearney Regional Airport,40.727001,-99.006798,2131,US,Kearney,KEAR,EAR,NE,America/Chicago,true,true
19717,KEAT,medium_airport,Pangborn Memorial Airport,47.398899,-120.207001,1249,US,Wenatchee,KEAT,EAT,WA,America/Los_Angeles,true,true
3501,KEAU,medium_airport,Chippewa Valley Regional Airport,44.8657989501953,-91.4842987060546,913,US,Eau Claire,KEAU,EAU,WI,America/Chicago,true,true
3502,KECG,medium_airport,Elizabeth City Regional Airport & Coast Guard Air Station,36.260601,-76.174599,11,US,Elizabeth City,KECG,ECG,NC,America/New_York,true,false
46530,KECP,medium_airport,Northwest Florida Beaches International Airport,30.357106,-85.795414,69,US,Panama City Beach,KECP,ECP,FL,America/Chicago,true,true
45955,KEDC,medium_airport,Austin Executive Airport,30.398049,-97.566909,620,US,Pflugerville,KEDC,EDC,TX,America/Chicago,true,true
3503,KEDW,medium_airport,Edwards Air Force Base,34.910781,-117.886391,2312,US,Edwards,KEDW,EDW,CA,America/Los_Angeles,true,false
19727,KEED,medium_airport,Needles Airport,34.7663002014,-114.623001099,983,US,Needles,KEED,EED,CA,America/Los_Angeles,true,false
3504,KEEN,medium_airport,Dillant Hopkins Airport,42.898399,-72.270798,488,US,Keene,KEEN,EEN,NH,America/New_York,true,false
19729,KEET,medium_airport,Shelby County Airport,33.17699814,-86.78279877,586,US,Alabaster,,EET,AL,America/Chicago,true,false
19731,KEFD,medium_airport,Ellington Airport,29.6072998047,-95.1587982178,32,US,Houston,KEFD,EFD,TX,America/Chicago,true,false
3505,KEGE,medium_airport,Eagle County Regional Airport,39.64260101,-106.9179993,6548,US,Eagle,KEGE,EGE,CO,America/Denver,true,true
19735,KEGI,medium_airport,Duke Field,30.65040016,-86.52290344,191,US,Crestview,KEGI,EGI,FL,America/Chicago,true,false
3507,KEKN,medium_airport,Elkins-Randolph County Regional Airport,38.889759,-79.857651,1987,US,Elkins,KEKN,EKN,WV,America/New_York,true,false
3508,KEKO,medium_airport,Elko Regional Airport,40.8249015808105,-115.791999816894,5140,US,Elko,KEKO,EKO,NV,America/Los_Angeles,true,true
3509,KELD,medium_airport,South Arkansas Regional Airport at Goodwin Field,33.221001,-92.813301,277,US,El Dorado,KELD,ELD,AR,America/Chicago,true,true
3510,KELM,medium_airport,Elmira Corning Regional Airport,42.1599006652832,-76.8916015625,954,US,Elmira/Corning,KELM,ELM,NY,America/New_York,true,true
3511,KELO,medium_airport,Ely Municipal Airport,47.82450104,-91.83070374,1456,US,Ely,KELO,ELO,MN,America/Chicago,true,false
19753,KELY,medium_airport,Ely Airport Yelland Field,39.29970169,-114.8420029,6259,US,Ely,KELY,ELY,NV,America/Los_Angeles,true,false
3513,KEND,medium_airport,Vance Air Force Base,36.339199,-97.916496,1307,US,Enid,KEND,END,OK,America/Chicago,true,false
19760,KENV,medium_airport,Wendover Airport,40.7187004089,-114.03099823,4237,US,Wendover,KENV,ENV,UT,America/Denver,true,false
3514,KENW,medium_airport,Kenosha Regional Airport,42.59569931,-87.92780304,742,US,Kenosha,KENW,ENW,WI,America/Chicago,true,false
3515,KERI,medium_airport,Erie International Tom Ridge Field,42.083127,-80.173867,732,US,Erie,KERI,ERI,PA,America/New_York,true,true
19770,KESC,medium_airport,Delta County Airport,45.723199,-87.088623,609,US,Escanaba,KESC,ESC,MI,America/Detroit,true,true
3516,KESF,medium_airport,Esler Army Airfield / Esler Regional Airport,31.394266,-92.294082,112,US,Alexandria,KESF,ESF,LA,America/Chicago,true,false
3517,KEUG,medium_airport,Eugene Airport,44.124599,-123.211998,374,US,Eugene,KEUG,EUG,OR,America/Los_Angeles,true,true
3518,KEVV,medium_airport,Evansville Regional Airport,38.0369987488,-87.5324020386,418,US,Evansville,KEVV,EVV,IN,America/Chicago,true,true
19782,KEVW,medium_airport,Evanston-Uinta County Airport-Burns Field,41.27479935,-111.0350037,7143,US,Evanston,KEVW,EVW,WY,America/Denver,true,false
3519,KEWB,medium_airport,New Bedford Regional Airport,41.6761016845703,-70.9569015502929,80,US,New Bedford,KEWB,EWB,MA,America/New_York,true,true
3520,KEWN,medium_airport,Coastal Carolina Regional Airport,35.0730018616,-77.0429000853999,18,US,New Bern,KEWN,EWN,NC,America/New_York,true,true
3522,KEYW,medium_airport,Key West International Airport,24.556119,-81.759579,3,US,Key West,KEYW,EYW,FL,America/New_York,true,true
3523,KFAR,medium_airport,Hector International Airport,46.9207,-96.815804,902,US,Fargo,KFAR,FAR,ND,America/Chicago,true,true
3525,KFAY,medium_airport,Fayetteville Regional Airport - Grannis Field,34.991199,-78.880302,189,US,Fayetteville,KFAY,FAY,NC,America/New_York,true,true
3526,KFBG,medium_airport,Simmons Army Air Field,35.13180161,-78.93669891,244,US,Fort Bragg,KFBG,FBG,NC,America/New_York,true,false
19851,KFCS,medium_airport,Butts AAF (Fort Carson) Air Field,38.67839813,-104.7570038,5838,US,Fort Carson,KFCS,FCS,CO,America/Denver,true,false
19857,KFDY,medium_airport,Findlay Airport,41.0135002136,-83.6687011719,813,US,Findlay,KFDY,FDY,OH,America/New_York,true,false
3528,KFFO,medium_airport,Wright-Patterson Air Force Base,39.826099,-84.048302,823,US,Dayton,KFFO,FFO,OH,America/New_York,true,false
3529,KFHU,medium_airport,Sierra Vista Municipal Airport / Libby Army Air Field,31.587383,-110.348225,4719,US,Fort Huachuca / Sierra Vista,KFHU,FHU,AZ,America/Phoenix,true,false
19872,KFKL,medium_airport,Venango Regional Airport,41.3778991699,-79.8603973389,1540,US,Franklin,KFKL,FKL,PA,America/New_York,true,false
3530,KFLG,medium_airport,Flagstaff Pulliam Airport,35.139757,-111.669826,7014,US,Flagstaff,KFLG,FLG,AZ,America/Phoenix,true,true
3532,KFLO,medium_airport,Florence Regional Airport,34.1853981018066,-79.7238998413086,146,US,Florence,KFLO,FLO,SC,America/New_York,true,true
19881,KFMN,medium_airport,Four Corners Regional Airport,36.741199,-108.230003,5506,US,Farmington,KFMN,FMN,NM,America/Denver,true,false
19882,KFMY,medium_airport,Page Field,26.58659935,-81.8632965087999,17,US,Fort Myers,KFMY,FMY,FL,America/New_York,true,false
19885,KFNL,medium_airport,Northern Colorado Regional Airport,40.44969,-105.011272,5016,US,Loveland,KFNL,FNL,CO,America/Denver,true,false
3535,KFNT,medium_airport,Bishop International Airport,42.969294,-83.743355,782,US,Flint,KFNT,FNT,MI,America/Detroit,true,true
3536,KFOD,medium_airport,Fort Dodge Regional Airport,42.552624,-94.191237,1156,US,Fort Dodge,KFOD,FOD,IA,America/Chicago,true,true
3537,KFOE,medium_airport,Topeka Regional Airport,38.950901,-95.663597,1078,US,Topeka,KFOE,FOE,KS,America/Chicago,true,false
3538,KFPR,medium_airport,Treasure Coast International Airport,27.4951,-80.368301,24,US,Fort Pierce,KFPR,FPR,FL,America/New_York,true,false
3539,KFRG,medium_airport,Republic Airport,40.728576,-73.414267,82,US,East Farmingdale,KFRG,FRG,NY,America/New_York,true,false
3540,KFRI,medium_airport,Marshall Army Air Field,39.053021,-96.764202,1065,US,Fort Riley (Junction City),KFRI,FRI,KS,America/Chicago,true,false
3541,KFSD,medium_airport,Sioux Falls Regional Airport,43.585463,-96.741152,1429,US,Sioux Falls,KFSD,FSD,SD,America/Chicago,true,true
3542,KFSI,medium_airport,Henry Post Army Air Field,34.649799,-98.402199,1189,US,Fort Sill,KFSI,FSI,OK,America/Chicago,true,false
3543,KFSM,medium_airport,Fort Smith Regional Airport,35.336601,-94.367401,469,US,Fort Smith,KFSM,FSM,AR,America/Chicago,true,true
19900,KFST,medium_airport,Fort Stockton Pecos County Airport,30.9157009125,-102.916000366,3011,US,Fort Stockton,KFST,FST,TX,America/Chicago,true,false
3544,KFTK,medium_airport,Godman Army Air Field,37.9071006775,-85.9720993042,756,US,Fort Knox,KFTK,FTK,KY,America/New_York,true,false
3545,KFTW,medium_airport,Fort Worth Meacham International Airport,32.819919,-97.360818,710,US,Fort Worth,KFTW,FTW,TX,America/Chicago,true,true
3546,KFTY,medium_airport,Fulton County Airport Brown Field,33.7790985107,-84.5214004517,841,US,Atlanta,KFTY,FTY,GA,America/New_York,true,false
3547,KFWA,medium_airport,Fort Wayne International Airport,40.978896,-85.194465,814,US,Fort Wayne,KFWA,FWA,IN,America/Indiana/Indianapolis,true,true
19912,KFXE,medium_airport,Fort Lauderdale Executive Airport,26.1972999573,-80.1707000732,13,US,Fort Lauderdale,KFXE,FXE,FL,America/New_York,true,false
3548,KFYV,medium_airport,Drake Field,36.0051002502441,-94.1700973510742,1251,US,Fayetteville,KFYV,FYV,AR,America/Chicago,true,false
19929,KGCC,medium_airport,Northeast Wyoming Regional Airport,44.3489,-105.539001,4365,US,Gillette,KGCC,GCC,WY,America/Denver,true,true
3550,KGCK,medium_airport,Garden City Regional Airport,37.9275016785,-100.723999023,2891,US,Garden City,KGCK,GCK,KS,America/Chicago,true,true
3551,KGCN,medium_airport,Grand Canyon National Park Airport,35.9524,-112.147003,6609,US,Grand Canyon - Tusayan,KGCN,GCN,AZ,America/Phoenix,true,true
19936,KGDV,medium_airport,Dawson Community Airport,47.137658,-104.80691,2458,US,Glendive,KGDV,GDV,MT,America/Denver,true,true
3553,KGFK,medium_airport,Grand Forks International Airport,47.949299,-97.176102,845,US,Grand Forks,KGFK,GFK,ND,America/Chicago,true,true
3554,KGFL,medium_airport,Floyd Bennett Memorial Airport,43.3412017822,-73.6102981567,328,US,Glens Falls,KGFL,GFL,NY,America/New_York,true,false
3555,KGGG,medium_airport,East Texas Regional Airport,32.3839988708496,-94.7115020751953,365,US,Longview,KGGG,GGG,TX,America/Chicago,true,true
3556,KGGW,medium_airport,Glasgow Valley County Airport Wokal Field,48.212502,-106.614998,2296,US,Glasgow,KGGW,GGW,MT,America/Denver,true,true
3557,KGJT,medium_airport,Grand Junction Regional Airport,39.126663,-108.529387,4858,US,Grand Junction,KGJT,GJT,CO,America/Denver,true,true
19956,KGLD,medium_airport,Goodland Municipal Airport,39.370701,-101.699753,3656,US,Goodland,KGLD,GLD,KS,America/Denver,true,false
19958,KGLH,medium_airport,Mid Delta Regional Airport,33.482899,-90.985603,131,US,Greenville,KGLH,GLH,MS,America/Chicago,true,true
3558,KGLS,medium_airport,Scholes International At Galveston Airport,29.265301,-94.860397,6,US,Galveston,KGLS,GLS,TX,America/Chicago,true,false
19963,KGMU,medium_airport,Greenville Downtown Airport,34.847903,-82.350217,1048,US,Greenville,KGMU,GMU,SC,America/New_York,true,false
3559,KGNV,medium_airport,Gainesville Regional Airport,29.6900997162,-82.2717971802,152,US,Gainesville,KGNV,GNV,FL,America/New_York,true,true
3560,KGON,medium_airport,Groton New London Airport,41.330101,-72.045097,9,US,Groton,KGON,GON,CT,America/New_York,true,false
3527,KGPI,medium_airport,Glacier Park International Airport,48.310501,-114.255997,2977,US,Kalispell,KGPI,GPI,MT,America/Denver,true,true
3561,KGPT,medium_airport,Gulfport Biloxi International Airport,30.405582,-89.069836,28,US,Gulfport,KGPT,GPT,MS,America/Chicago,true,true
3562,KGRB,medium_airport,Austin Straubel International Airport,44.483459,-88.130805,695,US,Green Bay,KGRB,GRB,WI,America/Chicago,true,true
3563,KGRF,medium_airport,Gray Army Air Field,47.07920074,-122.5810013,300,US,Fort Lewis/Tacoma,KGRF,GRF,WA,America/Los_Angeles,true,false
3564,KGRI,medium_airport,Central Nebraska Regional Airport,40.9674987792968,-98.3096008300781,1847,US,Grand Island,KGRI,GRI,NE,America/Chicago,true,true
3565,KGRK,medium_airport,Killeen Regional Airport / Robert Gray Army Airfield,31.0672,-97.828903,1015,US,Fort Cavazos,KGRK,GRK,TX,America/Chicago,true,true
3567,KGSB,medium_airport,Seymour Johnson Air Force Base,35.339401,-77.960602,109,US,Goldsboro,KGSB,GSB,NC,America/New_York,true,false
3569,KGSP,medium_airport,Greenville-Spartanburg International Airport,34.895699,-82.218903,964,US,Greenville/Greer/Spartanburg,KGSP,GSP,SC,America/New_York,true,true
3570,KGTB,medium_airport,Wheeler Sack Army Air Field,44.055599,-75.719498,688,US,Fort Drum,KGTB,GTB,NY,America/New_York,true,false
3571,KGTF,medium_airport,Great Falls International Airport,47.481998,-111.371002,3680,US,Great Falls,KGTF,GTF,MT,America/Denver,true,true
19982,KGTR,medium_airport,Golden Triangle Regional Airport,33.450298,-88.5914,264,US,Columbus/W Point/Starkville,KGTR,GTR,MS,America/Chicago,true,true
19984,KGUC,medium_airport,Gunnison Crested Butte Regional Airport,38.534672,-106.934566,7680,US,Gunnison,KGUC,GUC,CO,America/Denver,true,true
3572,KGUP,medium_airport,Gallup Municipal Airport,35.511653,-108.788166,6472,US,Gallup,KGUP,GUP,NM,America/Denver,true,true
3573,KGUS,medium_airport,Grissom Air Reserve Base,40.648102,-86.1521,812,US,Peru,KGUS,GUS,IN,America/Indiana/Indianapolis,true,false
19985,KGUY,medium_airport,Guymon Municipal Airport,36.6851005554,-101.508003235,3123,US,Guymon,KGUY,GUY,OK,America/Chicago,true,false
3574,KGWO,medium_airport,Greenwood‚ÄìLeflore Airport,33.495025,-90.088204,162,US,Greenwood,KGWO,GWO,MS,America/Chicago,true,false
19997,KGYI,medium_airport,North Texas Regional Airport Perrin Field,33.7141,-96.673698,749,US,Denison,KGYI,GYI,TX,America/Chicago,true,false
3575,KGYY,medium_airport,Gary/Chicago International Airport,41.617087,-87.413206,591,US,Gary,KGYY,GYY,IN,America/Chicago,true,true
20027,KHBG,medium_airport,Hattiesburg Bobby L Chain Municipal Airport,31.26479912,-89.25279999,151,US,Hattiesburg,KHBG,HBG,MS,America/Chicago,true,false
20029,KHBR,medium_airport,Hobart Regional Airport,34.991317,-99.051313,1563,US,Hobart,KHBR,HBR,OK,America/Chicago,true,false
20038,KHDN,medium_airport,Yampa Valley Airport,40.481201,-107.218002,6606,US,Hayden,KHDN,HDN,CO,America/Denver,true,true
20041,KHEF,medium_airport,Washington Manassas Harry P. Davis Field,38.723021,-77.515422,192,US,Manassas,KHEF,HEF,VA,America/New_York,true,false
3576,KHFD,medium_airport,Hartford Brainard Airport,41.736698150635,-72.649398803711,18,US,Hartford,KHFD,HFD,CT,America/New_York,true,false
3577,KHGR,medium_airport,Hagerstown Regional Richard A Henson Field,39.708771,-77.728014,703,US,Hagerstown,KHGR,HGR,MD,America/New_York,true,true
3578,KHHR,medium_airport,Jack Northrop Field Hawthorne Municipal Airport,33.922798,-118.334999,66,US,Hawthorne,KHHR,HHR,CA,America/Los_Angeles,true,true
3579,KHIB,medium_airport,Range Regional Airport,47.384831,-92.836905,1354,US,Hibbing,KHIB,HIB,MN,America/Chicago,true,true
3580,KHIF,medium_airport,Hill Air Force Base,41.12403,-111.973086,4789,US,Ogden,KHIF,HIF,UT,America/Denver,true,false
20053,KHII,medium_airport,Lake Havasu City Airport,34.570506,-114.357745,783,US,Lake Havasu City,KHII,HII,AZ,America/Phoenix,true,true
20054,KHIO,medium_airport,Portland Hillsboro Airport,45.540401,-122.949997,208,US,Portland,KHIO,HIO,OR,America/Los_Angeles,true,false
3581,KHKY,medium_airport,Hickory Regional Airport,35.74110031,-81.38950348,1190,US,Hickory,KHKY,HKY,NC,America/New_York,true,false
20061,KHLG,medium_airport,Wheeling Ohio County Airport,40.1749992371,-80.6463012695,1195,US,Wheeling,KHLG,HLG,WV,America/New_York,true,false
3582,KHLN,medium_airport,Helena Regional Airport,46.6068,-111.983002,3877,US,Helena,KHLN,HLN,MT,America/Denver,true,true
3584,KHMN,medium_airport,Holloman Air Force Base,32.852501,-106.107002,4093,US,Alamogordo,KHMN,HMN,NM,America/Denver,true,false
20071,KHOB,medium_airport,Lea County Regional Airport,32.6875,-103.217003,3661,US,Hobbs,KHOB,HOB,NM,America/Denver,true,true
3585,KHON,medium_airport,Huron Regional Airport,44.385201,-98.2285,1289,US,Huron,KHON,HON,SD,America/Chicago,true,false
3586,KHOP,medium_airport,Campbell Army Airfield (Fort Campbell),36.674154,-87.48974,573,US,Fort Campbell,KHOP,HOP,KY,America/Chicago,true,false
3587,KHOT,medium_airport,Memorial Field Airport,34.4788,-93.096262,540,US,Hot Springs,KHOT,HOT,AR,America/Chicago,true,true
3589,KHPN,medium_airport,Westchester County Airport,41.0670013427734,-73.7076034545898,439,US,White Plains,KHPN,HPN,NY,America/New_York,true,true
3590,KHQM,medium_airport,Bowerman Airport,46.9711990355999,-123.93699646,18,US,Hoquiam,KHQM,HQM,WA,America/Los_Angeles,true,false
3591,KHRL,medium_airport,Valley International Airport,26.2285003662109,-97.6544036865234,36,US,Harlingen,KHRL,HRL,TX,America/Chicago,true,true
3592,KHRO,medium_airport,Boone County Airport,36.2615013122558,-93.1547012329101,1365,US,Harrison,KHRO,HRO,AR,America/Chicago,true,true
20081,KHRT,medium_airport,Hurlburt Field,30.427799,-86.689301,38,US,Mary Esther,,HRT,FL,America/Chicago,true,false
3593,KHST,medium_airport,Homestead Air Reserve Base,25.4886,-80.383598,5,US,Homestead,KHST,HST,FL,America/New_York,true,false
3594,KHSV,medium_airport,Huntsville International Airport,34.636244,-86.774378,629,US,Huntsville,KHSV,HSV,AL,America/Chicago,true,true
3595,KHTS,medium_airport,Tri-State Airport / Milton J. Ferguson Field,38.366699,-82.557999,828,US,Huntington,KHTS,HTS,WV,America/New_York,true,true
3596,KHUA,medium_airport,Redstone Army Air Field,34.67869949,-86.68479919,684,US,Redstone Arsnl Huntsville,KHUA,HUA,AL,America/Chicago,true,false
3597,KHUF,medium_airport,"Terre Haute Regional Airport, Hulman Field",39.4515,-87.307602,589,US,Terre Haute,,HUF,IN,America/Indiana/Indianapolis,true,false
20095,KHUL,medium_airport,Houlton International Airport,46.1231002808,-67.792098999,489,US,Houlton,KHUL,HUL,ME,America/New_York,true,false
3598,KHUT,medium_airport,Hutchinson Municipal Airport,38.0654983521,-97.8606033325,1543,US,Hutchinson,KHUT,HUT,KS,America/Chicago,true,false
3599,KHVN,medium_airport,Tweed New Haven Airport,41.262869,-72.887694,12,US,New Haven,KHVN,HVN,CT,America/New_York,true,true
20099,KHVR,medium_airport,Havre City County Airport,48.541387,-109.762859,2591,US,Havre,KHVR,HVR,MT,America/Denver,true,true
20105,KHXD,medium_airport,Hilton Head Airport,32.2244,-80.697502,19,US,Hilton Head Island,KHXD,HXD,SC,America/New_York,true,true
3600,KHYA,medium_airport,Cape Cod Gateway Airport,41.6693,-70.280403,54,US,Hyannis,KHYA,HYA,MA,America/New_York,true,true
20107,KHYI,medium_airport,San Marcos Regional Airport,29.8927,-97.862999,597,US,San Marcos,,HYI,TX,America/Chicago,true,false
20108,KHYR,medium_airport,Sawyer County Airport,46.0251998901,-91.4442977905,1216,US,Hayward,KHYR,HYR,WI,America/Chicago,true,false
20109,KHYS,medium_airport,Hays Regional Airport,38.844521,-99.273148,1999,US,Hays,KHYS,HYS,KS,America/Chicago,true,true
20117,KHZY,medium_airport,Northeast Ohio Regional Airport,41.778,-80.695503,924,US,Ashtabula,KHZY,HZY,OH,America/New_York,true,false
20129,KI39,medium_airport,Central Kentucky Regional Airport,37.630798,-84.332298,1002,US,Richmond,,RGA,KY,America/New_York,true,false
3601,KIAB,medium_airport,McConnell Air Force Base,37.621899,-97.268204,1371,US,Wichita,KIAB,IAB,KS,America/Chicago,true,false
3603,KIAG,medium_airport,Niagara Falls International Airport,43.1073,-78.946198,589,US,Niagara Falls,KIAG,IAG,NY,America/New_York,true,true
3605,KICT,medium_airport,Wichita Dwight D. Eisenhower National Airport,37.650314,-97.428583,1333,US,Wichita,KICT,ICT,KS,America/Chicago,true,true
3606,KIDA,medium_airport,Idaho Falls Regional Airport,43.514599,-112.070999,4744,US,Idaho Falls,KIDA,IDA,ID,America/Boise,true,true
20160,KIFP,medium_airport,Laughlin Bullhead International Airport,35.154726,-114.559322,701,US,Bullhead City,KIFP,IFP,AZ,America/Phoenix,true,false
20161,KIGM,medium_airport,Kingman Airport,35.259499,-113.938004,3449,US,Kingman,KIGM,IGM,AZ,America/Phoenix,true,false
3607,KIKK,medium_airport,Greater Kankakee Airport,41.0713996886999,-87.8462982178,630,US,Kankakee,KIKK,IKK,IL,America/Chicago,true,false
3608,KILG,medium_airport,Wilmington Airport,39.678699,-75.606499,80,US,Wilmington,KILG,ILG,DE,America/New_York,true,true
3609,KILM,medium_airport,Wilmington International Airport,34.272345,-77.905117,32,US,Wilmington,KILM,ILM,NC,America/New_York,true,true
20173,KILN,medium_airport,Wilmington Airpark,39.427898407,-83.792098999,1077,US,Wilmington,KILN,ILN,OH,America/New_York,true,false
20177,KIMT,medium_airport,Ford Airport,45.81911,-88.114557,1182,US,Kingsford,KIMT,IMT,MI,America/Menominee,true,true
3611,KINK,medium_airport,Winkler County Airport,31.7796,-103.200996,2822,US,Wink,KINK,INK,TX,America/Chicago,true,false
3612,KINL,medium_airport,Falls International Airport,48.5662002563476,-93.4030990600586,1185,US,International Falls,KINL,INL,MN,America/Chicago,true,true
3613,KINT,medium_airport,Smith Reynolds Airport,36.1337013244628,-80.2220001220703,969,US,Winston Salem,KINT,INT,NC,America/New_York,true,false
20180,KINW,medium_airport,Winslow Lindbergh Regional Airport,35.021900177,-110.722999573,4941,US,Winslow,KINW,INW,AZ,America/Phoenix,true,false
20184,KIPL,medium_airport,Imperial County Airport,32.83539,-115.574026,-54,US,Imperial,KIPL,IPL,CA,America/Los_Angeles,true,true
3614,KIPT,medium_airport,Williamsport Regional Airport,41.242126,-76.92245,529,US,Williamsport,KIPT,IPT,PA,America/New_York,true,true
3615,KIRK,medium_airport,Kirksville Regional Airport,40.0934982299804,-92.5448989868164,966,US,Kirksville,KIRK,IRK,MO,America/Chicago,true,true
20187,KISM,medium_airport,Kissimmee Gateway Airport,28.2898006439,-81.4371032715,82,US,Orlando,KISM,ISM,FL,America/New_York,true,false
20189,KISO,medium_airport,Kinston Regional Jetport At Stallings Field,35.331401825,-77.6088027954,93,US,Kinston,KISO,ISO,NC,America/New_York,true,false
3616,KISP,medium_airport,Long Island MacArthur Airport,40.796324,-73.101703,99,US,Islip,KISP,ISP,NY,America/New_York,true,true
20193,KITH,medium_airport,Ithaca Tompkins Regional Airport,42.4910011291503,-76.4583969116211,1099,US,Ithaca,KITH,ITH,NY,America/New_York,true,true
3617,KIWA,medium_airport,Mesa Gateway Airport,33.3078,-111.654999,1382,US,Mesa,KIWA,IWA,AZ,America/Phoenix,true,true
3618,KJAC,medium_airport,Jackson Hole Airport,43.6073,-110.737999,6451,US,Jackson,KJAC,JAC,WY,America/Denver,true,true
3619,KJAN,medium_airport,Jackson-Medgar Wiley Evers International Airport,32.311199,-90.075897,346,US,Jackson,KJAN,JAN,MS,America/Chicago,true,true
3621,KJBR,medium_airport,Jonesboro Municipal Airport,35.8316993713378,-90.6464004516601,262,US,Jonesboro,KJBR,JBR,AR,America/Chicago,true,true
20205,KJCT,medium_airport,Kimble County Airport,30.5112991333,-99.7634963989,1749,US,Junction,KJCT,JCT,TX,America/Chicago,true,false
20213,KJHW,medium_airport,Chautauqua County-Jamestown Airport,42.15425,-79.254008,1723,US,Jamestown,KJHW,JHW,NY,America/New_York,true,false
20216,KJKL,medium_airport,Julian Carroll Airport,37.5938987731933,-83.3172988891601,1381,US,Jackson,,JKL,KY,America/New_York,true,false
3623,KJLN,medium_airport,Joplin Regional Airport,37.151798,-94.498299,981,US,Joplin,KJLN,JLN,MO,America/Chicago,true,true
3624,KJMS,medium_airport,Jamestown Regional Airport,46.92969894,-98.67819977,1500,US,Jamestown,KJMS,JMS,ND,America/Chicago,true,true
20218,KJNX,medium_airport,Johnston Regional Airport,35.540901,-78.390297,164,US,Smithfield,,JNX,NC,America/New_York,true,false
20220,KJQF,medium_airport,Concord-Padgett Regional Airport,35.387798,-80.709099,705,US,Concord,KJQF,JQF,NC,America/New_York,true,true
3625,KJST,medium_airport,John Murtha Johnstown Cambria County Airport,40.3161010742187,-78.8339004516601,2284,US,Johnstown,KJST,JST,PA,America/New_York,true,true
20227,KJWY,medium_airport,Mid-Way Regional Airport,32.4587,-96.912399,713,US,Midlothian/Waxahachie,,JWY,TX,America/Chicago,true,false
3626,KJXN,medium_airport,Jackson County Airport/Reynolds Field,42.260509,-84.463019,1001,US,Jackson,KJXN,JXN,MI,America/Detroit,true,false
20277,KKLS,medium_airport,Southwest Washington Regional Airport,46.1180000304999,-122.898002625,20,US,Kelso,KKLS,KLS,WA,America/Los_Angeles,true,false
20300,KL45,medium_airport,Bakersfield International Airport,35.324799,-118.996002,378,US,Bakersfield,,L45,CA,America/Los_Angeles,true,false
20308,KL71,medium_airport,California City Municipal Airport,35.151377,-118.016059,2454,US,California City,,L71,CA,America/Los_Angeles,true,false
20317,KLAA,medium_airport,Southeast Colorado Regional Airport,38.066407,-102.691373,3706,US,Lamar,KLAA,LAA,CO,America/Denver,true,false
3627,KLAF,medium_airport,Purdue University Airport,40.412875,-86.939363,606,US,West Lafayette,KLAF,LAF,IN,America/Indiana/Indianapolis,true,true
3628,KLAL,medium_airport,Lakeland Linder International Airport,27.989267,-82.020715,142,US,Lakeland,KLAL,LAL,FL,America/New_York,true,true
3629,KLAN,medium_airport,Capital Region International Airport,42.777582,-84.585721,861,US,Lansing,KLAN,LAN,MI,America/Detroit,true,true
3630,KLAR,medium_airport,Laramie Regional Airport,41.3120994567871,-105.675003051757,7284,US,Laramie,KLAR,LAR,WY,America/Denver,true,true
20319,KLAW,medium_airport,Lawton Fort Sill Regional Airport,34.567699,-98.416603,1110,US,Lawton,KLAW,LAW,OK,America/Chicago,true,true
3633,KLBB,medium_airport,Lubbock Preston Smith International Airport,33.663601,-101.822998,3282,US,Lubbock,KLBB,LBB,TX,America/Chicago,true,true
3634,KLBE,medium_airport,Arnold Palmer Regional Airport,40.275902,-79.4048,1199,US,Latrobe,KLBE,LBE,PA,America/New_York,true,true
3635,KLBF,medium_airport,North Platte Regional Airport Lee Bird Field,41.12620163,-100.6839981,2777,US,North Platte,KLBF,LBF,NE,America/Chicago,true,true
3636,KLBL,medium_airport,Liberal Mid-America Regional Airport,37.0442009,-100.9599991,2885,US,Liberal,KLBL,LBL,KS,America/Chicago,true,true
20322,KLBT,medium_airport,Lumberton Regional Airport,34.610773,-79.05943,126,US,Lumberton,KLBT,LBT,NC,America/New_York,true,false
20323,KLBX,medium_airport,Texas Gulf Coast Regional Airport,29.108601,-95.462097,25,US,Angleton,KLBX,LBX,TX,America/Chicago,true,false
3637,KLCH,medium_airport,Lake Charles Regional Airport,30.1261005401611,-93.2232971191406,15,US,Lake Charles,KLCH,LCH,LA,America/Chicago,true,true
3638,KLCK,medium_airport,Rickenbacker International Airport,39.813801,-82.927803,744,US,Columbus,KLCK,LCK,OH,America/New_York,true,true
3639,KLEB,medium_airport,Lebanon Municipal Airport,43.6260986327999,-72.3041992188,603,US,Lebanon,KLEB,LEB,NH,America/New_York,true,true
20329,KLEE,medium_airport,Leesburg International Airport,28.82309914,-81.80870056,76,US,Leesburg,KLEE,LEE,FL,America/New_York,true,false
3640,KLEX,medium_airport,Blue Grass Airport,38.035066,-84.606738,979,US,Lexington,KLEX,LEX,KY,America/New_York,true,true
3641,KLFI,medium_airport,Langley Air Force Base,37.082901,-76.360497,11,US,Hampton,KLFI,LFI,VA,America/New_York,true,false
20332,KLFK,medium_airport,Angelina County Airport,31.2339992523,-94.75,296,US,Lufkin,KLFK,LFK,TX,America/Chicago,true,false
3642,KLFT,medium_airport,Lafayette Regional Airport,30.205299,-91.987602,42,US,Lafayette,KLFT,LFT,LA,America/Chicago,true,true
20337,KLGU,medium_airport,Logan-Cache Airport,41.7911987305,-111.851997375,4457,US,Logan,KLGU,LGU,UT,America/Denver,true,false
3645,KLIT,medium_airport,Bill & Hillary Clinton National Airport/Adams Field,34.729222,-92.223591,262,US,Little Rock,KLIT,LIT,AR,America/Chicago,true,true
20354,KLLQ,medium_airport,Monticello Municipal Ellis Field,33.638599,-91.750999,270,US,Monticello,,LLQ,AR,America/Chicago,true,false
3646,KLMT,medium_airport,Crater Lake-Klamath Regional Airport,42.156101,-121.733002,4095,US,Klamath Falls,KLMT,LMT,OR,America/Los_Angeles,true,false
20359,KLND,medium_airport,Hunt Field,42.815201,-108.730003,5586,US,Lander,KLND,LND,WY,America/Denver,true,false
3647,KLNK,medium_airport,Lincoln Airport,40.844882,-96.76178,1219,US,Lincoln,KLNK,LNK,NE,America/Chicago,true,true
3648,KLNS,medium_airport,Lancaster Airport,40.1217002868652,-76.2960968017578,403,US,Lancaster,KLNS,LNS,PA,America/New_York,true,true
20364,KLOL,medium_airport,Derby Field,40.0663986206,-118.565002441,3904,US,Lovelock,KLOL,LOL,NV,America/Los_Angeles,true,false
3649,KLOU,medium_airport,Bowman Field,38.2280006409,-85.6636962891,546,US,Louisville,KLOU,LOU,KY,America/Kentucky/Louisville,true,false
3650,KLOZ,medium_airport,London-Corbin Airport/Magee Field,37.0821990967,-84.0848999023,1212,US,London,KLOZ,LOZ,KY,America/New_York,true,false
3651,KLRD,medium_airport,Laredo International Airport,27.5438,-99.461601,508,US,Laredo,KLRD,LRD,TX,America/Chicago,true,true
3652,KLRF,medium_airport,Little Rock Air Force Base,34.9169006347999,-92.1496963501,311,US,Jacksonville,KLRF,LRF,AR,America/Chicago,true,false
3653,KLRU,medium_airport,Las Cruces International Airport,32.289398,-106.921997,4456,US,Las Cruces,KLRU,LRU,NM,America/Denver,true,true
3654,KLSE,medium_airport,La Crosse Regional Airport,43.879002,-91.256699,655,US,La Crosse,KLSE,LSE,WI,America/Chicago,true,true
3655,KLSF,medium_airport,Lawson Army Air Field,32.332546,-84.988003,232,US,Fort Benning,KLSF,LSF,GA,America/New_York,true,false
3656,KLSV,medium_airport,Nellis Air Force Base,36.2361984253,-115.033996582,1870,US,Las Vegas,KLSV,LSV,NV,America/Los_Angeles,true,false
3657,KLTS,medium_airport,Altus Air Force Base,34.667099,-99.266701,1382,US,Altus,KLTS,LTS,OK,America/Chicago,true,false
3658,KLUF,medium_airport,Luke Air Force Base,33.535,-112.383003,1085,US,Glendale,KLUF,LUF,AZ,America/Phoenix,true,false
3659,KLUK,medium_airport,Cincinnati Municipal Airport Lunken Field,39.102357,-84.418945,483,US,Cincinnati,KLUK,LUK,OH,America/New_York,true,true
20386,KLVM,medium_airport,Mission Field,45.6994018555,-110.447998047,4660,US,Livingston,KLVM,LVM,MT,America/Denver,true,false
20388,KLVS,medium_airport,Las Vegas Municipal Airport,35.654202,-105.141998,6877,US,Las Vegas,KLVS,LVS,NM,America/Denver,true,false
20390,KLWB,medium_airport,Greenbrier Valley Airport,37.857914,-80.400438,2302,US,Lewisburg,KLWB,LWB,WV,America/New_York,true,true
3660,KLWM,medium_airport,Lawrence Municipal Airport,42.7172012328999,-71.1233978271,148,US,Lawrence,KLWM,LWM,MA,America/New_York,true,false
20393,KLWS,medium_airport,Lewiston Nez Perce County Airport,46.3745002746582,-117.014999389648,1442,US,Lewiston,KLWS,LWS,ID,America/Los_Angeles,true,true
3661,KLWT,medium_airport,Lewistown Municipal Airport,47.048429,-109.466143,4170,US,Lewistown,KLWT,LWT,MT,America/Denver,true,false
3662,KLYH,medium_airport,Lynchburg Regional Airport - Preston Glenn Field,37.326698,-79.200401,938,US,Lynchburg,KLYH,LYH,VA,America/New_York,true,true
3663,KMAF,medium_airport,Midland International Air and Space Port,31.942499,-102.202003,2871,US,Midland,KMAF,MAF,TX,America/Chicago,true,true
20474,KMBG,medium_airport,Mobridge Municipal Airport,45.54650116,-100.4079971,1716,US,Mobridge,KMBG,MBG,SD,America/Chicago,true,false
3664,KMBS,medium_airport,MBS International Airport,43.533181,-84.083104,668,US,Freeland,KMBS,MBS,MI,America/Detroit,true,true
3665,KMCB,medium_airport,McComb-Pike County Airport / John E Lewis Field,31.178499,-90.471901,413,US,McComb,KMCB,MCB,MS,America/Chicago,true,false
3666,KMCC,medium_airport,McClellan Airfield,38.667599,-121.401001,77,US,Sacramento,KMCC,MCC,CA,America/Los_Angeles,true,false
20480,KMCE,medium_airport,Merced Regional Macready Field,37.284698,-120.514,155,US,Merced,KMCE,MCE,CA,America/Los_Angeles,true,true
3667,KMCF,medium_airport,MacDill Air Force Base,27.8493,-82.521202,14,US,Tampa,KMCF,MCF,FL,America/New_York,true,false
20481,KMCK,medium_airport,McCook Ben Nelson Regional Airport,40.207787,-100.592794,2583,US,McCook,KMCK,MCK,NE,America/Chicago,true,true
3669,KMCN,medium_airport,Middle Georgia Regional Airport,32.6927986145019,-83.6492004394531,354,US,Macon,KMCN,MCN,GA,America/New_York,true,true
20482,KMCW,medium_airport,Mason City Municipal Airport,43.159801,-93.329716,1213,US,Mason City,KMCW,MCW,IA,America/Chicago,true,true
3671,KMDH,medium_airport,Southern Illinois Airport,37.778099,-89.251999,411,US,Murphysboro,KMDH,MDH,IL,America/Chicago,true,false
3672,KMDT,medium_airport,Harrisburg International Airport,40.192838,-76.762333,310,US,Harrisburg,KMDT,MDT,PA,America/New_York,true,true
3674,KMEI,medium_airport,Key Field / Meridian Regional Airport,32.3326,-88.7519,297,US,Meridian,KMEI,MEI,MS,America/Chicago,true,true
3676,KMER,medium_airport,Castle Airport,37.38050079,-120.5680008,191,US,Merced,KMER,MER,CA,America/Los_Angeles,true,false
3677,KMFD,medium_airport,Mansfield Lahm Regional Airport,40.8213996886999,-82.5166015625,1297,US,Mansfield,KMFD,MFD,OH,America/New_York,true,false
3678,KMFE,medium_airport,McAllen Miller International Airport,26.176141,-98.237965,107,US,McAllen,KMFE,MFE,TX,America/Chicago,true,true
3679,KMFR,medium_airport,Rogue Valley International-Medford Airport,42.374199,-122.873001,1335,US,Medford,KMFR,MFR,OR,America/Los_Angeles,true,true
20498,KMGC,medium_airport,Michigan City Municipal Airport,41.7033,-86.821198,655,US,Michigan City,KMGC,MGC,IN,America/Chicago,true,true
3680,KMGE,medium_airport,Dobbins Air Reserve Base,33.915401,-84.516296,1068,US,Marietta,KMGE,MGE,GA,America/New_York,true,false
3681,KMGM,medium_airport,Montgomery Regional (Dannelly Field) Airport,32.300598,-86.393997,221,US,Montgomery,KMGM,MGM,AL,America/Chicago,true,true
3682,KMGW,medium_airport,Morgantown Municipal Airport Walter L. (Bill) Hart Field,39.643305,-79.917598,1248,US,Morgantown,KMGW,MGW,WV,America/New_York,true,true
3683,KMHK,medium_airport,Manhattan Regional Airport,39.140998840332,-96.6707992553711,1057,US,Manhattan,KMHK,MHK,KS,America/Chicago,true,true
20506,KMHR,medium_airport,Sacramento Mather Airport,38.554744,-121.297989,98,US,Sacramento,KMHR,MHR,CA,America/Los_Angeles,true,false
3684,KMHT,medium_airport,Manchester-Boston Regional Airport,42.932598,-71.435699,266,US,Manchester,KMHT,MHT,NH,America/New_York,true,true
20507,KMHV,medium_airport,Mojave Air &  Space Port,35.056391,-118.145342,2801,US,Mojave,KMHV,MHV,CA,America/Los_Angeles,true,false
3686,KMIB,medium_airport,Minot Air Force Base,48.4156,-101.358002,1667,US,Minot,KMIB,MIB,ND,America/Chicago,true,false
3687,KMIE,medium_airport,Delaware County Johnson Field,40.242298,-85.395897,937,US,Muncie,KMIE,MIE,IN,America/Indiana/Indianapolis,true,false
3688,KMIV,medium_airport,Millville Municipal Airport,39.367802,-75.072197,85,US,Millville,KMIV,MIV,NJ,America/New_York,true,false
3689,KMKC,medium_airport,Charles B. Wheeler Downtown Airport,39.123199,-94.592796,759,US,Kansas City,KMKC,MKC,MO,America/Chicago,true,false
3691,KMKG,medium_airport,Muskegon County Airport,43.169498,-86.238197,629,US,Muskegon,KMKG,MKG,MI,America/Detroit,true,true
3692,KMKL,medium_airport,McKellar-Sipes Regional Airport,35.599899,-88.915604,434,US,Jackson,KMKL,MKL,TN,America/Chicago,true,true
3693,KMLB,medium_airport,Melbourne Orlando International Airport,28.102009,-80.641088,33,US,Melbourne,KMLB,MLB,FL,America/New_York,true,true
3694,KMLC,medium_airport,Mc Alester Regional Airport,34.882401,-95.783501,770,US,Mc Alester,KMLC,MLC,OK,America/Chicago,true,false
3695,KMLI,medium_airport,Quad City International Airport,41.448502,-90.5075,590,US,Moline,KMLI,MLI,IL,America/Chicago,true,true
3696,KMLS,medium_airport,Miles City Airport - Frank Wiley Field,46.427268,-105.885372,2630,US,Miles City,KMLS,MLS,MT,America/Denver,true,false
3697,KMLU,medium_airport,Monroe Regional Airport,32.510899,-92.037697,79,US,Monroe,KMLU,MLU,LA,America/Chicago,true,true
20527,KMMH,medium_airport,Mammoth Yosemite Airport,37.625381,-118.84306,7135,US,Mammoth Lakes,KMMH,MMH,CA,America/Los_Angeles,true,true
20532,KMMT,medium_airport,Mc Entire Joint National Guard Base,33.92079926,-80.80130005,254,US,Eastover,KMMT,MMT,SC,America/New_York,true,false
3698,KMMU,medium_airport,Morristown Municipal Airport,40.799062,-74.414949,187,US,Morristown,KMMU,MMU,NJ,America/New_York,true,false
3699,KMMV,medium_airport,McMinnville Municipal Airport,45.194401,-123.136002,163,US,McMinnville,KMMV,MMV,OR,America/Los_Angeles,true,false
3700,KMOB,medium_airport,Mobile Regional Airport,30.6912,-88.242798,219,US,Mobile,KMOB,MOB,AL,America/Chicago,true,true
3701,KMOD,medium_airport,Modesto City Co-Harry Sham Field,37.625801,-120.954002,97,US,Modesto,KMOD,MOD,CA,America/Los_Angeles,true,false
3702,KMOT,medium_airport,Minot International Airport,48.25801,-101.279123,1716,US,Minot,KMOT,MOT,ND,America/Chicago,true,true
20551,KMPV,medium_airport,Edward F Knapp State Airport,44.20349884,-72.56230164,1166,US,Barre/Montpelier,KMPV,MPV,VT,America/New_York,true,false
3703,KMQY,medium_airport,Smyrna Airport,36.0089988708,-86.5201034546,543,US,Smyrna,KMQY,MQY,TN,America/Chicago,true,false
3704,KMRB,medium_airport,Eastern WV Regional Airport/Shepherd Field,39.40190125,-77.98459625,565,US,Martinsburg,KMRB,MRB,WV,America/New_York,true,false
3705,KMRY,medium_airport,Monterey Regional Airport,36.586777,-121.844183,257,US,Monterey,KMRY,MRY,CA,America/Los_Angeles,true,true
3706,KMSL,medium_airport,Northwest Alabama Regional Airport,34.745123,-87.612981,551,US,Muscle Shoals,KMSL,MSL,AL,America/Chicago,true,true
3707,KMSN,medium_airport,Dane County Regional Truax Field,43.1399,-89.337502,887,US,Madison,KMSN,MSN,WI,America/Chicago,true,true
3708,KMSO,medium_airport,Missoula Montana Airport,46.915816,-114.091107,3206,US,Missoula,KMSO,MSO,MT,America/Denver,true,true
3710,KMSS,medium_airport,Massena International Airport Richards Field,44.936157,-74.844304,215,US,Massena,KMSS,MSS,NY,America/New_York,true,true
3712,KMTC,medium_airport,Selfridge Air National Guard Base Airport,42.613463,-82.836919,580,US,Mount Clemens,KMTC,MTC,MI,America/Detroit,true,false
20564,KMTH,medium_airport,Florida Keys Marathon International Airport,24.726006,-81.05138,5,US,Marathon,KMTH,MTH,FL,America/New_York,true,false
20565,KMTJ,medium_airport,Montrose Regional Airport,38.5098,-107.893997,5759,US,Montrose,KMTJ,MTJ,CO,America/Denver,true,true
3713,KMTN,medium_airport,Martin State Airport,39.325699,-76.413803,21,US,Baltimore,KMTN,MTN,MD,America/New_York,true,false
3715,KMUO,medium_airport,Mountain Home Air Force Base,43.043598,-115.872002,2996,US,Mountain Home,KMUO,MUO,ID,America/Boise,true,false
20579,KMWA,medium_airport,Veterans Airport of Southern Illinois,37.751208,-89.016568,472,US,Marion,KMWA,MWA,IL,America/Chicago,true,true
20581,KMWH,medium_airport,Grant County International Airport,47.20769882,-119.3199997,1189,US,Moses Lake,KMWH,MWH,WA,America/Los_Angeles,true,false
20583,KMWL,medium_airport,Mineral Wells Regional Airport,32.781601,-98.060204,974,US,Mineral Wells,KMWL,MWL,TX,America/Chicago,true,true
3716,KMXF,medium_airport,Maxwell Air Force Base,32.3829,-86.365799,171,US,Montgomery,KMXF,MXF,AL,America/Chicago,true,false
20591,KMYL,medium_airport,McCall Municipal Airport,44.888837,-116.101112,5024,US,McCall,KMYL,MYL,ID,America/Boise,true,true
3718,KMYV,medium_airport,Yuba County Airport,39.09780121,-121.5699997,64,US,Marysville,KMYV,MYV,CA,America/Los_Angeles,true,false
3719,KNBC,medium_airport,Beaufort MCAS - Merritt Field,32.4774017334,-80.723197937,37,US,Beaufort,,NBC,SC,America/New_York,true,false
3720,KNBG,medium_airport,New Orleans NAS JRB/Alvin Callender Field,29.82530022,-90.03500366,2,US,New Orleans,KNBG,NBG,LA,America/Chicago,true,false
3721,KNCA,medium_airport,MCAS New River / McCutcheon Field,34.708401,-77.439697,26,US,Jacksonville,KNCA,NCA,NC,America/New_York,true,false
20634,KNDZ,medium_airport,Whiting Field Naval Air Station South Airport,30.704399,-87.023003,177,US,Milton,,NDZ,FL,America/Chicago,true,false
3722,KNEL,medium_airport,Lakehurst Maxfield Field Airport,40.03329849,-74.353302,101,US,Lakehurst,KNEL,NEL,NJ,America/New_York,true,false
3723,KNEW,medium_airport,Lakefront Airport,30.042400360107,-90.028297424316,8,US,New Orleans,KNEW,NEW,LA,America/Chicago,true,false
3724,KNFG,medium_airport,Camp Pendleton MCAS (Munn Field) Airport,33.30130005,-117.3550034,78,US,Oceanside,,NFG,CA,America/Los_Angeles,true,false
3725,KNFL,medium_airport,Fallon Naval Air Station,39.41659927,-118.7009964,3934,US,Fallon,KNFL,NFL,NV,America/Los_Angeles,true,false
20639,KNFW,medium_airport,NAS Fort Worth JRB / Carswell Field,32.769199,-97.441498,650,US,Fort Worth,KNFW,NFW,TX,America/Chicago,true,false
3726,KNGP,medium_airport,Naval Air Station Corpus Christi Truax Field,27.6926,-97.2911,18,US,Corpus Christi,KNGP,NGP,TX,America/Chicago,true,false
3727,KNGU,medium_airport,Norfolk Naval Station (Chambers Field),36.937599,-76.289299,17,US,Norfolk,KNGU,NGU,VA,America/New_York,true,false
3728,KNHK,medium_airport,Patuxent River Naval Air Station (Trapnell Field),38.285999,-76.411797,39,US,Patuxent River,KNHK,NHK,MD,America/New_York,true,false
20643,KNID,medium_airport,China Lake Naws (Armitage Field) Airport,35.6853981,-117.6920013,2283,US,China Lake,,NID,CA,America/Los_Angeles,true,false
3730,KNIP,medium_airport,Jacksonville Naval Air Station (Towers Field),30.2358,-81.680603,21,US,Jacksonville,KNIP,NIP,FL,America/New_York,true,false
3731,KNJK,medium_airport,El Centro NAF Airport (Vraciu Field),32.829201,-115.671996,-42,US,El Centro,KNJK,NJK,CA,America/Los_Angeles,true,false
3732,KNKT,medium_airport,Cherry Point MCAS / Cunningham Field/,34.900902,-76.880699,29,US,Cherry Point,KNKT,NKT,NC,America/New_York,true,false
3733,KNKX,medium_airport,Miramar Marine Corps Air Station - Mitscher Field,32.86840057,-117.1429977,477,US,San Diego,KNKX,NKX,CA,America/Los_Angeles,true,false
20647,KNLC,medium_airport,Lemoore Naval Air Station (Reeves Field) Airport,36.33300018,-119.9520035,232,US,Lemoore,KNLC,NLC,CA,America/Los_Angeles,true,false
3734,KNMM,medium_airport,Naval Air Station Meridian / McCain Field,32.5531,-88.55406,316,US,Lauderdale,,NMM,MS,America/Chicago,true,false
3735,KNPA,medium_airport,Naval Air Station Pensacola Forrest Sherman Field,30.352699,-87.318604,28,US,Pensacola,KNPA,NPA,FL,America/Chicago,true,false
3736,KNQA,medium_airport,Millington-Memphis Airport,35.356701,-89.8703,320,US,Millington,KNQA,NQA,TN,America/Chicago,true,false
3737,KNQI,medium_airport,Kingsville Naval Air Station,27.5072002411,-97.8097000122,50,US,Kingsville,KNQI,NQI,TX,America/Chicago,true,false
3738,KNQX,medium_airport,Naval Air Station Key West/Boca Chica Field,24.57579994,-81.68890381,6,US,Key West,KNQX,NQX,FL,America/New_York,true,false
20652,KNRB,medium_airport,Naval Station Mayport / Admiral David L McDonald Field,30.3911,-81.424698,15,US,Jacksonville,KNRB,NRB,FL,America/New_York,true,false
20656,KNSE,medium_airport,Whiting Field Naval Air Station - North,30.7241993,-87.02189636,199,US,Milton,KNSE,NSE,FL,America/Chicago,true,false
3739,KNTD,medium_airport,Point Mugu Naval Air Station (Naval Base Ventura Co),34.120300293,-119.121002197,13,US,Point Mugu,KNTD,NTD,CA,America/Los_Angeles,true,false
3740,KNTU,medium_airport,Oceana Naval Air Station,36.820702,-76.033501,23,US,Virginia Beach,KNTU,NTU,VA,America/New_York,true,false
3741,KNUQ,medium_airport,Moffett Federal Airfield,37.4161,-122.049004,32,US,Mountain View,KNUQ,NUQ,CA,America/Los_Angeles,true,false
20661,KNUW,medium_airport,Whidbey Island Naval Air Station (Ault Field),48.351799,-122.655998,47,US,Oak Harbor,KNUW,NUW,WA,America/Los_Angeles,true,false
20669,KNYG,medium_airport,Quantico Marine Corps Airfield / Turner Field,38.501701,-77.305298,10,US,Quantico,KNYG,NYG,VA,America/New_York,true,false
3961,KNYL,medium_airport,Yuma International Airport / Marine Corps Air Station Yuma,32.650938,-114.609375,213,US,Yuma,KNYL,NYL,AZ,America/Phoenix,true,true
3743,KNZY,medium_airport,North Island Naval Air Station-Halsey Field,32.69919968,-117.2149963,26,US,San Diego,KNZY,NZY,CA,America/Los_Angeles,true,false
20709,KOAJ,medium_airport,Albert J Ellis Airport,34.829201,-77.612099,94,US,Richlands,KOAJ,OAJ,NC,America/New_York,true,true
20722,KOFK,medium_airport,Karl Stefan Memorial Airport,41.985500335693,-97.435096740723,1573,US,Norfolk,KOFK,OFK,NE,America/Chicago,true,false
20725,KOGB,medium_airport,Orangeburg Municipal Airport,33.456798553467,-80.859497070312,195,US,Orangeburg,KOGB,OGB,SC,America/New_York,true,false
3746,KOGD,medium_airport,Ogden Hinckley Airport,41.195899963379,-112.0120010376,4473,US,Ogden,KOGD,OGD,UT,America/Denver,true,true
20727,KOGS,medium_airport,Ogdensburg International Airport,44.6819,-75.4655,297,US,Ogdensburg,KOGS,OGS,NY,America/New_York,true,true
20739,KOLF,medium_airport,L M Clayton Airport,48.094501,-105.574997,1986,US,Wolf Point,KOLF,OLF,MT,America/Denver,true,true
3749,KOLM,medium_airport,Olympia Regional Airport,46.969399,-122.903,209,US,Olympia,KOLM,OLM,WA,America/Los_Angeles,true,true
20741,KOLS,medium_airport,Nogales International Airport,31.4177,-110.848,3955,US,Nogales,KOLS,OLS,AZ,America/Phoenix,true,false
3750,KOLU,medium_airport,Columbus Municipal Airport,41.448145,-97.340174,1447,US,Columbus,KOLU,OLU,NE,America/Chicago,true,false
20751,KONO,medium_airport,Ontario Municipal Airport,44.0198,-117.013289,2193,US,Oregon,KONO,ONO,OR,America/Boise,true,false
20752,KONP,medium_airport,Newport Municipal Airport,44.580399,-124.057999,160,US,Newport,KONP,ONP,OR,America/Los_Angeles,true,false
20757,KOPF,medium_airport,Miami-Opa Locka Executive Airport,25.907,-80.278397,8,US,Miami,KOPF,OPF,FL,America/New_York,true,true
3753,KOQU,medium_airport,Quonset State Airport,41.597099304199,-71.412101745605,18,US,North Kingstown,KOQU,OQU,RI,America/New_York,true,false
3756,KORH,medium_airport,Worcester Regional Airport,42.2673,-71.875702,1009,US,Worcester,KORH,ORH,MA,America/New_York,true,true
20765,KORL,medium_airport,Orlando Executive Airport,28.5455,-81.332901,113,US,Orlando,KORL,ORL,FL,America/New_York,true,false
3757,KOSH,medium_airport,Wittman Regional Airport,43.9844017028808,-88.5569992065429,808,US,Oshkosh,KOSH,OSH,WI,America/Chicago,true,false
3758,KOSU,medium_airport,The Ohio State University Airport - Don Scott Field,40.0798,-83.072998,905,US,Columbus,KOSU,OSU,OH,America/New_York,true,false
3759,KOTH,medium_airport,Southwest Oregon Regional Airport,43.4170989990234,-124.246002197265,17,US,North Bend,KOTH,OTH,OR,America/Los_Angeles,true,true
3760,KOTM,medium_airport,Ottumwa Regional Airport,41.106368,-92.449837,845,US,Ottumwa,KOTM,OTM,IA,America/Chicago,true,false
3761,KOWB,medium_airport,Owensboro Daviess County Airport,37.74010086,-87.16680145,407,US,Owensboro,KOWB,OWB,KY,America/Chicago,true,true
20777,KOWD,medium_airport,Norwood Memorial Airport,42.1904983521,-71.1728973389,49,US,Norwood,KOWD,OWD,MA,America/New_York,true,false
20781,KOXB,medium_airport,Ocean City Municipal Airport,38.310398,-75.124001,11,US,Ocean City,KOXB,OXB,MD,America/New_York,true,true
20785,KOXR,medium_airport,Oxnard Airport,34.200801849365,-119.20700073242,45,US,Oxnard,KOXR,OXR,CA,America/Los_Angeles,true,false
3762,KOZR,medium_airport,Cairns AAF (Fort Rucker) Air Field,31.27569962,-85.71340179,301,US,Fort Rucker/Ozark,KOZR,OZR,AL,America/Chicago,true,false
3763,KPAE,medium_airport,Seattle Paine Field International Airport,47.9063,-122.281998,606,US,Everett,KPAE,PAE,WA,America/Los_Angeles,true,true
3764,KPAH,medium_airport,Barkley Regional Airport,37.0607986450195,-88.7738037109375,410,US,Paducah,KPAH,PAH,KY,America/Chicago,true,true
3765,KPAM,medium_airport,Tyndall Air Force Base,30.069599,-85.575401,17,US,Panama City,KPAM,PAM,FL,America/Chicago,true,false
20807,KPBF,medium_airport,"Pine Bluff Regional Airport, Grider Field",34.174121,-91.935643,206,US,Pine Bluff,KPBF,PBF,AR,America/Chicago,true,false
20808,KPBG,medium_airport,Plattsburgh International Airport,44.650902,-73.468102,234,US,Plattsburgh,KPBG,PBG,NY,America/New_York,true,true
20812,KPCW,medium_airport,Erie-Ottawa International Airport,41.515647,-82.868328,590,US,Port Clinton,KPCW,PCW,OH,America/New_York,true,true
3767,KPDK,medium_airport,DeKalb Peachtree Airport,33.87633,-84.30213,1003,US,Atlanta,KPDK,PDK,GA,America/New_York,true,true
20815,KPDT,medium_airport,Eastern Oregon Regional Airport at Pendleton,45.695099,-118.841003,1497,US,Pendleton,KPDT,PDT,OR,America/Los_Angeles,true,true
20821,KPGA,medium_airport,Page Municipal Airport,36.924234,-111.447716,4316,US,Page,KPGA,PGA,AZ,America/Phoenix,true,true
20822,KPGD,medium_airport,Punta Gorda Airport,26.9202,-81.990501,26,US,Punta Gorda,KPGD,PGD,FL,America/New_York,true,true
20824,KPGV,medium_airport,Pitt-Greenville Airport,35.635535,-77.384262,26,US,Greenville,KPGV,PGV,NC,America/New_York,true,true
3770,KPHF,medium_airport,Newport News Williamsburg International Airport,37.131901,-76.492996,42,US,Newport News,KPHF,PHF,VA,America/New_York,true,true
3773,KPIA,medium_airport,General Wayne A. Downing Peoria International Airport,40.663841,-89.692631,660,US,Peoria,KPIA,PIA,IL,America/Chicago,true,true
3774,KPIB,medium_airport,Hattiesburg Laurel Regional Airport,31.4671,-89.337097,298,US,Moselle,KPIB,PIB,MS,America/Chicago,true,true
3776,KPIH,medium_airport,Pocatello Regional Airport,42.9098014831543,-112.596000671386,4452,US,Pocatello,KPIH,PIH,ID,America/Boise,true,true
3777,KPIR,medium_airport,Pierre Regional Airport,44.38270187,-100.2860031,1744,US,Pierre,KPIR,PIR,SD,America/Chicago,true,true
3779,KPKB,medium_airport,Mid Ohio Valley Regional Airport,39.3451,-81.439201,858,US,Parkersburg (Williamstown),KPKB,PKB,WV,America/New_York,true,true
3781,KPLN,medium_airport,Pellston Regional Airport of Emmet County Airport,45.57089996,-84.79669952,721,US,Pellston,KPLN,PLN,MI,America/Detroit,true,true
3782,KPMD,medium_airport,Palmdale Regional Airport / USAF Plant 42 Airport,34.629398,-118.084999,2543,US,Palmdale,KPMD,PMD,CA,America/Los_Angeles,true,false
20848,KPNA,medium_airport,Ralph Wenz Field,42.79550171,-109.8069992,7102,US,Pinedale,KPNA,PNA,WY,America/Denver,true,false
20849,KPNC,medium_airport,Ponca City Regional Airport,36.73199844,-97.09980011,1008,US,Ponca City,KPNC,PNC,OK,America/Chicago,true,false
20850,KPNE,medium_airport,Northeast Philadelphia Airport,40.082406,-75.010614,120,US,Philadelphia,KPNE,PNE,PA,America/New_York,true,false
3784,KPOB,medium_airport,Pope Field,35.170898,-79.014503,217,US,Fort Bragg,KPOB,POB,NC,America/New_York,true,false
3785,KPOE,medium_airport,Polk Army Air Field,31.0447998,-93.1917038,330,US,Fort Polk,KPOE,POE,LA,America/Chicago,true,false
3786,KPOU,medium_airport,Dutchess County Airport,41.6265983581543,-73.8842010498046,165,US,Poughkeepsie,KPOU,POU,NY,America/New_York,true,false
3787,KPQI,medium_airport,Presque Isle International Airport,46.688999,-68.0448,534,US,Presque Isle,KPQI,PQI,ME,America/New_York,true,true
3788,KPRB,medium_airport,Paso Robles Municipal Airport,35.67290115,-120.6269989,840,US,Paso Robles,KPRB,PRB,CA,America/Los_Angeles,true,false
3789,KPRC,medium_airport,Prescott Regional Airport - Ernest A. Love Field,34.653502,-112.419883,5045,US,Prescott,KPRC,PRC,AZ,America/Phoenix,true,true
3790,KPRX,medium_airport,Cox Field,33.636600494385,-95.450798034668,547,US,Paris,KPRX,PRX,TX,America/Chicago,true,false
20870,KPSC,medium_airport,Tri Cities Airport,46.264702,-119.119003,410,US,Pasco,KPSC,PSC,WA,America/Los_Angeles,true,true
3791,KPSM,medium_airport,Portsmouth International Airport at Pease,43.0779,-70.823303,100,US,Portsmouth,KPSM,PSM,NH,America/New_York,true,true
3793,KPTK,medium_airport,Oakland County International Airport,42.665500640869,-83.420097351074,980,US,Pontiac,KPTK,PTK,MI,America/Detroit,true,false
3794,KPUB,medium_airport,Pueblo Memorial Airport,38.289101,-104.497002,4726,US,Pueblo,KPUB,PUB,CO,America/Denver,true,true
20883,KPUW,medium_airport,Pullman-Moscow Regional Airport,46.741601,-117.11163,2556,US,Pullman,KPUW,PUW,WA,America/Los_Angeles,true,true
20890,KPVU,medium_airport,Provo Municipal Airport,40.218894,-111.722445,4497,US,Provo,KPVU,PVU,UT,America/Denver,true,true
20896,KPWK,medium_airport,Chicago Executive Airport,42.114222,-87.901494,647,US,Chicago/Prospect Heights/Wheeling,,PWK,IL,America/Chicago,true,false
3797,KPWT,medium_airport,Bremerton National Airport,47.490200042725,-122.76499938965,444,US,Bremerton,KPWT,PWT,WA,America/Los_Angeles,true,false
3837,KRAL,medium_airport,Riverside Municipal Airport,33.9519,-117.445,819,US,Riverside,KRAL,RAL,CA,America/Los_Angeles,true,false
3838,KRAP,medium_airport,Rapid City Regional Airport,44.0452995300293,-103.056999206542,3204,US,Rapid City,KRAP,RAP,SD,America/Denver,true,true
3839,KRBL,medium_airport,Red Bluff Municipal Airport,40.1506996155,-122.251998901,352,US,Red Bluff,KRBL,RBL,CA,America/Los_Angeles,true,false
3840,KRCA,medium_airport,Ellsworth Air Force Base,44.14500046,-103.1039963,3276,US,Rapid City,KRCA,RCA,SD,America/Denver,true,false
3841,KRDD,medium_airport,Redding Municipal Airport,40.50899887,-122.2929993,505,US,Redding,KRDD,RDD,CA,America/Los_Angeles,true,true
3842,KRDG,medium_airport,Reading Regional Airport (Carl A Spaatz Field),40.378502,-75.965202,344,US,Reading,KRDG,RDG,PA,America/New_York,true,false
3843,KRDM,medium_airport,Roberts Field,44.254101,-121.150002,3080,US,Redmond,KRDM,RDM,OR,America/Los_Angeles,true,true
20922,KRDR,medium_airport,Grand Forks Air Force Base,47.961101532,-97.4011993408,913,US,Grand Forks,KRDR,RDR,ND,America/Chicago,true,false
3845,KRFD,medium_airport,Chicago Rockford International Airport,42.1954,-89.097198,742,US,Chicago/Rockford,KRFD,RFD,IL,America/Chicago,true,true
3846,KRHI,medium_airport,Rhinelander Oneida County Airport,45.6311988830566,-89.4674987792968,1624,US,Rhinelander,KRHI,RHI,WI,America/Chicago,true,true
20927,KRHP,medium_airport,Western Carolina Regional Airport,35.195202,-83.862999,1697,US,Andrews,,RHP,NC,America/New_York,true,false
20931,KRIL,medium_airport,Garfield County Regional Airport,39.526299,-107.726997,5548,US,Rifle,KRIL,RIL,CO,America/Denver,true,false
3849,KRIV,medium_airport,March Air Reserve Base,33.880699,-117.259003,1536,US,Riverside,KRIV,RIV,CA,America/Los_Angeles,true,false
20933,KRIW,medium_airport,Central Wyoming Regional Airport,43.064201,-108.459999,5525,US,Riverton,KRIW,RIW,WY,America/Denver,true,true
20935,KRKD,medium_airport,Knox County Regional Airport,44.060101,-69.099197,56,US,Rockland,KRKD,RKD,ME,America/New_York,true,true
3850,KRKS,medium_airport,Southwest Wyoming Regional Airport,41.5942,-109.065001,6764,US,Rock Springs,KRKS,RKS,WY,America/Denver,true,true
20940,KRME,medium_airport,Griffiss International Airport,43.23379898,-75.40699768,504,US,Rome,KRME,RME,NY,America/New_York,true,false
3851,KRMG,medium_airport,Richard B Russell Airport,34.3506011963,-85.1579971313,644,US,Rome,KRMG,RMG,GA,America/New_York,true,false
3852,KRND,medium_airport,Randolph Air Force Base,29.529699,-98.2789,761,US,Universal City,KRND,RND,TX,America/Chicago,true,false
20944,KRNH,medium_airport,New Richmond Regional Airport,45.1483,-92.538101,998,US,New Richmond,KRNH,RNH,WI,America/Chicago,true,false
3854,KROA,medium_airport,Roanoke‚ÄìBlacksburg Regional Airport,37.3255,-79.975403,1175,US,Roanoke,KROA,ROA,VA,America/New_York,true,true
3856,KROW,medium_airport,Roswell Air Center Airport,33.301601,-104.530998,3671,US,Roswell,KROW,ROW,NM,America/Denver,true,true
20962,KRSL,medium_airport,Russell Municipal Airport,38.872100830078,-98.811798095703,1862,US,Russell,KRSL,RSL,KS,America/Chicago,true,false
3857,KRST,medium_airport,Rochester International Airport,43.908298,-92.5,1317,US,Rochester,KRST,RST,MN,America/Chicago,true,true
3859,KRUT,medium_airport,Rutland - Southern Vermont Regional Airport,43.5294,-72.9496,787,US,Rutland,KRUT,RUT,VT,America/New_York,true,true
20972,KRVS,medium_airport,Tulsa Riverside Airport,36.0396,-95.984596,638,US,Tulsa,KRVS,RVS,OK,America/Chicago,true,false
20973,KRWF,medium_airport,Redwood Falls Municipal Airport,44.547199,-95.082298,1024,US,Redwood Falls,KRWF,RWF,MN,America/Chicago,true,false
3860,KRWI,medium_airport,Rocky Mount Wilson Regional Airport,35.8563,-77.891899,159,US,Rocky Mount,KRWI,RWI,NC,America/New_York,true,false
20974,KRWL,medium_airport,Rawlins Municipal Airport/Harvey Field,41.80559921,-107.1999969,6813,US,Rawlins,KRWL,RWL,WY,America/Denver,true,false
20981,KRYY,medium_airport,Cobb County International Airport-McCollum Field,34.01316,-84.59721,1040,US,Atlanta,,RYY,GA,America/New_York,true,false
3861,KSAC,medium_airport,Sacramento Executive Airport,38.5125007629,-121.492996216,24,US,Sacramento,KSAC,SAC,CA,America/Los_Angeles,true,false
21033,KSAF,medium_airport,Santa Fe Municipal Airport,35.6171,-106.088997,6348,US,Santa Fe,KSAF,SAF,NM,America/Denver,true,true
3865,KSAW,medium_airport,Marquette/Sawyer International Airport,46.351498,-87.395884,1221,US,Gwinn,KSAW,SAW,MI,America/Detroit,true,true
3866,KSBA,medium_airport,Santa Barbara Municipal Airport,34.426201,-119.839996,13,US,Santa Barbara,KSBA,SBA,CA,America/Los_Angeles,true,true
3868,KSBN,medium_airport,South Bend International Airport,41.708304,-86.316922,799,US,South Bend,KSBN,SBN,IN,America/Indiana/Indianapolis,true,true
3869,KSBP,medium_airport,San Luis County Regional Airport,35.2368011474999,-120.641998291,212,US,San Luis Obispo,KSBP,SBP,CA,America/Los_Angeles,true,true
3870,KSBY,medium_airport,Salisbury Ocean City Wicomico Regional Airport,38.3404998779296,-75.5102996826171,52,US,Salisbury,KSBY,SBY,MD,America/New_York,true,true
3871,KSCH,medium_airport,Schenectady County Airport,42.852500915527,-73.928901672363,378,US,Schenectady,KSCH,SCH,NY,America/New_York,true,false
3872,KSCK,medium_airport,Stockton Metropolitan Airport,37.893279,-121.238079,33,US,Stockton,KSCK,SCK,CA,America/Los_Angeles,true,true
3874,KSDM,medium_airport,Brown Field Municipal Airport,32.572639,-116.980019,526,US,San Diego,KSDM,SDM,CA,America/Los_Angeles,true,false
21046,KSDY,medium_airport,Sidney - Richland Regional Airport,47.705141,-104.194422,1985,US,Sidney,KSDY,SDY,MT,America/Denver,true,true
3877,KSFF,medium_airport,Felts Field,47.682899,-117.321925,1953,US,Spokane,KSFF,SFF,WA,America/Los_Angeles,true,false
3879,KSGF,medium_airport,Springfield Branson National Airport,37.245047,-93.388596,1268,US,Springfield,KSGF,SGF,MO,America/Chicago,true,true
3880,KSGH,medium_airport,Springfield-Beckley Municipal Airport,39.840301513672,-83.840202331543,1051,US,Springfield,KSGH,SGH,OH,America/New_York,true,false
21061,KSGJ,medium_airport,Northeast Florida Regional Airport,29.9592,-81.339798,10,US,St Augustine,KSGJ,SGJ,FL,America/New_York,true,true
21062,KSGR,medium_airport,Sugar Land Regional Airport,29.622299194336,-95.65650177002,82,US,Houston,KSGR,SGR,TX,America/Chicago,true,false
21065,KSGU,medium_airport,St George Regional Airport,37.036389,-113.510306,2941,US,St George,KSGU,SGU,UT,America/Denver,true,true
21066,KSHD,medium_airport,Shenandoah Valley Regional Airport,38.263802,-78.8964,1201,US,Weyers Cave,KSHD,SHD,VA,America/New_York,true,true
3881,KSHR,medium_airport,Sheridan County Airport,44.7691993713378,-106.980003356933,4021,US,Sheridan,KSHR,SHR,WY,America/Denver,true,true
3882,KSHV,medium_airport,Shreveport Regional Airport,32.444747,-93.826741,258,US,Shreveport,KSHV,SHV,LA,America/Chicago,true,true
3884,KSJT,medium_airport,San Angelo Regional Mathis Field,31.3577003479003,-100.496002197265,1919,US,San Angelo,KSJT,SJT,TX,America/Chicago,true,true
3885,KSKA,medium_airport,Fairchild Air Force Base,47.615101,-117.655998,2461,US,Spokane,KSKA,SKA,WA,America/Los_Angeles,true,false
3886,KSKF,medium_airport,Lackland Air Force Base,29.38419914,-98.58110046,691,US,San Antonio,KSKF,SKF,TX,America/Chicago,true,false
21076,KSKX,medium_airport,Taos Regional Airport,36.452494,-105.67749,7095,US,Taos,KSKX,SKX,NM,America/Denver,true,true
3888,KSLE,medium_airport,Salem-Willamette Valley Airport/McNary Field,44.9095,-123.002998,214,US,Salem,KSLE,SLE,OR,America/Los_Angeles,true,true
3889,KSLI,medium_airport,Los Alamitos Army Air Field,33.790864,-118.050342,32,US,Los Alamitos,KSLI,SLI,CA,America/Los_Angeles,true,false
3890,KSLK,medium_airport,Adirondack Regional Airport,44.38691,-74.204629,1663,US,Saranac Lake,KSLK,SLK,NY,America/New_York,true,true
3891,KSLN,medium_airport,Salina Municipal Airport,38.7910003662109,-97.6521987915039,1288,US,Salina,KSLN,SLN,KS,America/Chicago,true,true
21085,KSME,medium_airport,Lake Cumberland Regional Airport,37.0533981322999,-84.6158981323,927,US,Somerset,KSME,SME,KY,America/New_York,true,false
21086,KSMN,medium_airport,Lemhi County Airport,45.122233,-113.88196,4043,US,Salmon,KSMN,SMN,ID,America/Boise,true,true
3893,KSMX,medium_airport,Santa Maria Public Airport Captain G Allan Hancock Field,34.898899,-120.457001,261,US,Santa Maria,KSMX,SMX,CA,America/Los_Angeles,true,true
3895,KSNS,medium_airport,Salinas Municipal Airport,36.662799835205,-121.60600280762,85,US,Salinas,KSNS,SNS,CA,America/Los_Angeles,true,false
21094,KSNY,medium_airport,Sidney Municipal Airport Lloyd W Carr Field,41.101299,-102.985001,4313,US,Sidney,KSNY,SNY,NE,America/Denver,true,false
21095,KSOA,medium_airport,Sonora Municipal Airport,30.585699081421,-100.6490020752,2140,US,Sonora,,SOA,TX,America/Chicago,true,false
21097,KSOW,medium_airport,Show Low Regional Airport,34.264062,-110.007091,6415,US,Show Low,KSOW,SOW,AZ,America/Phoenix,true,true
3897,KSPI,medium_airport,Abraham Lincoln Capital Airport,39.844101,-89.677902,598,US,Springfield,KSPI,SPI,IL,America/Chicago,true,true
3898,KSPS,medium_airport,Wichita Falls Municipal Airport / Sheppard Air Force Base,33.9888,-98.491898,1019,US,Wichita Falls,KSPS,SPS,TX,America/Chicago,true,true
3900,KSRR,medium_airport,Sierra Blanca Regional Airport,33.462799,-105.535004,6814,US,Alto,KSRR,SRR,NM,America/Denver,true,false
3901,KSSC,medium_airport,Shaw Air Force Base,33.972698,-80.470596,241,US,Sumter,KSSC,SSC,SC,America/New_York,true,false
21109,KSSF,medium_airport,Stinson Municipal Airport,29.336999893188,-98.471099853516,577,US,San Antonio,KSSF,SSF,TX,America/Chicago,true,false
3902,KSSI,medium_airport,St Simons Island Airport,31.1518,-81.391296,19,US,St Simons Island,KSSI,SSI,GA,America/New_York,true,false
3903,KSTC,medium_airport,Saint Cloud Regional Airport,45.5466,-94.059898,1031,US,Saint Cloud,KSTC,STC,MN,America/Chicago,true,true
3904,KSTJ,medium_airport,Rosecrans Memorial Airport,39.771900177002,-94.909698486328,826,US,St Joseph,KSTJ,STJ,MO,America/Chicago,true,false
3906,KSTP,medium_airport,Saint Paul Downtown Holman Field,44.93479,-93.060036,705,US,Saint Paul,KSTP,STP,MN,America/Chicago,true,false
21114,KSTS,medium_airport,Charles M. Schulz Sonoma County Airport,38.50899887,-122.8130035,128,US,Santa Rosa,KSTS,STS,CA,America/Los_Angeles,true,true
21118,KSUN,medium_airport,Friedman Memorial Airport,43.50439835,-114.2959976,5318,US,Hailey,KSUN,SUN,ID,America/Boise,true,true
3907,KSUS,medium_airport,Spirit of St Louis Airport,38.662102,-90.652,463,US,St Louis,KSUS,SUS,MO,America/Chicago,true,false
3908,KSUU,medium_airport,Travis Air Force Base,38.262699,-121.927002,62,US,Fairfield,KSUU,SUU,CA,America/Los_Angeles,true,false
3909,KSUX,medium_airport,Sioux Gateway Airport / Brigadier General Bud Day Field,42.397605,-96.382237,1098,US,Sioux City,KSUX,SUX,IA,America/Chicago,true,true
29695,KSUZ,medium_airport,Saline County Regional Airport,34.590599,-92.479401,390,US,Bryant,,SUZ,AR,America/Chicago,true,false
21121,KSVC,medium_airport,Grant County Airport,32.636701,-108.154736,5446,US,Silver City,KSVC,SVC,NM,America/Denver,true,true
3910,KSVN,medium_airport,Hunter Army Air Field,32.00999832,-81.14569855,41,US,Savannah,KSVN,SVN,GA,America/New_York,true,false
3911,KSWF,medium_airport,New York Stewart International Airport,41.50421,-74.108901,491,US,Newburgh,KSWF,SWF,NY,America/New_York,true,true
3912,KSWO,medium_airport,Stillwater Regional Airport,36.162132,-97.085581,1000,US,Stillwater,KSWO,SWO,OK,America/Chicago,true,true
3914,KSZL,medium_airport,Whiteman Air Force Base,38.730301,-93.547897,870,US,Knob Noster,KSZL,SZL,MO,America/Chicago,true,false
3915,KTBN,medium_airport,Waynesville-St. Robert Regional Airport-Forney Field,37.7416,-92.140701,1159,US,Fort Leonard Wood,KTBN,TBN,MO,America/Chicago,true,true
3916,KTCC,medium_airport,Tucumcari Municipal Airport,35.182800293,-103.602996826,4065,US,Tucumcari,KTCC,TCC,NM,America/Denver,true,false
3917,KTCL,medium_airport,Tuscaloosa National Airport,33.2206,-87.611397,170,US,Tuscaloosa,KTCL,TCL,AL,America/Chicago,true,false
3918,KTCM,medium_airport,McChord Air Force Base,47.137699,-122.475998,322,US,Tacoma,KTCM,TCM,WA,America/Los_Angeles,true,false
3919,KTCS,medium_airport,Truth or Consequences Municipal Airport,33.2369,-107.272003,4853,US,Truth or Consequences,KTCS,TCS,NM,America/Denver,true,false
3920,KTEB,medium_airport,Teterboro Airport,40.850101,-74.060799,9,US,Teterboro,KTEB,TEB,NJ,America/New_York,true,true
21188,KTEX,medium_airport,Telluride Regional Airport,37.9538,-107.907997,9070,US,Telluride,KTEX,TEX,CO,America/Denver,true,true
3921,KTIK,medium_airport,Tinker Air Force Base,35.4147,-97.386597,1291,US,Oklahoma City,KTIK,TIK,OK,America/Chicago,true,false
3922,KTIW,medium_airport,Tacoma Narrows Airport,47.267407,-122.577295,294,US,Tacoma,KTIW,TIW,WA,America/Los_Angeles,true,true
3923,KTIX,medium_airport,Space Coast Regional Airport,28.514799118042,-80.799201965332,34,US,Titusville,KTIX,TIX,FL,America/New_York,true,false
3924,KTLH,medium_airport,Tallahassee International Airport,30.401209,-84.35433,81,US,Tallahassee,KTLH,TLH,FL,America/New_York,true,true
21204,KTMB,medium_airport,Miami Executive Airport,25.6479,-80.4328,8,US,Miami,KTMB,TMB,FL,America/New_York,true,false
21212,KTOI,medium_airport,Troy Municipal Airport at N Kenneth Campbell Field,31.860399,-86.012101,398,US,Troy,KTOI,TOI,AL,America/Chicago,true,false
3925,KTOL,medium_airport,Eugene F. Kranz Toledo Express Airport,41.5868,-83.8078,683,US,Toledo,KTOL,TOL,OH,America/New_York,true,true
21213,KTOP,medium_airport,Philip Billard Municipal Airport,39.069899,-95.622606,881,US,Topeka,KTOP,TOP,KS,America/Chicago,true,false
21216,KTPH,medium_airport,Tonopah Airport,38.06019974,-117.086998,5430,US,Tonopah,KTPH,TPH,NV,America/Los_Angeles,true,false
3927,KTPL,medium_airport,Draughon Miller Central Texas Regional Airport,31.1525,-97.407799,682,US,Temple,KTPL,TPL,TX,America/Chicago,true,false
3928,KTRI,medium_airport,Tri-Cities Regional TN/VA Airport,36.475201,-82.407401,1519,US,Blountville,KTRI,TRI,TN,America/New_York,true,true
21220,KTRK,medium_airport,Truckee Tahoe Airport,39.318628,-120.140562,5900,US,Truckee,KTRK,TRK,CA,America/Los_Angeles,true,true
21222,KTRM,medium_airport,Jacqueline Cochran Regional Airport,33.62670135498,-116.16000366211,-115,US,Palm Springs,KTRM,TRM,CA,America/Los_Angeles,true,false
21228,KTTD,medium_airport,Portland Troutdale Airport,45.54940032959,-122.40100097656,39,US,Portland,KTTD,TTD,OR,America/Los_Angeles,true,false
3929,KTTN,medium_airport,Trenton Mercer Airport,40.276699,-74.813499,213,US,Ewing Township,KTTN,TTN,NJ,America/New_York,true,true
21230,KTTS,medium_airport,Space Florida Launch and Landing Facility,28.615,-80.694504,10,US,Titusville,,TTS,FL,America/New_York,true,false
3931,KTUP,medium_airport,Tupelo Regional Airport,34.2681007385253,-88.7698974609375,346,US,Tupelo,KTUP,TUP,MS,America/Chicago,true,true
3933,KTVC,medium_airport,Cherry Capital Airport,44.741402,-85.582199,624,US,Traverse City,KTVC,TVC,MI,America/Detroit,true,true
21232,KTVF,medium_airport,Thief River Falls Regional Airport,48.065701,-96.184998,1119,US,Thief River Falls,KTVF,TVF,MN,America/Chicago,true,true
3934,KTVL,medium_airport,Lake Tahoe Airport,38.8939018249511,-119.995002746582,6264,US,South Lake Tahoe,KTVL,TVL,CA,America/Los_Angeles,true,false
3935,KTWF,medium_airport,Joslin Field Magic Valley Regional Airport,42.4818,-114.487999,4154,US,Twin Falls,KTWF,TWF,ID,America/Boise,true,true
3936,KTXK,medium_airport,Texarkana Regional Airport (Webb Field),33.453701,-93.990997,390,US,Texarkana,KTXK,TXK,AR,America/Chicago,true,true
3937,KTYR,medium_airport,Tyler Pounds Regional Airport,32.3540992736816,-95.4023971557617,544,US,Tyler,KTYR,TYR,TX,America/Chicago,true,true
21261,KU42,medium_airport,South Valley Regional Airport,40.619499,-111.992996,4607,US,Salt Lake City,KSVR,SVR,UT,America/Denver,true,false
21280,KUAO,medium_airport,Aurora State Airport,45.2471008300781,-122.769996643066,200,US,Aurora,,UAO,OR,America/Los_Angeles,true,false
3940,KUIN,medium_airport,Quincy Regional Airport Baldwin Field,39.942699,-91.194603,768,US,Quincy,KUIN,UIN,IL,America/Chicago,true,true
3941,KUKI,medium_airport,Ukiah Municipal Airport,39.125999,-123.200996,614,US,Ukiah,KUKI,UKI,CA,America/Los_Angeles,true,false
21300,KUNV,medium_airport,State College Regional Airport,40.849374,-77.84852,1239,US,State College,KUNV,UNV,PA,America/New_York,true,true
3942,KUOX,medium_airport,University Oxford Airport,34.384300231934,-89.536796569824,452,US,Oxford,KUOX,UOX,MS,America/Chicago,true,false
21304,KUTS,medium_airport,Huntsville Regional Airport,30.7469005585,-95.5871963501,363,US,Huntsville,KUTS,UTS,TX,America/Chicago,true,false
3943,KVAD,medium_airport,Moody Air Force Base,30.9678001404,-83.1930007935,233,US,Valdosta,KVAD,VAD,GA,America/New_York,true,false
3944,KVBG,medium_airport,Vandenberg Space Force Base,34.737301,-120.584,369,US,Lompoc,KVBG,VBG,CA,America/Los_Angeles,true,false
3945,KVCT,medium_airport,Victoria Regional Airport,28.8526000976562,-96.9185028076171,115,US,Victoria,KVCT,VCT,TX,America/Chicago,true,true
21318,KVEL,medium_airport,Vernal Regional Airport,40.436214,-109.511661,5278,US,Vernal,KVEL,VEL,UT,America/Denver,true,true
21321,KVGT,medium_airport,North Las Vegas Airport,36.209074,-115.193982,2205,US,Las Vegas,KVGT,VGT,NV,America/Los_Angeles,true,false
21325,KVIS,medium_airport,Visalia Municipal Airport,36.318699,-119.392998,295,US,Visalia,KVIS,VIS,CA,America/Los_Angeles,true,false
3946,KVLD,medium_airport,Valdosta Regional Airport,30.7824993133544,-83.2767028808593,203,US,Valdosta,KVLD,VLD,GA,America/New_York,true,true
21333,KVNY,medium_airport,Van Nuys Airport,34.209801,-118.489998,802,US,Van Nuys,KVNY,VNY,CA,America/Los_Angeles,true,false
3947,KVOK,medium_airport,Volk Field,43.938999,-90.253403,912,US,Camp Douglas,KVOK,VOK,WI,America/Chicago,true,false
3948,KVPS,medium_airport,Destin-Fort Walton Beach Airport,30.481315,-86.515839,87,US,Valparaiso,KVPS,VPS,FL,America/Chicago,true,true
3949,KVPZ,medium_airport,Porter County Municipal Airport,41.45399857,-87.00710297,770,US,Valparaiso,KVPZ,VPZ,IN,America/Chicago,true,false
21335,KVQQ,medium_airport,Cecil Airport,30.2187,-81.876701,81,US,Jacksonville,KVQQ,VQQ,FL,America/New_York,true,false
3950,KVRB,medium_airport,Vero Beach Regional Airport,27.6556,-80.417901,24,US,Vero Beach,KVRB,VRB,FL,America/New_York,true,true
21339,KVTN,medium_airport,Miller Field,42.856211,-100.549192,2596,US,Valentine,KVTN,VTN,NE,America/Chicago,true,false
21358,KW63,medium_airport,Lake Country Regional Airport,36.595798,-78.560097,421,US,Clarksville,,W63,VA,America/New_York,true,false
21375,KWJF,medium_airport,General William J Fox Airfield,34.7411,-118.219002,2351,US,Lancaster,KWJF,WJF,CA,America/Los_Angeles,true,false
21379,KWMC,medium_airport,Winnemucca Municipal Airport,40.8965988159,-117.805999756,4308,US,Winnemucca,KWMC,WMC,NV,America/Los_Angeles,true,false
3951,KWRB,medium_airport,Robins Air Force Base,32.640099,-83.591904,294,US,Warner Robins,KWRB,WRB,GA,America/New_York,true,false
3952,KWRI,medium_airport,Mc Guire Air Force Base,40.0155983,-74.59169769,131,US,Wrightstown,KWRI,WRI,NJ,America/New_York,true,false
3953,KWRL,medium_airport,Worland Municipal Airport,43.965698,-107.950996,4227,US,Worland,KWRL,WRL,WY,America/Denver,true,false
21382,KWST,medium_airport,Westerly State Airport,41.349602,-71.803398,81,US,Westerly,KWST,WST,RI,America/New_York,true,true
3954,KWWD,medium_airport,Cape May County Airport,39.0084991455,-74.9083023071,23,US,Wildwood,KWWD,WWD,NJ,America/New_York,true,false
21386,KWWR,medium_airport,West Woodward Airport,36.438,-99.5226667,2189,US,Woodward,KWWR,WWR,OK,America/Chicago,true,false
3955,KWYS,medium_airport,Yellowstone Airport,44.6884,-111.117996,6649,US,West Yellowstone,KWYS,WYS,MT,America/Denver,true,true
21403,KX51,medium_airport,Miami Homestead General Aviation Airport,25.499201,-80.554296,7,US,Homestead,,X51,FL,America/New_York,true,false
3956,KXMR,medium_airport,Cape Canaveral SFS Skid Strip,28.4676,-80.566597,10,US,Cocoa Beach,KXMR,XMR,FL,America/New_York,true,false
21410,KXNA,medium_airport,Northwest Arkansas National Airport,36.281898,-94.306801,1287,US,Fayetteville/Springdale/Rogers,KXNA,XNA,AR,America/Chicago,true,true
324440,KXWA,medium_airport,Williston Basin International Airport,48.260863,-103.75116,2344,US,Williston,KXWA,XWA,ND,America/Chicago,true,true
3957,KYIP,medium_airport,Willow Run Airport,42.2379,-83.530403,716,US,Detroit,KYIP,YIP,MI,America/Detroit,true,false
3958,KYKM,medium_airport,Yakima Air Terminal McAllister Field,46.56819916,-120.5439987,1099,US,Yakima,KYKM,YKM,WA,America/Los_Angeles,true,true
3959,KYKN,medium_airport,Chan Gurney Municipal Airport,42.916698455811,-97.385902404785,1306,US,Yankton,KYKN,YKN,SD,America/Chicago,true,false
3960,KYNG,medium_airport,Youngstown Warren Regional Airport,41.26070023,-80.67910004,1192,US,Youngstown/Warren,KYNG,YNG,OH,America/New_York,true,false
3967,KZZV,medium_airport,Zanesville Municipal Airport,39.9444007874,-81.8920974731,900,US,Zanesville,KZZV,ZZV,OH,America/New_York,true,false
5336,PAAQ,medium_airport,"Warren ""Bud"" Woods Palmer Municipal Airport",61.594898,-149.08901,242,US,Palmer,PAAQ,PAQ,AK,America/Anchorage,true,false
5338,PABE,medium_airport,Bethel Airport,60.77980042,-161.8379974,126,US,Bethel,PABE,BET,AK,America/Anchorage,true,true
5339,PABI,medium_airport,Allen Army Airfield,63.994499,-145.722,1291,US,Delta Junction Ft Greely,PABI,BIG,AK,America/Anchorage,true,false
5342,PABR,medium_airport,Wiley Post Will Rogers Memorial Airport,71.285402,-156.766008,44,US,Utqiaƒ°vik,PABR,BRW,AK,America/Anchorage,true,true
5344,PABV,medium_airport,Birchwood Airport,61.4165,-149.507004,83,US,Birchwood,PABV,BCV,AK,America/Anchorage,true,false
5345,PACD,medium_airport,Cold Bay Airport,55.207871,-162.725029,96,US,Cold Bay,PACD,CDB,AK,America/Nome,true,true
5348,PACV,medium_airport,Merle K (Mudhole) Smith Airport,60.491798,-145.477997,54,US,Cordova,PACV,CDV,AK,America/Anchorage,true,true
16092,PADK,medium_airport,Adak Airport,51.883564,-176.642783,18,US,Adak,PADK,ADK,AK,America/Adak,true,true
5351,PADL,medium_airport,Dillingham Airport,59.04470062,-158.5050049,81,US,Dillingham,PADL,DLG,AK,America/Anchorage,true,true
5353,PADQ,medium_airport,Kodiak Airport,57.75,-152.4940033,78,US,Kodiak,PADQ,ADQ,AK,America/Anchorage,true,true
5354,PADU,medium_airport,Tom Madsen (Dutch Harbor) Airport,53.89881,-166.544996,22,US,Unalaska,PADU,DUT,AK,America/Nome,true,true
5355,PAED,medium_airport,Elmendorf Air Force Base,61.251709,-149.807097,212,US,Anchorage,PAED,EDF,AK,America/Anchorage,true,false
5357,PAEI,medium_airport,Eielson Air Force Base,64.66570282,-147.102005,547,US,Fairbanks,PAEI,EIL,AK,America/Anchorage,true,false
5359,PAEN,medium_airport,Kenai Municipal Airport,60.570946,-151.245174,99,US,Kenai,PAEN,ENA,AK,America/Anchorage,true,true
5360,PAFA,medium_airport,Fairbanks International Airport,64.815102,-147.856003,439,US,Fairbanks,PAFA,FAI,AK,America/Anchorage,true,true
5361,PAFB,medium_airport,Ladd Army Airfield,64.837502,-147.613998,454,US,Fairbanks,PAFB,FBK,AK,America/Anchorage,true,false
5362,PAFE,medium_airport,Kake Airport,56.961312,-133.910202,172,US,Kake,PAFE,AFE,AK,America/Sitka,true,false
5365,PAGA,medium_airport,Edward G. Pitka Sr Airport,64.736198,-156.936997,153,US,Galena,PAGA,GAL,AK,America/Anchorage,true,true
5367,PAGK,medium_airport,Gulkana Airport,62.155859,-145.454662,1586,US,Gulkana,PAGK,GKN,AK,America/Anchorage,true,true
5368,PAGM,medium_airport,Gambell Airport,63.767694,-171.733303,27,US,Gambell,PAGM,GAM,AK,America/Nome,true,true
5369,PAGS,medium_airport,Gustavus Airport,58.4253006,-135.7070007,35,US,Gustavus,PAGS,GST,AK,America/Juneau,true,true
5372,PAHN,medium_airport,Haines Airport,59.243921,-135.523925,15,US,Haines,PAHN,HNS,AK,America/Juneau,true,true
5373,PAHO,medium_airport,Homer Airport,59.644456,-151.479235,84,US,Homer,PAHO,HOM,AK,America/Anchorage,true,true
5377,PAIL,medium_airport,Iliamna Airport,59.754398,-154.910996,192,US,Iliamna,PAIL,ILI,AK,America/Anchorage,true,true
5379,PAJN,medium_airport,Juneau International Airport,58.354935,-134.574416,21,US,Juneau,PAJN,JNU,AK,America/Juneau,true,true
5380,PAKN,medium_airport,King Salmon Airport,58.677845,-156.651965,73,US,King Salmon,PAKN,AKN,AK,America/Anchorage,true,true
5382,PAKT,medium_airport,Ketchikan International Airport,55.35559845,-131.7140045,89,US,Ketchikan,PAKT,KTN,AK,America/Sitka,true,true
5383,PAKW,medium_airport,Klawock Airport,55.579201,-133.076004,80,US,Klawock,PAKW,AKW,AK,America/Sitka,true,true
21844,PAMC,medium_airport,McGrath Airport,62.95289993,-155.6060028,341,US,McGrath,PAMC,MCG,AK,America/Anchorage,true,true
5386,PAMR,medium_airport,Merrill Field,61.212792,-149.843988,137,US,Anchorage,PAMR,MRI,AK,America/Anchorage,true,true
16291,PANI,medium_airport,Aniak Airport,61.5816001892089,-159.542999267578,88,US,Aniak,PANI,ANI,AK,America/Anchorage,true,true
5390,PANN,medium_airport,Nenana Municipal Airport,64.548772,-149.074516,362,US,Nenana,PANN,ENN,AK,America/Anchorage,true,false
5391,PANT,medium_airport,Annette Island Airport,55.037663,-131.572609,119,US,Metlakatla,PANT,ANN,AK,America/Metlakatla,true,false
5393,PAOM,medium_airport,Nome Airport,64.5121994018554,-165.445007324218,37,US,Nome,PAOM,OME,AK,America/Nome,true,true
5395,PAOT,medium_airport,Ralph Wien Memorial Airport,66.88469696,-162.598999,14,US,Kotzebue,PAOT,OTZ,AK,America/Nome,true,true
5397,PAPC,medium_airport,Port Clarence Coast Guard Station,65.2537002563,-166.85899353,10,US,Port Clarence,PAPC,KPC,AK,America/Nome,true,false
5398,PAPG,medium_airport,Petersburg James A Johnson Airport,56.80170059,-132.9450073,111,US,Petersburg,PAPG,PSG,AK,America/Sitka,true,true
5405,PASC,medium_airport,Deadhorse Airport,70.19470215,-148.4649963,65,US,Deadhorse,PASC,SCC,AK,America/Anchorage,true,true
5406,PASD,medium_airport,Sand Point Airport,55.313908,-160.522099,21,US,Sand Point,PASD,SDP,AK,America/Anchorage,true,true
5408,PASI,medium_airport,Sitka Rocky Gutierrez Airport,57.0471000671386,-135.361999511718,21,US,Sitka,PASI,SIT,AK,America/Sitka,true,true
5410,PASN,medium_airport,St Paul Island Airport,57.166311,-170.222555,63,US,St Paul Island,PASN,SNP,AK,America/Nome,true,true
5412,PASX,medium_airport,Soldotna Airport,60.474935,-151.038471,113,US,Soldotna,PASX,SXQ,AK,America/Anchorage,true,false
5413,PASY,medium_airport,Eareckson Air Station,52.71229935,174.1139984,95,US,Shemya,PASY,SYA,AK,America/Adak,true,false
5389,PAUN,medium_airport,Unalakleet Airport,63.888401,-160.798996,27,US,Unalakleet,PAUN,UNK,AK,America/Anchorage,true,true
5418,PAVD,medium_airport,Valdez Pioneer Field,61.132712,-146.246567,121,US,Valdez,PAVD,VDZ,AK,America/Anchorage,true,true
5420,PAWD,medium_airport,Seward Airport,60.130478,-149.418612,22,US,Seward,PAWD,SWD,AK,America/Anchorage,true,false
5421,PAWG,medium_airport,Wrangell Airport,56.48429871,-132.3699951,49,US,Wrangell,PAWG,WRG,AK,America/Sitka,true,true
26343,PAYA,medium_airport,Yakutat Airport,59.508717,-139.660435,33,US,Yakutat,PAYA,YAK,AK,America/Yakutat,true,true
5441,PHBK,medium_airport,Barking Sands Airport,22.0228,-159.785004,23,US,Kekaha,PHBK,BKH,HI,Pacific/Honolulu,true,false
5447,PHJR,medium_airport,Kalaeloa Airport,21.3074,-158.070009,30,US,Kapolei,PHJR,JRF,HI,Pacific/Honolulu,true,false
5450,PHMK,medium_airport,Molokai Airport,21.152901,-157.095993,454,US,Kaunakakai,PHMK,MKK,HI,Pacific/Honolulu,true,true
5451,PHMU,medium_airport,Waimea Kohala Airport,20.001301,-155.667999,2671,US,Waimea (Kamuela),PHMU,MUE,HI,Pacific/Honolulu,true,true
5452,PHNG,medium_airport,Kaneohe Bay MCAS (Marion E. Carl Field) Airport,21.4505,-157.768005,24,US,Kaneohe,PHNG,NGF,HI,Pacific/Honolulu,true,false
5454,PHNY,medium_airport,Lanai Airport,20.785675,-156.951324,1308,US,Lanai City,PHNY,LNY,HI,Pacific/Honolulu,true,true
5457,PHTO,medium_airport,Hilo International Airport,19.72135,-155.045428,38,US,Hilo,PHTO,ITO,HI,Pacific/Honolulu,true,true
12243,5A8,medium_airport,Aleknagik / New Airport,59.2826004028,-158.617996216,66,US,Aleknagik,,WKK,AK,America/Anchorage,false,true
336537,AG-0001,medium_airport,Burton-Nibbs International Airport,17.621194,-61.798347,28,AG,Codrington,TAPB,BBQ,,America/Antigua,false,true
3,AGGH,large_airport,Honiara International Airport,-9.428,160.054993,28,SB,Honiara,AGGH,HIR,,Pacific/Guadalcanal,false,true
4,AGGM,medium_airport,Munda Airport,-8.32797,157.263,10,SB,Munda,AGGM,MUA,,Pacific/Guadalcanal,false,true
8,ANYN,medium_airport,Nauru International Airport,-0.547893,166.919525,22,NR,Yaren,ANYN,INU,,Pacific/Nauru,false,true
314558,AXF,medium_airport,Alxa Left Banner Bayanhot Airport,38.748317,105.58416,4560,CN,Bayanhot,ZBAL,AXF,,Asia/Shanghai,false,true
35179,AYBA,medium_airport,Baimuru Airport,-7.496955,144.821756,27,PG,Baimuru,AYBA,VMU,,Pacific/Port_Moresby,false,true
53,AYBK,medium_airport,Buka Airport,-5.422299,154.672698,11,PG,Buka Island,AYBK,BUA,,Pacific/Bougainville,false,true
35180,AYBM,medium_airport,Balimo Airport,-8.05000019073,142.932998657,51,PG,Balimo,AYBM,OPU,,Pacific/Port_Moresby,false,true
54,AYCH,medium_airport,Chimbu Airport,-6.024290084838867,144.9709930419922,4974,PG,Kundiawa,AYCH,CMU,,Pacific/Port_Moresby,false,true
55,AYDU,medium_airport,Daru Airport,-9.08676,143.207993,20,PG,Daru,AYDU,DAU,,Pacific/Port_Moresby,false,true
56,AYGA,medium_airport,Goroka Airport,-6.081689834590001,145.391998291,5282,PG,Goronka,AYGA,GKA,,Pacific/Port_Moresby,false,true
57,AYGN,medium_airport,Gurney Airport,-10.3114995956,150.333999634,88,PG,Gurney,AYGN,GUR,,Pacific/Port_Moresby,false,true
58,AYGR,medium_airport,Girua Airport,-8.80453968048,148.309005737,311,PG,Popondetta,AYGR,PNP,,Pacific/Port_Moresby,false,true
59,AYHK,medium_airport,Hoskins Airport,-5.463846,150.407327,66,PG,Kimbe,AYHK,HKN,,Pacific/Port_Moresby,false,true
60,AYKM,medium_airport,Kerema Airport,-7.96361017227,145.770996094,10,PG,Kerema,AYKM,KMA,,Pacific/Port_Moresby,false,true
61,AYKV,medium_airport,Kavieng Airport,-2.57940006256,150.807998657,7,PG,Kavieng,AYKV,KVG,,Pacific/Port_Moresby,false,true
62,AYMD,medium_airport,Madang Airport,-5.20707988739,145.789001465,20,PG,Madang,AYMD,MAG,,Pacific/Port_Moresby,false,true
63,AYMH,medium_airport,Mount Hagen Kagamuga Airport,-5.828212,144.299412,5388,PG,Mount Hagen,AYMH,HGU,,Pacific/Port_Moresby,false,true
64,AYMN,medium_airport,Mendi Airport,-6.14774,143.656998,5680,PG,Mendi,AYMN,MDU,,Pacific/Port_Moresby,false,true
65,AYMO,medium_airport,Momote Airport,-2.06189,147.423996,12,PG,Manus Island,AYMO,MAS,,Pacific/Port_Moresby,false,true
66,AYNZ,large_airport,Nadzab Tomodachi International Airport,-6.567995,146.726544,239,PG,Lae,AYNZ,LAE,,Pacific/Port_Moresby,false,true
67,AYPY,large_airport,Port Moresby Jacksons International Airport,-9.443380355834961,147.22000122070312,146,PG,Port Moresby,AYPY,POM,,Pacific/Port_Moresby,false,true
68,AYTK,medium_airport,Tokua Airport,-4.34046,152.380005,49,PG,Kokopo,AYTK,RAB,,Pacific/Port_Moresby,false,true
69,AYVN,medium_airport,Vanimo Airport,-2.6926,141.3028,10,PG,Vanimo,AYVN,VAI,,Pacific/Port_Moresby,false,true
70,AYWD,medium_airport,Wapenamanda Airport,-5.635293,143.892231,5889,PG,Wapenamanda,AYWD,WBM,,Pacific/Port_Moresby,false,true
71,AYWK,medium_airport,Wewak International Airport,-3.58383011818,143.669006348,19,PG,Wewak,AYWK,WWK,,Pacific/Port_Moresby,false,true
31697,BGAA,medium_airport,Aasiaat Airport,68.721802,-52.784698,74,GL,Aasiaat,BGAA,JEG,,America/Nuuk,false,true
30839,BGCO,medium_airport,Neerlerit Inaat Airport,70.743103,-22.650499,45,GL,Neerlerit Inaat,BGCO,CNP,,America/Scoresbysund,false,true
114,BGGH,large_airport,Nuuk International Airport,64.191066,-51.67914,283,GL,Nuuk,BGGH,GOH,,America/Nuuk,false,true
31694,BGJN,medium_airport,Ilulissat Airport,69.243202,-51.057098,95,GL,Ilulissat,BGJN,JAV,,America/Nuuk,false,true
31786,BGKK,medium_airport,Kulusuk Airport,65.573601,-37.1236,117,GL,Kulusuk,BGKK,KUS,,America/Nuuk,false,true
32004,BGQQ,medium_airport,Qaanaaq Airport,77.488602,-69.388702,51,GL,Qaanaaq,BGQQ,NAQ,,America/Thule,false,true
115,BGSF,medium_airport,Kangerlussuaq International Airport,67.010446,-50.715294,165,GL,Kangerlussuaq,BGSF,SFJ,,America/Nuuk,false,true
31700,BGSS,medium_airport,Sisimiut Airport,66.951302,-53.729301,33,GL,Sisimiut,BGSS,JHS,,America/Nuuk,false,true
117,BIAR,large_airport,Akureyri International Airport,65.656573,-18.072018,6,IS,Akureyri,BIAR,AEY,,Atlantic/Reykjavik,false,true
119,BIEG,medium_airport,Egilsstaðir Airport,65.2833023071289,-14.401399612426758,76,IS,Egilsstaðir,BIEG,EGS,,Atlantic/Reykjavik,false,true
31549,BIGR,medium_airport,Grímsey Airport,66.5458,-18.0173,66,IS,Grímsey/Sandvík,BIGR,GRY,,Atlantic/Reykjavik,false,true
120,BIHN,medium_airport,Hornafjörður Airport,64.295601,-15.2272,24,IS,Höfn,BIHN,HFN,,Atlantic/Reykjavik,false,true
122,BIIS,medium_airport,Ísafjörður Airport,66.058098,-23.1353,8,IS,Ísafjörður,BIIS,IFJ,,Atlantic/Reykjavik,false,true
123,BIKF,large_airport,Keflavik International Airport,63.985001,-22.6056,171,IS,Reykjavík,BIKF,KEF,,Atlantic/Reykjavik,false,true
125,BIRK,medium_airport,Reykjavík Domestic Airport,64.128732,-21.93759,48,IS,Reykjavík,BIRK,RKV,,Atlantic/Reykjavik,false,true
32593,BIVO,medium_airport,Vopnafjörður Airport,65.720596,-14.8506,16,IS,Vopnafjörður,BIVO,VPN,,Atlantic/Reykjavik,false,true
4614,BKPR,large_airport,Priština Adem Jashari International Airport,42.5728,21.035801,1789,XK,Prishtina,BKPR,PRN,,Europe/Belgrade,false,true
333222,BR-0569,medium_airport,Glauber de Andrade Rocha Airport,-14.907885,-40.914804,2940,BR,Vitória da Conquista,SBVC,VDC,,America/Bahia,false,true
30861,BZ-CUK,medium_airport,Caye Caulker Airport,17.735015,-88.032862,2,BZ,Caye Caulker,MZCK,CUK,,America/Belize,false,true
30867,BZ-CYC,medium_airport,Caye Chapel Airport,17.683792,-88.044985,3,BZ,Caye Chapel,MZCP,CYC,,America/Belize,false,true
42209,BZ-CZH,medium_airport,Corozal Airport,18.3822,-88.411903,40,BZ,Corozal,MZCZ,CZH,,America/Belize,false,true
42207,BZ-DGA,medium_airport,Dangriga Airport,16.98251,-88.230988,10,BZ,Dangriga,MZPB,DGA,,America/Belize,false,true
32370,BZ-SPR,medium_airport,John Greif II Airport,17.9139,-87.9711,4,BZ,San Pedro,MZSP,SPR,,America/Belize,false,true
42215,BZ-TZA,medium_airport,Sir Barry Bowen Municipal Airport,17.517239,-88.195775,8,BZ,Belize City,MZBE,TZA,,America/Belize,false,true
624,CAJ4,medium_airport,Anahim Lake Airport,52.451501,-125.303776,3635,CA,Anahim Lake,,YAA,,America/Vancouver,false,true
643,CAT4,medium_airport,Qualicum Beach Airport,49.337456,-124.393086,191,CA,Qualicum Beach,,XQU,,America/Vancouver,false,true
664,CBBC,medium_airport,Bella Bella (Campbell Island) Airport,52.185001,-128.156994,141,CA,Bella Bella,CBBC,ZEL,,America/Vancouver,false,true
323881,CN-0062,medium_airport,Bazhong Enyang Airport,31.73842,106.644872,1804,CN,Bazhong,ZUBZ,BZX,,Asia/Shanghai,false,true
44157,CN-0079,medium_airport,Shaoguan Danxia Airport,24.9786,113.420998,280,CN,Shaoguan,ZGSG,HSC,,Asia/Shanghai,false,true
44159,CN-0081,medium_airport,Jinggangshan Airport,26.856899,114.737,281,CN,Ji'an,ZSGS,JGS,,Asia/Shanghai,false,true
44232,CN-0154,medium_airport,Jiaxing Nanhu Airport,30.698056,120.663056,15,CN,"Xiuzhou, Hangzhou",ZSJX,JNH,,Asia/Shanghai,false,true
350882,CN-0236,medium_airport,Shigatse Tingri Airport,28.604567,86.798,14108,CN,Xigazê (Dingri),ZUDR,DDR,,Asia/Shanghai,false,true
350883,CN-0237,medium_airport,Tashikuergan Hongqilafu Airport,37.661333,75.288877,10499,CN,Tashikuergan,ZWTK,HQL,,Asia/Urumqi,false,true
350945,CN-0249,medium_airport,Leshan Airport,29.438627,103.749218,1189,CN,Leshan (Wutongqiao),,LSG,,Asia/Shanghai,false,true
525773,CN-0421,medium_airport,Zhaotong Zhaoyang Airport,27.205843,103.691511,,CN,Zhaotong,ZPZT,ZAT,,Asia/Shanghai,false,true
598595,CN-0476,medium_airport,Bengbu Tenghu Airport,33.166292,117.058344,,CN,Bengbu,ZSBA,BFY,,Asia/Shanghai,false,true
1654,CYAG,medium_airport,Fort Frances Municipal Airport,48.655749,-93.44349,1125,CA,Fort Frances,CYAG,YAG,,America/Winnipeg,false,true
1657,CYAM,medium_airport,Sault Ste Marie Airport,46.483216,-84.508467,630,CA,Sault Ste Marie,CYAM,YAM,,America/Toronto,false,true
1658,CYAQ,medium_airport,Kasabonika Airport,53.52470016479492,-88.6427993774414,672,CA,Kasabonika,CYAQ,XKS,,America/Winnipeg,false,true
1665,CYAY,medium_airport,St. Anthony Airport,51.391909,-56.08321,108,CA,St. Anthony,CYAY,YAY,,America/St_Johns,false,true
1666,CYAZ,medium_airport,Tofino / Long Beach Airport,49.079833,-125.775583,80,CA,Tofino,CYAZ,YAZ,,America/Vancouver,false,true
1669,CYBC,medium_airport,Baie-Comeau Airport,49.1325,-68.204399,71,CA,Baie-Comeau,CYBC,YBC,,America/Toronto,false,true
1670,CYBD,medium_airport,Bella Coola Airport,52.387501,-126.596001,117,CA,Bella Coola,CYBD,QBC,,America/Vancouver,false,true
1672,CYBF,medium_airport,Bonnyville Airport,54.304199,-110.744003,1836,CA,Bonnyville,CYBF,YBY,,America/Edmonton,false,true
1673,CYBG,medium_airport,Saguenay-Bagotville Airport,48.330123,-70.992012,522,CA,Saguenay,CYBG,YBG,,America/Toronto,false,true
1674,CYBK,medium_airport,Baker Lake Airport,64.29889678960001,-96.077796936,59,CA,Baker Lake,CYBK,YBK,,America/Rankin_Inlet,false,true
1675,CYBL,medium_airport,Campbell River Airport,49.950802,-125.271004,346,CA,Campbell River,CYBL,YBL,,America/Vancouver,false,true
1678,CYBR,medium_airport,Brandon Municipal Airport,49.91,-99.951897,1343,CA,Brandon,CYBR,YBR,,America/Winnipeg,false,true
1683,CYBX,medium_airport,Lourdes-de-Blanc-Sablon Airport,51.4436,-57.185299,121,CA,Blanc-Sablon,CYBX,YBX,,America/Blanc-Sablon,false,true
1685,CYCB,medium_airport,Cambridge Bay Airport,69.1081008911,-105.138000488,90,CA,Cambridge Bay,CYCB,YCB,,America/Cambridge_Bay,false,true
1687,CYCD,medium_airport,Nanaimo Airport,49.05497,-123.869863,92,CA,Nanaimo,CYCD,YCD,,America/Vancouver,false,true
1689,CYCG,medium_airport,Castlegar/West Kootenay Regional Airport,49.296398,-117.632004,1624,CA,Castlegar,CYCG,YCG,,America/Vancouver,false,true
1703,CYDA,medium_airport,Dawson City Airport,64.04309844970703,-139.1280059814453,1215,CA,Dawson City,CYDA,YDA,,America/Dawson,false,true
1706,CYDF,medium_airport,Deer Lake Airport,49.208159,-57.396147,72,CA,Deer Lake,CYDF,YDF,,America/St_Johns,false,true
1710,CYDN,medium_airport,Dauphin Barker Airport,51.1008,-100.052002,999,CA,Dauphin,CYDN,YDN,,America/Winnipeg,false,true
1717,CYEG,large_airport,Edmonton International Airport,53.3097,-113.580002,2373,CA,Edmonton,CYEG,YEG,,America/Edmonton,false,true
1726,CYEV,medium_airport,Inuvik Mike Zubko Airport,68.30419921880001,-133.483001709,224,CA,Inuvik,CYEV,YEV,,America/Inuvik,false,true
1729,CYFB,medium_airport,Iqaluit Airport,63.756402,-68.555801,110,CA,Iqaluit,CYFB,YFB,,America/Iqaluit,false,true
1730,CYFC,medium_airport,Fredericton International Airport,45.868697,-66.529891,68,CA,Fredericton,CYFC,YFC,,America/Moncton,false,true
1737,CYFS,medium_airport,Fort Simpson Airport,61.76020050048828,-121.23699951171875,555,CA,Fort Simpson,CYFS,YFS,,America/Inuvik,false,true
1744,CYGL,medium_airport,La Grande Rivière Airport,53.625301361083984,-77.7042007446289,639,CA,La Grande Rivière,CYGL,YGL,,America/Toronto,false,true
1747,CYGP,medium_airport,Michel-Pouliot Gaspé Airport,48.774915,-64.481893,112,CA,Gaspé,CYGP,YGP,,America/Toronto,false,true
1749,CYGR,medium_airport,Îles-de-la-Madeleine Airport,47.425242,-61.778612,35,CA,Les Îles-de-la-Madeleine,CYGR,YGR,,America/Halifax,false,true
1751,CYGV,medium_airport,Havre-Saint-Pierre Airport,50.281898,-63.611401,124,CA,Havre-Saint-Pierre,CYGV,YGV,,America/Toronto,false,true
1752,CYGW,medium_airport,Kuujjuarapik Airport,55.281898498535156,-77.76529693603516,34,CA,Kuujjuarapik,CYGW,YGW,,America/Toronto,false,true
1763,CYHM,medium_airport,John C. Munro Hamilton International Airport,43.17348,-79.931185,780,CA,Hamilton,CYHM,YHM,,America/Toronto,false,true
1768,CYHU,medium_airport,Montréal / Saint-Hubert Metropolitan Airport,45.517502,-73.416901,90,CA,Montréal,CYHU,YHU,,America/Toronto,false,true
1769,CYHY,medium_airport,Hay River / Merlyn Carter Airport,60.8396987915,-115.782997131,541,CA,Hay River,CYHY,YHY,,America/Edmonton,false,true
1770,CYHZ,large_airport,Halifax / Stanfield International Airport,44.8807983398,-63.5085983276,477,CA,Halifax,CYHZ,YHZ,,America/Halifax,false,true
1773,CYIF,medium_airport,St Augustin Airport,51.2117,-58.658298,20,CA,St-Augustin,CYIF,YIF,,America/Blanc-Sablon,false,true
1776,CYIV,medium_airport,Island Lake Airport,53.857200622558594,-94.65360260009766,770,CA,Island Lake,CYIV,YIV,,America/Winnipeg,false,true
1784,CYKA,medium_airport,Kamloops John Moose Fulton Field Regional Airport,50.703038,-120.448641,1133,CA,Kamloops,CYKA,YKA,,America/Vancouver,false,true
1787,CYKF,medium_airport,Region of Waterloo International Airport,43.4608,-80.378601,1054,CA,Breslau,CYKF,YKF,,America/Toronto,false,true
1790,CYKL,medium_airport,Schefferville Airport,54.805301666259766,-66.8052978515625,1709,CA,Schefferville,CYKL,YKL,,America/Toronto,false,true
1803,CYLL,medium_airport,Lloydminster Airport,53.3092,-110.072998,2193,CA,Lloydminster,CYLL,YLL,,America/Edmonton,false,true
1293,CYLS,medium_airport,Barrie-Lake Simcoe Regional Airport,44.485056,-79.554663,972,CA,Barrie,CYLS,YLK,,America/Toronto,false,true
1808,CYLW,large_airport,Kelowna International Airport,49.9561,-119.377998,1421,CA,Kelowna,CYLW,YLW,,America/Vancouver,false,true
1815,CYMM,medium_airport,Fort McMurray International Airport,56.653301,-111.222,1211,CA,Fort McMurray,CYMM,YMM,,America/Edmonton,false,true
1816,CYMO,medium_airport,Moosonee Airport,51.291099548339844,-80.60780334472656,30,CA,Moosonee,CYMO,YMO,,America/Toronto,false,true
1817,CYMT,medium_airport,Chapais Airport,49.77190017700195,-74.5280990600586,1270,CA,Chibougamau,CYMT,YMT,,America/Toronto,false,true
1820,CYMX,medium_airport,Montreal Mirabel International Airport,45.679501,-74.038696,270,CA,Montréal,CYMX,YMX,,America/Toronto,false,true
1822,CYNA,medium_airport,Natashquan Airport,50.190114,-61.78898,39,CA,Natashquan,CYNA,YNA,,America/Blanc-Sablon,false,true
1824,CYND,medium_airport,Ottawa / Gatineau Airport,45.521702,-75.563599,211,CA,Gatineau,CYND,YND,,America/Toronto,false,true
1828,CYNL,medium_airport,Points North Landing Airport,58.27669906616211,-104.08200073242188,1605,CA,Points North Landing,CYNL,YNL,,America/Regina,false,true
1836,CYOJ,medium_airport,High Level Airport,58.62139892578125,-117.16500091552734,1110,CA,High Level,CYOJ,YOJ,,America/Edmonton,false,true
1840,CYOW,large_airport,Ottawa Macdonald-Cartier International Airport,45.322498,-75.669197,374,CA,Ottawa,CYOW,YOW,,America/Toronto,false,true
1842,CYPA,medium_airport,Prince Albert Glass Field,53.214199066199996,-105.672996521,1405,CA,Prince Albert,CYPA,YPA,,America/Regina,false,true
1845,CYPE,medium_airport,Peace River Airport,56.226898,-117.446999,1873,CA,Peace River,CYPE,YPE,,America/Edmonton,false,true
1849,CYPL,medium_airport,Pickle Lake Airport,51.4463996887207,-90.21420288085938,1267,CA,Pickle Lake,CYPL,YPL,,America/Atikokan,false,true
1851,CYPN,medium_airport,Port-Menier Airport,49.836399,-64.288597,167,CA,Port-Menier,CYPN,YPN,,America/Toronto,false,true
1854,CYPQ,medium_airport,Peterborough Regional Airport,44.232251,-78.362053,628,CA,Peterborough,CYPQ,YPQ,,America/Toronto,false,true
1855,CYPR,medium_airport,Prince Rupert Airport,54.286098480199996,-130.445007324,116,CA,Prince Rupert,CYPR,YPR,,America/Vancouver,false,true
1859,CYPW,medium_airport,Powell River Airport,49.83420181274414,-124.5,425,CA,Powell River,CYPW,YPW,,America/Vancouver,false,true
1860,CYPX,medium_airport,Puvirnituq Airport,60.050598,-77.286903,74,CA,Puvirnituq,CYPX,YPX,,America/Toronto,false,true
1861,CYPY,medium_airport,Fort Chipewyan Airport,58.7672004699707,-111.11699676513672,761,CA,Fort Chipewyan,CYPY,YPY,,America/Edmonton,false,true
1862,CYPZ,medium_airport,Burns Lake Airport,54.3764,-125.950996,2343,CA,Burns Lake,CYPZ,YPZ,,America/Vancouver,false,true
1863,CYQA,medium_airport,Muskoka Airport,44.975376,-79.306546,925,CA,Gravenhurst,CYQA,YQA,,America/Toronto,false,true
1864,CYQB,large_airport,Quebec Jean Lesage International Airport,46.7911,-71.393303,244,CA,Quebec,CYQB,YQB,,America/Toronto,false,true
1865,CYQD,medium_airport,The Pas Airport,53.97140121459961,-101.09100341796875,887,CA,The Pas,CYQD,YQD,,America/Winnipeg,false,true
1867,CYQG,medium_airport,Windsor International Airport,42.2756,-82.955597,622,CA,Windsor,CYQG,YQG,,America/Toronto,false,true
1868,CYQH,medium_airport,Watson Lake Airport,60.116839,-128.821993,2255,CA,Watson Lake,CYQH,YQH,,America/Whitehorse,false,true
1870,CYQK,medium_airport,Kenora Airport,49.788299560546875,-94.36309814453125,1332,CA,Kenora,CYQK,YQK,,America/Winnipeg,false,true
1871,CYQL,medium_airport,Lethbridge County Airport,49.6302986145,-112.800003052,3048,CA,Lethbridge,CYQL,YQL,,America/Edmonton,false,true
1872,CYQM,medium_airport,Greater Moncton Roméo LeBlanc International Airport,46.113189,-64.67719,232,CA,Moncton,CYQM,YQM,,America/Moncton,false,true
1873,CYQN,medium_airport,Nakina Airport,50.18280029296875,-86.69640350341797,1057,CA,Nakina,CYQN,YQN,,America/Toronto,false,true
1874,CYQQ,medium_airport,Comox Valley International Airport / CFB Comox,49.7108,-124.887001,84,CA,Comox,CYQQ,YQQ,,America/Vancouver,false,true
1875,CYQR,medium_airport,Regina International Airport,50.431938,-104.660906,1894,CA,Regina,CYQR,YQR,,America/Regina,false,true
1877,CYQT,medium_airport,Thunder Bay International Airport,48.371899,-89.323898,653,CA,Thunder Bay,CYQT,YQT,,America/Toronto,false,true
1878,CYQU,medium_airport,Grande Prairie Airport,55.1796989441,-118.885002136,2195,CA,Grande Prairie,CYQU,YQU,,America/Edmonton,false,true
1881,CYQX,medium_airport,Gander International Airport,48.936258,-54.567719,496,CA,Gander,CYQX,YQX,,America/St_Johns,false,true
1882,CYQY,medium_airport,Sydney / J.A. Douglas McCurdy Airport,46.161072,-60.049759,203,CA,Sydney,CYQY,YQY,,America/Glace_Bay,false,true
1883,CYQZ,medium_airport,Quesnel Airport,53.026100158691406,-122.51000213623047,1789,CA,Quesnel,CYQZ,YQZ,,America/Vancouver,false,true
1885,CYRB,medium_airport,Resolute Bay Airport,74.7169036865,-94.9693984985,215,CA,Resolute Bay,CYRB,YRB,,America/Resolute,false,true
1888,CYRJ,medium_airport,Roberval Airport,48.519665,-72.265735,586,CA,Roberval,CYRJ,YRJ,,America/Toronto,false,true
1889,CYRL,medium_airport,Red Lake Airport,51.066898345947266,-93.79309844970703,1265,CA,Red Lake,CYRL,YRL,,America/Winnipeg,false,true
1891,CYRO,medium_airport,Ottawa / Rockcliffe Airport,45.460496,-75.644001,188,CA,Ottawa,CYRO,YRO,,America/Toronto,false,true
1895,CYRT,medium_airport,Rankin Inlet Airport,62.8114013672,-92.1157989502,94,CA,Rankin Inlet,CYRT,YRT,,America/Rankin_Inlet,false,true
1897,CYSB,medium_airport,Sudbury Airport,46.625,-80.79889678955078,1141,CA,Sudbury,CYSB,YSB,,America/Toronto,false,true
1901,CYSF,medium_airport,Stony Rapids Airport,59.250301361083984,-105.84100341796875,805,CA,Stony Rapids,CYSF,YSF,,America/Regina,false,true
1904,CYSJ,medium_airport,Saint John Airport,45.31610107421875,-65.89029693603516,357,CA,Saint John,CYSJ,YSJ,,America/Moncton,false,true
1907,CYSM,medium_airport,Fort Smith Airport,60.020302,-111.961998,671,CA,Fort Smith,CYSM,YSM,,America/Edmonton,false,true
1908,CYSN,medium_airport,Niagara District Airport,43.191598,-79.171686,321,CA,Niagara-on-the-Lake,CYSN,YCM,,America/Toronto,false,true
1920,CYTH,medium_airport,Thompson Airport,55.80110168457031,-97.86419677734375,729,CA,Thompson,CYTH,YTH,,America/Winnipeg,false,true
1925,CYTS,medium_airport,Timmins/Victor M. Power,48.569698333699996,-81.376701355,967,CA,Timmins,CYTS,YTS,,America/Toronto,false,true
1926,CYTZ,medium_airport,Billy Bishop Toronto City Airport,43.627852,-79.39553,252,CA,Toronto,CYTZ,YTZ,,America/Toronto,false,true
1928,CYUL,large_airport,Montreal / Pierre Elliott Trudeau International Airport,45.467837,-73.742294,118,CA,Montréal,CYUL,YUL,,America/Toronto,false,true
1930,CYUX,medium_airport,Hall Beach Airport,68.7761,-81.2425,30,CA,Sanirajak,CYUX,YUX,,America/Iqaluit,false,true
1931,CYUY,medium_airport,Rouyn Noranda Airport,48.20610046386719,-78.83560180664062,988,CA,Rouyn-Noranda,CYUY,YUY,,America/Toronto,false,true
1932,CYVB,medium_airport,Bonaventure Airport,48.071098,-65.460297,123,CA,Bonaventure,CYVB,YVB,,America/Toronto,false,true
1933,CYVC,medium_airport,La Ronge Airport,55.151401519800004,-105.262001038,1242,CA,La Ronge,CYVC,YVC,,America/Regina,false,true
1938,CYVO,medium_airport,Val-d'Or Airport,48.0532989502,-77.7827987671,1107,CA,Val-d'Or,CYVO,YVO,,America/Toronto,false,true
1939,CYVP,medium_airport,Kuujjuaq Airport,58.096099853515625,-68.4269027709961,129,CA,Kuujjuaq,CYVP,YVP,,America/Toronto,false,true
1940,CYVQ,medium_airport,Norman Wells Airport,65.28160095214844,-126.7979965209961,238,CA,Norman Wells,CYVQ,YVQ,,America/Inuvik,false,true
1941,CYVR,large_airport,Vancouver International Airport,49.193901,-123.183998,14,CA,Vancouver,CYVR,YVR,,America/Vancouver,false,true
1943,CYVV,medium_airport,Wiarton Airport,44.7458,-81.107201,729,CA,Wiarton,CYVV,YVV,,America/Toronto,false,true
1946,CYWG,large_airport,Winnipeg / James Armstrong Richardson International Airport,49.909999847399995,-97.2398986816,783,CA,Winnipeg,CYWG,YWG,,America/Winnipeg,false,true
1949,CYWK,medium_airport,Wabush Airport,52.92190170288086,-66.8644027709961,1808,CA,Wabush,CYWK,YWK,,America/Goose_Bay,false,true
1950,CYWL,medium_airport,Williams Lake Airport,52.1831016541,-122.054000854,3085,CA,Williams Lake,CYWL,YWL,,America/Vancouver,false,true
1955,CYXC,medium_airport,Cranbrook/Canadian Rockies International Airport,49.610802,-115.781998,3082,CA,Cranbrook,CYXC,YXC,,America/Edmonton,false,true
1957,CYXE,large_airport,Saskatoon John G. Diefenbaker International Airport,52.170723,-106.700793,1653,CA,Saskatoon,CYXE,YXE,,America/Regina,false,true
1958,CYXH,medium_airport,Medicine Hat Regional Airport,50.018902,-110.721001,2352,CA,Medicine Hat,CYXH,YXH,,America/Edmonton,false,true
1959,CYXJ,medium_airport,Fort St John / North Peace Regional Airport,56.238098,-120.739998,2280,CA,Fort Saint John,CYXJ,YXJ,,America/Dawson_Creek,false,true
1961,CYXL,medium_airport,Sioux Lookout Airport,50.11389923095703,-91.9052963256836,1258,CA,Sioux Lookout,CYXL,YXL,,America/Winnipeg,false,true
1966,CYXS,medium_airport,Prince George (International) Airport,53.884311,-122.666554,2267,CA,Prince George,CYXS,YXS,,America/Vancouver,false,true
1967,CYXT,medium_airport,Northwest Regional Airport Terrace-Kitimat,54.468498,-128.576009,713,CA,Terrace,CYXT,YXT,,America/Vancouver,false,true
1968,CYXU,medium_airport,London International Airport,43.032845,-81.149003,912,CA,London,CYXU,YXU,,America/Toronto,false,true
1969,CYXX,medium_airport,Abbotsford International Airport,49.025299,-122.361,195,CA,Abbotsford,CYXX,YXX,,America/Vancouver,false,true
1970,CYXY,medium_airport,Whitehorse / Erik Nielsen International Airport,60.708533,-135.065705,2317,CA,Whitehorse,CYXY,YXY,,America/Whitehorse,false,true
1972,CYYB,medium_airport,North Bay Jack Garland Airport,46.363602,-79.422798,1215,CA,North Bay,CYYB,YYB,,America/Toronto,false,true
1973,CYYC,large_airport,Calgary International Airport,51.118822,-114.009933,3557,CA,Calgary,CYYC,YYC,,America/Edmonton,false,true
1974,CYYD,medium_airport,Smithers Airport,54.82469940185547,-127.18299865722656,1712,CA,Smithers,CYYD,YYD,,America/Vancouver,false,true
1975,CYYE,medium_airport,Fort Nelson Airport,58.8363990784,-122.597000122,1253,CA,Fort Nelson,CYYE,YYE,,America/Fort_Nelson,false,true
1976,CYYF,medium_airport,Penticton Airport,49.46310043334961,-119.60199737548828,1129,CA,Penticton,CYYF,YYF,,America/Vancouver,false,true
1977,CYYG,medium_airport,Charlottetown Airport,46.288911,-63.125174,160,CA,Charlottetown,CYYG,YYG,,America/Halifax,false,true
1979,CYYJ,large_airport,Victoria International Airport,48.647201,-123.427792,63,CA,Victoria,CYYJ,YYJ,,America/Vancouver,false,true
1980,CYYL,medium_airport,Lynn Lake Airport,56.86389923095703,-101.07599639892578,1170,CA,Lynn Lake,CYYL,YYL,,America/Winnipeg,false,true
1984,CYYQ,medium_airport,Churchill Airport,58.739200592041016,-94.06500244140625,94,CA,Churchill,CYYQ,YYQ,,America/Winnipeg,false,true
1985,CYYR,medium_airport,Goose Bay Airport,53.3191986084,-60.4258003235,160,CA,Goose Bay,CYYR,YYR,,America/Goose_Bay,false,true
1986,CYYT,large_airport,St. John's International Airport,47.618599,-52.7519,461,CA,St. John's,CYYT,YYT,,America/St_Johns,false,true
1989,CYYY,medium_airport,Mont Joli Airport,48.60860061645508,-68.20809936523438,172,CA,Mont-Joli,CYYY,YYY,,America/Toronto,false,true
1990,CYYZ,large_airport,Toronto Pearson International Airport,43.675935,-79.629421,569,CA,Toronto,CYYZ,YYZ,,America/Toronto,false,true
1993,CYZF,medium_airport,Yellowknife International Airport,62.462799,-114.440002,675,CA,Yellowknife,CYZF,YZF,,America/Edmonton,false,true
1996,CYZP,medium_airport,Sandspit Airport,53.25429916379999,-131.813995361,21,CA,Sandspit,CYZP,YZP,,America/Vancouver,false,true
1998,CYZS,medium_airport,Coral Harbour Airport,64.1932983398,-83.3593978882,210,CA,Coral Harbour,CYZS,YZS,,America/Atikokan,false,true
1999,CYZT,medium_airport,Port Hardy Airport,50.680599212646484,-127.36699676513672,71,CA,Port Hardy,CYZT,YZT,,America/Vancouver,false,true
2000,CYZU,medium_airport,Whitecourt Airport,54.143902,-115.787003,2567,CA,Whitecourt,CYZU,YZU,,America/Edmonton,false,true
2001,CYZV,medium_airport,Sept-Îles Airport,50.22330093383789,-66.2656021118164,180,CA,Sept-Îles,CYZV,YZV,,America/Toronto,false,true
2010,CZBF,medium_airport,Bathurst Airport,47.6297,-65.738899,193,CA,South Tetagouche,CZBF,ZBF,,America/Moncton,false,true
2030,CZMT,medium_airport,Masset Airport,54.0275,-132.125,25,CA,Masset,CZMT,ZMT,,America/Vancouver,false,true
2037,CZSJ,medium_airport,Sandy Lake Airport,53.06420135498047,-93.34439849853516,951,CA,Sandy Lake,CZSJ,ZSJ,,America/Winnipeg,false,true
2049,DAAE,large_airport,Soummam–Abane Ramdane Airport,36.712547,5.069909,20,DZ,Béjaïa,DAAE,BJA,,Africa/Algiers,false,true
2050,DAAG,large_airport,Houari Boumediene Airport,36.693886,3.214531,82,DZ,Algiers,DAAG,ALG,,Africa/Algiers,false,true
2051,DAAJ,large_airport,Tiska Djanet Airport,24.285448,9.463652,3176,DZ,Djanet,DAAJ,DJG,,Africa/Algiers,false,true
2054,DAAP,medium_airport,Illizi Takhamalt Airport,26.723499,8.62265,1778,DZ,Illizi,DAAP,VVZ,,Africa/Algiers,false,true
32193,DAAS,medium_airport,Ain Arnat Airport,36.178488,5.329909,3360,DZ,Sétif,DAAS,QSF,,Africa/Algiers,false,true
2056,DAAT,large_airport,Aguenar – Hadj Bey Akhamok Airport,22.810992,5.450832,4518,DZ,Tamanrasset,DAAT,TMR,,Africa/Algiers,false,true
2057,DAAV,large_airport,Jijel Ferhat Abbas Airport,36.794125,5.873652,36,DZ,Tahir,DAAV,GJL,,Africa/Algiers,false,true
2058,DAAY,medium_airport,Mecheria Airport,33.5359,-0.242353,3855,DZ,Mecheria,DAAY,MZW,,Africa/Algiers,false,true
2060,DABB,large_airport,Annaba Rabah Bitat Airport,36.826781,7.81334,16,DZ,Annaba,DABB,AAE,,Africa/Algiers,false,true
2061,DABC,large_airport,Mohamed Boudiaf International Airport,36.276001,6.62039,2265,DZ,Constantine,DABC,CZL,,Africa/Algiers,false,true
2062,DABS,medium_airport,Cheikh Larbi Tébessi Airport,35.4315986633,8.12071990967,2661,DZ,Tébessi,DABS,TEE,,Africa/Algiers,false,true
2063,DABT,large_airport,Batna Mostefa Ben Boulaid Airport,35.752102,6.30859,2697,DZ,Batna,DABT,BLJ,,Africa/Algiers,false,true
2067,DAOF,medium_airport,Tindouf Airport,27.7003993988,-8.167099952700001,1453,DZ,Tindouf,DAOF,TIN,,Africa/Algiers,false,true
2068,DAOI,large_airport,Chlef Aboubakr Belkaid International Airport,36.216614,1.341114,463,DZ,Chlef,DAOI,CFK,,Africa/Algiers,false,true
2070,DAON,large_airport,Zenata – Messali El Hadj Airport,35.012732,-1.457117,814,DZ,Zenata,DAON,TLM,,Africa/Algiers,false,true
2071,DAOO,large_airport,Oran Es-Sénia (Ahmed Ben Bella) International Airport,35.620648,-0.622486,295,DZ,Es-Sénia,DAOO,ORN,,Africa/Algiers,false,true
2072,DAOR,medium_airport,Béchar Boudghene Ben Ali Lotfi Airport,31.645700454711914,-2.269860029220581,2661,DZ,Béchar,DAOR,CBH,,Africa/Algiers,false,true
30777,DATM,medium_airport,Bordj Badji Mokhtar Airport,21.3778,0.92698,1303,DZ,Bordj Badji Mokhtar,DATM,BMW,,Africa/Algiers,false,true
2075,DAUA,medium_airport,Touat-Cheikh Sidi Mohamed Belkebir Airport,27.837601,-0.186414,919,DZ,Adrar,DAUA,AZR,,Africa/Algiers,false,true
2076,DAUB,large_airport,Biskra - Mohamed Khider Airport,34.79318,5.738899,289,DZ,Biskra,DAUB,BSK,,Africa/Algiers,false,true
2077,DAUE,medium_airport,El Golea Airport,30.580732,2.861595,1306,DZ,El Menia,DAUE,ELG,,Africa/Algiers,false,true
2078,DAUG,medium_airport,Noumérat - Moufdi Zakaria Airport,32.384102,3.79411,1512,DZ,El Atteuf,DAUG,GHA,,Africa/Algiers,false,true
2079,DAUH,medium_airport,Hassi Messaoud-Oued Irara Krim Belkacem Airport,31.673,6.14044,463,DZ,Hassi Messaoud,DAUH,HME,,Africa/Algiers,false,true
2080,DAUI,medium_airport,In Salah Airport,27.250999,2.51202,896,DZ,In Salah,DAUI,INZ,,Africa/Algiers,false,true
2081,DAUK,medium_airport,Touggourt Sidi Madhi Airport,33.067799,6.08867,279,DZ,Touggourt,DAUK,TGR,,Africa/Algiers,false,true
2082,DAUL,medium_airport,Laghouat - Molay Ahmed Medeghri Airport,33.7644,2.92834,2510,DZ,Laghouat,DAUL,LOO,,Africa/Algiers,false,true
2083,DAUO,medium_airport,Guemar Airport - مطار قمار بالوادي,33.511398,6.77679,203,DZ,Guemar,DAUO,ELU,,Africa/Algiers,false,true
2084,DAUT,medium_airport,Timimoun Airport,29.237101,0.276033,1027,DZ,Timimoun,DAUT,TMX,,Africa/Algiers,false,true
2085,DAUU,medium_airport,Ain Beida Airport,31.9172,5.41278,492,DZ,Ouargla,DAUU,OGX,,Africa/Algiers,false,true
2086,DAUZ,medium_airport,Zarzaitine - In Aménas Airport,28.0515,9.64291,1847,DZ,In Aménas,DAUZ,IAM,,Africa/Algiers,false,true
2087,DBBB,large_airport,Cotonou Cadjehoun International Airport,6.35723,2.38435,19,BJ,Cotonou,DBBB,COO,,Africa/Porto-Novo,false,true
2088,DFFD,large_airport,Ouagadougou Thomas Sankara International Airport,12.3532,-1.51242,1037,BF,Ouagadougou,DFFD,OUA,,Africa/Ouagadougou,false,true
2089,DFOO,large_airport,Bobo Dioulasso Airport,11.1601,-4.33097,1511,BF,Bobo Dioulasso,DFOO,BOY,,Africa/Ouagadougou,false,true
2090,DGAA,large_airport,Kotoka International Airport,5.605189800262451,-0.16678600013256073,205,GH,Accra,DGAA,ACC,,Africa/Accra,false,true
2091,DGLE,large_airport,Yakubu Tali International Airport,9.553909,-0.86606,553,GH,Tamale,DGLE,TML,,Africa/Accra,false,true
2093,DGSI,large_airport,Prempeh I International Airport,6.71456,-1.59082,942,GH,Kumasi,DGSI,KMS,,Africa/Accra,false,true
2094,DGSN,medium_airport,Sunyani Airport,7.36183,-2.32876,1014,GH,Sunyani,DGSN,NYI,,Africa/Accra,false,true
2095,DGTK,medium_airport,Takoradi Airport,4.896059989929199,-1.7747600078582764,21,GH,Sekondi-Takoradi,DGTK,TKD,,Africa/Accra,false,true
2096,DIAP,large_airport,Félix-Houphouët-Boigny International Airport,5.26139,-3.92629,21,CI,Abidjan,DIAP,ABJ,,Africa/Abidjan,false,true
2097,DIBK,medium_airport,Bouaké Airport,7.7388,-5.07367,1230,CI,Bouaké,DIBK,BYK,,Africa/Abidjan,false,true
2099,DIKO,medium_airport,Korhogo Airport,9.38718,-5.55666,1214,CI,Korhogo,DIKO,HGO,,Africa/Abidjan,false,true
2101,DISP,medium_airport,San Pedro Airport,4.74672,-6.66082,26,CI,,DISP,SPY,,Africa/Abidjan,false,true
4971,DN57,medium_airport,Umaru Musa Yar'adua Airport,13.0078,7.66045,1660,NG,Katsina,DNKT,DKA,,Africa/Lagos,false,true
2104,DNAA,large_airport,Nnamdi Azikiwe International Airport,9.00679,7.26317,1123,NG,Abuja,DNAA,ABV,,Africa/Lagos,false,true
309668,DNAI,medium_airport,Akwa Ibom International Airport,4.8725,8.093,170,NG,Uyo,DNAI,QUO,,Africa/Lagos,false,true
2105,DNAK,medium_airport,Akure Airport,7.246739864349365,5.3010101318359375,1100,NG,Akure,DNAK,AKR,,Africa/Lagos,false,true
300781,DNAS,large_airport,Asaba International Airport,6.204167,6.665278,305,NG,Asaba,DNAS,ABB,,Africa/Lagos,false,true
323056,DNBC,large_airport,Sir Abubakar Tafawa Balewa Bauchi State International Airport,10.482833,9.744,1965,NG,Bauchi,DNBC,BCU,,Africa/Lagos,false,true
2106,DNBE,medium_airport,Benin Airport,6.316979885101318,5.5995001792907715,258,NG,Benin,DNBE,BNI,,Africa/Lagos,false,true
2107,DNCA,medium_airport,Margaret Ekpo International Airport,4.976019859313965,8.347200393676758,210,NG,Calabar,DNCA,CBQ,,Africa/Lagos,false,true
2108,DNEN,large_airport,Akanu Ibiam International Airport,6.473718,7.560463,466,NG,Enegu,DNEN,ENU,,Africa/Lagos,false,true
44578,DNGO,medium_airport,Gombe Lawanti International Airport,10.298889,10.9,1590,NG,Gombe,DNGO,GMO,,Africa/Lagos,false,true
2110,DNIB,medium_airport,Ibadan Airport,7.362460136413574,3.97832989692688,725,NG,Ibadan,DNIB,IBA,,Africa/Lagos,false,true
2111,DNIL,large_airport,General Tunde Idiagbon International Airport,8.44021,4.49392,1126,NG,Ilorin/Ogbomosho,DNIL,ILR,,Africa/Lagos,false,true
2112,DNIM,medium_airport,Sam Mbakwe International Cargo Airport,5.42706,7.20603,373,NG,Owerri,DNIM,QOW,,Africa/Lagos,false,true
2113,DNJO,medium_airport,Yakubu Gowon Airport,9.639829635620117,8.869050025939941,4232,NG,Jos,DNJO,JOS,,Africa/Lagos,false,true
2114,DNKA,large_airport,Kaduna International Airport,10.696,7.32011,2073,NG,Kaduna,DNKA,KAD,,Africa/Lagos,false,true
2115,DNKN,large_airport,Mallam Aminu Kano International Airport,12.045613,8.523566,1562,NG,Kano,DNKN,KAN,,Africa/Lagos,false,true
2116,DNMA,large_airport,Maiduguri International Airport,11.854163,13.080702,1099,NG,Maiduguri,DNMA,MIU,,Africa/Lagos,false,true
2117,DNMK,medium_airport,Makurdi Airport,7.70388,8.61394,371,NG,Makurdi,DNMK,MDI,,Africa/Lagos,false,true
2118,DNMM,large_airport,Murtala Muhammed International Airport,6.57737,3.32116,135,NG,Lagos,DNMM,LOS,,Africa/Lagos,false,true
2120,DNPO,large_airport,Port Harcourt International Airport,5.01549,6.94959,87,NG,Port Harcourt,DNPO,PHC,,Africa/Lagos,false,true
2121,DNSO,large_airport,Sadiq Abubakar III International Airport,12.915729,5.207547,1010,NG,Sokoto,DNSO,SKO,,Africa/Lagos,false,true
32192,DNSU,medium_airport,Warri Airport,5.59821,5.8187,242,NG,Okpe,DNSU,QRW,,Africa/Lagos,false,true
2122,DNYO,medium_airport,Yola Airport,9.257550239562988,12.430399894714355,599,NG,Yola,DNYO,YOL,,Africa/Lagos,false,true
2125,DRRN,large_airport,Diori Hamani International Airport,13.4815,2.18361,732,NE,Niamey,DRRN,NIM,,Africa/Niamey,false,true
2130,DRZR,medium_airport,Zinder Airport,13.779000282287598,8.983759880065918,1516,NE,Zinder,DRZR,ZND,,Africa/Niamey,false,true
2131,DTKA,medium_airport,Tabarka-Aïn Draham International Airport,36.98,8.87694,230,TN,Tabarka,DTKA,TBJ,,Africa/Tunis,false,true
2132,DTMB,medium_airport,Monastir Habib Bourguiba International Airport,35.75809860229492,10.75469970703125,9,TN,Monastir,DTMB,MIR,,Africa/Tunis,false,true
44483,DTNH,medium_airport,Enfidha - Hammamet International Airport,36.075833,10.438611,21,TN,Enfidha,DTNH,NBE,,Africa/Tunis,false,true
2133,DTTA,large_airport,Tunis Carthage International Airport,36.851002,10.2272,22,TN,Tunis,DTTA,TUN,,Africa/Tunis,false,true
2139,DTTJ,large_airport,Djerba Zarzis International Airport,33.873719,10.7773,19,TN,Mellita,DTTJ,DJE,,Africa/Tunis,false,true
2141,DTTX,medium_airport,Sfax Thyna International Airport,34.717999,10.691,85,TN,Sfax,DTTX,SFA,,Africa/Tunis,false,true
2142,DTTZ,medium_airport,Tozeur Nefta International Airport,33.939701080322266,8.110560417175293,287,TN,Tozeur,DTTZ,TOE,,Africa/Tunis,false,true
2144,DXXX,large_airport,Lomé–Tokoin International Airport,6.16561,1.25451,72,TG,Lomé,DXXX,LFW,,Africa/Lome,false,true
2152,EBAW,medium_airport,Antwerp International Airport (Deurne),51.190667,4.463153,39,BE,Antwerp,EBAW,ANR,,Europe/Brussels,false,true
2155,EBBR,large_airport,Brussels Airport,50.901402,4.48444,175,BE,Zaventem,EBBR,BRU,,Europe/Brussels,false,true
2157,EBCI,large_airport,Brussels South Charleroi Airport,50.461963,4.459562,614,BE,Charleroi,EBCI,CRL,,Europe/Brussels,false,true
2162,EBLG,medium_airport,Liège Airport,50.638574,5.443897,659,BE,Grâce-Hollogne,EBLG,LGG,,Europe/Brussels,false,true
2163,EBOS,large_airport,Ostend-Bruges International Airport,51.1998,2.874673,13,BE,Oostende,EBOS,OST,,Europe/Brussels,false,true
2187,EDAH,medium_airport,Heringsdorf Airport,53.8787,14.1523,94,DE,Zirchow,EDAH,HDF,,Europe/Berlin,false,true
301881,EDDB,large_airport,Berlin Brandenburg Airport,52.361738,13.502341,157,DE,Berlin,EDDB,BER,,Europe/Berlin,false,true
2210,EDDC,large_airport,Dresden Airport,51.134123,13.767831,755,DE,Dresden,EDDC,DRS,,Europe/Berlin,false,true
2211,EDDE,large_airport,Erfurt-Weimar Airport,50.978281,10.960713,1036,DE,Erfurt,EDDE,ERF,,Europe/Berlin,false,true
2212,EDDF,large_airport,Frankfurt Main Airport,50.026706,8.55835,364,DE,Frankfurt am Main,EDDF,FRA,,Europe/Berlin,false,true
2213,EDDG,large_airport,Münster Osnabrück Airport,52.133816,7.688482,160,DE,Greven,EDDG,FMO,,Europe/Berlin,false,true
2214,EDDH,large_airport,Hamburg Helmut Schmidt Airport,53.630402,9.98823,53,DE,Hamburg,EDDH,HAM,,Europe/Berlin,false,true
2216,EDDK,large_airport,Cologne Bonn Airport,50.865898,7.14274,302,DE,Köln (Cologne),EDDK,CGN,,Europe/Berlin,false,true
2217,EDDL,large_airport,Düsseldorf Airport,51.289501,6.76678,147,DE,Düsseldorf,EDDL,DUS,,Europe/Berlin,false,true
2218,EDDM,large_airport,Munich Airport,48.353802,11.7861,1487,DE,Munich,EDDM,MUC,,Europe/Berlin,false,true
2219,EDDN,large_airport,Nuremberg Airport,49.498699,11.078056,1046,DE,Nuremberg,EDDN,NUE,,Europe/Berlin,false,true
2220,EDDP,large_airport,Leipzig/Halle Airport,51.420657,12.232705,465,DE,Schkeuditz,EDDP,LEJ,,Europe/Berlin,false,true
2221,EDDR,medium_airport,Saarbrücken Airport,49.214545,7.109735,1058,DE,Saarbrücken,EDDR,SCN,,Europe/Berlin,false,true
2222,EDDS,large_airport,Stuttgart Airport,48.689899,9.22196,1276,DE,Stuttgart,EDDS,STR,,Europe/Berlin,false,true
2224,EDDV,large_airport,Hannover Airport,52.461102,9.68508,183,DE,Hannover,EDDV,HAJ,,Europe/Berlin,false,true
2225,EDDW,large_airport,Bremen Airport,53.046786,8.78932,14,DE,Bremen,EDDW,BRE,,Europe/Berlin,false,true
2227,EDFH,large_airport,Frankfurt-Hahn Airport,49.946353,7.261734,1649,DE,Frankfurt am Main (Lautzenhausen),EDFH,HHN,,Europe/Berlin,false,true
2228,EDFM,medium_airport,Mannheim-City Airport,49.473057,8.514167,308,DE,Mannheim,EDFM,MHG,,Europe/Berlin,false,true
2236,EDHL,medium_airport,Lübeck Blankensee Airport,53.805401,10.7192,53,DE,Lübeck,EDHL,LBC,,Europe/Berlin,false,true
2237,EDJA,large_airport,Memmingen Allgau Airport,47.988092,10.238248,2077,DE,Memmingen,EDJA,FMM,,Europe/Berlin,false,true
2244,EDLP,large_airport,Paderborn Lippstadt Airport,51.612527,8.617459,699,DE,Büren,EDLP,PAD,,Europe/Berlin,false,true
2246,EDLV,large_airport,Weeze (Niederrhein) Airport,51.601362,6.141228,106,DE,Weeze,EDLV,NRN,,Europe/Berlin,false,true
2247,EDLW,large_airport,Dortmund Airport,51.518299,7.61224,425,DE,Dortmund,EDLW,DTM,,Europe/Berlin,false,true
2256,EDNY,large_airport,Bodensee Airport Friedrichshafen,47.671299,9.51149,1367,DE,Friedrichshafen,EDNY,FDH,,Europe/Berlin,false,true
2270,EDSB,large_airport,Karlsruhe Baden-Baden Airport,48.7794,8.0805,408,DE,Rheinmünster,EDSB,FKB,,Europe/Berlin,false,true
2285,EDVK,large_airport,Kassel Airport,51.418395,9.391638,820,DE,Calden,EDVK,KSF,,Europe/Berlin,false,true
2296,EDXW,medium_airport,Westerland Sylt Airport,54.9132,8.34047,51,DE,Sylt,EDXW,GWT,,Europe/Berlin,false,true
2298,EEKA,medium_airport,Kärdla Airport,58.99079895019531,22.830699920654297,18,EE,Kärdla,EEKA,KDL,,Europe/Tallinn,false,true
2299,EEKE,medium_airport,Kuressaare Airport,58.22990036010742,22.50950050354004,14,EE,Kuressaare,EEKE,URE,,Europe/Tallinn,false,true
2300,EEPU,medium_airport,Pärnu Airport,58.41899871826172,24.47279930114746,47,EE,Pärnu,EEPU,EPU,,Europe/Tallinn,false,true
2301,EETN,large_airport,Lennart Meri Tallinn Airport,59.413246,24.83264,131,EE,Tallinn,EETN,TLL,,Europe/Tallinn,false,true
2302,EETU,medium_airport,Tartu Airport,58.307438,26.686473,220,EE,Tartu,EETU,TAY,,Europe/Tallinn,false,true
2303,EFET,medium_airport,Enontekio Airport,68.362602233887,23.424299240112,1005,FI,Enontekio,EFET,ENF,,Europe/Helsinki,false,true
2307,EFHK,large_airport,Helsinki Vantaa Airport,60.318363,24.963341,179,FI,Helsinki (Vantaa),EFHK,HEL,,Europe/Helsinki,false,true
2314,EFIV,large_airport,Ivalo Airport,68.6073,27.4053,481,FI,Ivalo,EFIV,IVL,,Europe/Helsinki,false,true
2315,EFJO,medium_airport,Joensuu Airport,62.658815,29.619398,398,FI,Joensuu,EFJO,JOE,,Europe/Helsinki,false,true
2316,EFJY,medium_airport,Jyväskylä Airport,62.399502,25.678301,459,FI,Jyväskylän Maalaiskunta,EFJY,JYV,,Europe/Helsinki,false,true
2318,EFKE,medium_airport,Kemi-Tornio Airport,65.778701782227,24.582099914551,61,FI,Kemi / Tornio,EFKE,KEM,,Europe/Helsinki,false,true
2319,EFKI,medium_airport,Kajaani Airport,64.2855,27.6924,483,FI,Kajaani,EFKI,KAJ,,Europe/Helsinki,false,true
2321,EFKK,medium_airport,Kokkola-Pietarsaari Airport,63.721199,23.143101,84,FI,Kokkola / Kruunupyy,EFKK,KOK,,Europe/Helsinki,false,true
2324,EFKS,medium_airport,Kuusamo Airport,65.987602,29.239401,866,FI,Kuusamo,EFKS,KAO,,Europe/Helsinki,false,true
2325,EFKT,large_airport,Kittilä International Airport,67.700996,24.8468,644,FI,Kittilä,EFKT,KTT,,Europe/Helsinki,false,true
2326,EFKU,large_airport,Kuopio Airport,63.007099,27.7978,323,FI,Kuopio / Siilinjärvi,EFKU,KUO,,Europe/Helsinki,false,true
2329,EFLP,large_airport,Lappeenranta Airport,61.044601,28.144743,349,FI,Lappeenranta,EFLP,LPP,,Europe/Helsinki,false,true
2330,EFMA,medium_airport,Mariehamn Airport,60.1222,19.898199,17,FI,Mariehamn,EFMA,MHQ,,Europe/Mariehamn,false,true
2334,EFOU,large_airport,Oulu Airport,64.930099,25.354601,47,FI,Oulu / Oulunsalo,EFOU,OUL,,Europe/Helsinki,false,true
2336,EFPO,medium_airport,Pori Airport,61.4617,21.799999,44,FI,Pori,EFPO,POR,,Europe/Helsinki,false,true
2341,EFRO,large_airport,Rovaniemi Airport,66.563327,25.829751,642,FI,Rovaniemi,EFRO,RVN,,Europe/Helsinki,false,true
2343,EFSA,medium_airport,Savonlinna Airport,61.9431,28.945101,311,FI,Savonlinna,EFSA,SVL,,Europe/Helsinki,false,true
2347,EFTP,large_airport,Tampere-Pirkkala Airport,61.414101,23.604401,390,FI,Tampere / Pirkkala,EFTP,TMP,,Europe/Helsinki,false,true
2349,EFTU,large_airport,Turku Airport,60.514099,22.2628,161,FI,Turku,EFTU,TKU,,Europe/Helsinki,false,true
2351,EFVA,large_airport,Vaasa Airport,63.05023,21.762543,19,FI,Vaasa,EFVA,VAA,,Europe/Helsinki,false,true
2385,EGAA,large_airport,Belfast International Airport,54.6575012207,-6.2158298492399995,268,GB,Belfast,EGAA,BFS,,Europe/London,false,true
2387,EGAC,medium_airport,George Best Belfast City Airport,54.618099,-5.8725,15,GB,Belfast,EGAC,BHD,,Europe/London,false,true
2388,EGAE,medium_airport,City of Derry Airport,55.042801,-7.16111,22,GB,"Derry, Derry and Strabane",EGAE,LDY,,Europe/London,false,true
2389,EGBB,large_airport,Birmingham Airport,52.453899,-1.74803,327,GB,"Birmingham, West Midlands",EGBB,BHX,,Europe/London,false,true
2398,EGCC,large_airport,Manchester Airport,53.349375,-2.279521,257,GB,"Manchester, Greater Manchester",EGCC,MAN,,Europe/London,false,true
2411,EGEC,medium_airport,Campbeltown Airport,55.437199,-5.68639,42,GB,Campbeltown,EGEC,CAL,,Europe/London,false,true
29126,EGED,medium_airport,Eday Airport,59.19060134887695,-2.7722198963165283,10,GB,Eday,EGED,EOI,,Europe/London,false,true
2415,EGFF,large_airport,Cardiff International Airport,51.396702,-3.34333,220,GB,Cardiff,EGFF,CWL,,Europe/London,false,true
2417,EGGD,large_airport,Bristol Airport,51.382326,-2.716453,622,GB,Bristol,EGGD,BRS,,Europe/London,false,true
2418,EGGP,large_airport,Liverpool John Lennon Airport,53.334863,-2.849637,80,GB,Liverpool,EGGP,LPL,,Europe/London,false,true
2419,EGGW,large_airport,London Luton Airport,51.874699,-0.368333,526,GB,"Luton, Luton",EGGW,LTN,,Europe/London,false,true
2421,EGHH,medium_airport,Bournemouth Airport,50.780483,-1.839576,38,GB,Bournemouth,EGHH,BOH,,Europe/London,false,true
2422,EGHI,medium_airport,Southampton Airport,50.950298,-1.3568,44,GB,Southampton,EGHI,SOU,,Europe/London,false,true
2404,EGHQ,medium_airport,Cornwall Airport Newquay,50.440601,-4.99541,390,GB,Newquay,EGHQ,NQY,,Europe/London,false,true
2424,EGJA,medium_airport,Alderney Airport,49.706104,-2.21472,290,GG,Saint Anne,EGJA,ACI,,Europe/Guernsey,false,true
2425,EGJB,medium_airport,Guernsey Airport,49.435001,-2.60197,336,GG,Saint Peter Port,EGJB,GCI,,Europe/Guernsey,false,true
2426,EGJJ,medium_airport,Jersey Airport,49.207901,-2.19551,277,JE,St. Peter,EGJJ,JER,,Europe/Jersey,false,true
2429,EGKK,large_airport,London Gatwick Airport,51.148744,-0.185739,202,GB,London,EGKK,LGW,,Europe/London,false,true
2430,EGLC,medium_airport,London City Airport,51.505299,0.055278,19,GB,London,EGLC,LCY,,Europe/London,false,true
2434,EGLL,large_airport,London Heathrow Airport,51.470748,-0.459909,83,GB,London,EGLL,LHR,,Europe/London,false,true
2435,EGMC,medium_airport,London Southend Airport,51.570562,0.693627,49,GB,"Southend-on-Sea, Essex",EGMC,SEN,,Europe/London,false,true
2442,EGNJ,medium_airport,Humberside Airport,53.576152,-0.34954,121,GB,"Grimsby, Lincolnshire",EGNJ,HUY,,Europe/London,false,true
2444,EGNM,large_airport,Leeds Bradford Airport,53.865898,-1.66057,681,GB,"Leeds, West Yorkshire",EGNM,LBA,,Europe/London,false,true
2447,EGNS,large_airport,Isle of Man Airport,54.083081,-4.623871,52,IM,Castletown,EGNS,IOM,,Europe/Isle_of_Man,false,true
2448,EGNT,large_airport,Newcastle International Airport,55.037958,-1.689577,266,GB,"Newcastle upon Tyne, Tyne and Wear",EGNT,NCL,,Europe/London,false,true
2449,EGNV,medium_airport,Teesside International Airport,54.509201,-1.42941,120,GB,"Darlington, Durham",EGNV,MME,,Europe/London,false,true
2450,EGNX,large_airport,East Midlands Airport,52.8311,-1.32806,306,GB,"Nottingham, Leicestershire",EGNX,EMA,,Europe/London,false,true
2456,EGPA,medium_airport,Kirkwall Airport,58.957903,-2.905077,50,GB,"Kirkwall, Orkney Islands",EGPA,KOI,,Europe/London,false,true
2457,EGPB,medium_airport,Sumburgh Airport,59.878899,-1.29556,20,GB,"Lerwick, Shetland",EGPB,LSI,,Europe/London,false,true
2458,EGPC,medium_airport,Wick John O'Groats Airport,58.4589,-3.09306,126,GB,Wick,EGPC,WIC,,Europe/London,false,true
2459,EGPD,large_airport,Aberdeen International Airport,57.2019,-2.19778,215,GB,Aberdeen,EGPD,ABZ,,Europe/London,false,true
2460,EGPE,medium_airport,Inverness Airport,57.5425,-4.0475,31,GB,Inverness,EGPE,INV,,Europe/London,false,true
2461,EGPF,large_airport,Glasgow Airport,55.871899,-4.43306,26,GB,Glasgow,EGPF,GLA,,Europe/London,false,true
2462,EGPH,large_airport,Edinburgh Airport,55.950145,-3.372288,135,GB,"Ingliston, Edinburgh",EGPH,EDI,,Europe/London,false,true
2463,EGPI,medium_airport,Islay Airport,55.682708,-6.257525,56,GB,"Isle of Islay, Argyll and Bute",EGPI,ILY,,Europe/London,false,true
2464,EGPK,large_airport,Glasgow Prestwick Airport,55.501499,-4.577182,65,GB,"Prestwick, South Ayrshire",EGPK,PIK,,Europe/London,false,true
2465,EGPL,medium_airport,Benbecula Airport,57.481098,-7.36278,19,GB,Balivanich,EGPL,BEB,,Europe/London,false,true
2467,EGPN,medium_airport,Dundee Airport,56.452499,-3.02583,17,GB,Dundee,EGPN,DND,,Europe/London,false,true
2468,EGPO,medium_airport,Stornoway Airport,58.215599,-6.33111,26,GB,"Stornoway, Western Isles",EGPO,SYY,,Europe/London,false,true
29173,EGPR,medium_airport,Barra Airport,57.0228,-7.44306,5,GB,Eoligarry,EGPR,BRR,,Europe/London,false,true
2469,EGPU,medium_airport,Tiree Airport,56.499199,-6.86917,38,GB,"Balemartine, Argyll and Bute",EGPU,TRE,,Europe/London,false,true
2475,EGSH,medium_airport,Norwich Airport,52.6758,1.28278,118,GB,"Norwich, Norfolk",EGSH,NWI,,Europe/London,false,true
2476,EGSS,large_airport,London Stansted Airport,51.884998,0.235,348,GB,"London, Essex",EGSS,STN,,Europe/London,false,true
2481,EGTE,medium_airport,Exeter International Airport,50.734261,-3.413984,102,GB,"Exeter, Devon",EGTE,EXT,,Europe/London,false,true
2512,EGYP,large_airport,Mount Pleasant Airport / RAF Mount Pleasant,-51.822642,-58.445777,244,FK,Mount Pleasant,EGYP,MPN,,Atlantic/Stanley,false,true
2513,EHAM,large_airport,Amsterdam Airport Schiphol,52.308601,4.76389,-11,NL,Amsterdam,EHAM,AMS,,Europe/Amsterdam,false,true
2515,EHBK,large_airport,Maastricht Aachen Airport,50.911087,5.769401,375,NL,Maastricht,EHBK,MST,,Europe/Amsterdam,false,true
2518,EHEH,large_airport,Eindhoven Airport,51.4500999451,5.37452983856,74,NL,Eindhoven,EHEH,EIN,,Europe/Amsterdam,false,true
2519,EHGG,large_airport,Groningen Airport Eelde,53.119107,6.577652,17,NL,Groningen,EHGG,GRQ,,Europe/Amsterdam,false,true
2524,EHRD,large_airport,Rotterdam The Hague Airport,51.956902,4.43722,-15,NL,Rotterdam,EHRD,RTM,,Europe/Amsterdam,false,true
2530,EICK,large_airport,Cork International Airport,51.841301,-8.49111,502,IE,Cork,EICK,ORK,,Europe/Dublin,false,true
2532,EIDL,medium_airport,Donegal Airport,55.0442008972168,-8.340999603271484,30,IE,Donegal,EIDL,CFN,,Europe/Dublin,false,true
2533,EIDW,large_airport,Dublin Airport,53.428713,-6.262121,242,IE,Dublin,EIDW,DUB,,Europe/Dublin,false,true
2534,EIKN,large_airport,Ireland West Airport Knock,53.910439,-8.817002,665,IE,Charlestown,EIKN,NOC,,Europe/Dublin,false,true
2535,EIKY,medium_airport,Kerry Airport,52.180901,-9.52378,112,IE,Farranfore,EIKY,KIR,,Europe/Dublin,false,true
2537,EINN,large_airport,Shannon Airport,52.702,-8.92482,46,IE,Shannon,EINN,SNN,,Europe/Dublin,false,true
2540,EKAH,large_airport,Aarhus Airport,56.303331,10.618286,82,DK,Aarhus,EKAH,AAR,,Europe/Copenhagen,false,true
2541,EKBI,large_airport,Billund Airport,55.740335,9.157019,247,DK,Billund,EKBI,BLL,,Europe/Copenhagen,false,true
2542,EKCH,large_airport,Copenhagen Kastrup Airport,55.617900848389,12.656000137329,17,DK,Copenhagen,EKCH,CPH,,Europe/Copenhagen,false,true
2543,EKEB,medium_airport,Esbjerg Airport,55.525902,8.5534,97,DK,Esbjerg,EKEB,EBJ,,Europe/Copenhagen,false,true
2546,EKKA,medium_airport,Midtjyllands Airport / Air Base Karup,56.297139,9.104311,170,DK,Karup,EKKA,KRP,,Europe/Copenhagen,false,true
2549,EKOD,large_airport,Odense Hans Christian Andersen Airport,55.475307,10.327206,56,DK,Odense,EKOD,ODE,,Europe/Copenhagen,false,true
2551,EKRK,medium_airport,Copenhagen Roskilde Airport,55.585602,12.1314,146,DK,Roskilde,EKRK,RKE,,Europe/Copenhagen,false,true
2552,EKRN,medium_airport,Bornholm Airport,55.063301,14.7596,52,DK,Rønne,EKRN,RNN,,Europe/Copenhagen,false,true
2553,EKSB,medium_airport,Sønderborg Airport,54.96440124511719,9.791729927062988,24,DK,Sønderborg,EKSB,SGD,,Europe/Copenhagen,false,true
2559,EKVG,large_airport,Vágar Airport,62.063256,-7.275782,280,FO,Vágar,EKVG,FAE,,Atlantic/Faroe,false,true
2562,EKYT,large_airport,Aalborg Airport,57.094763,9.84993,10,DK,Aalborg,EKYT,AAL,,Europe/Copenhagen,false,true
2563,ELLX,large_airport,Luxembourg-Findel International Airport,49.626845,6.212134,1234,LU,Luxembourg,ELLX,LUX,,Europe/Luxembourg,false,true
2564,ENAL,large_airport,Ålesund Airport,62.560443,6.110845,69,NO,Ålesund,ENAL,AES,,Europe/Oslo,false,true
2565,ENAN,medium_airport,"Andøya Airport, Andenes",69.295193,16.139379,43,NO,Andenes,ENAN,ANX,,Europe/Oslo,false,true
2566,ENAT,medium_airport,Alta Airport,69.976097,23.3717,9,NO,Alta,ENAT,ALF,,Europe/Oslo,false,true
2568,ENBN,medium_airport,"Brønnøysund Airport, Brønnøy",65.461098,12.2175,25,NO,Brønnøy,ENBN,BNN,,Europe/Oslo,false,true
2569,ENBO,large_airport,Bodø Airport,67.269203,14.3653,42,NO,Bodø,ENBO,BOO,,Europe/Oslo,false,true
2570,ENBR,large_airport,"Bergen Airport, Flesland",60.2934,5.21814,170,NO,Bergen,ENBR,BGO,,Europe/Oslo,false,true
2571,ENBS,medium_airport,Båtsfjord Airport,70.60025,29.692612,490,NO,Båtsfjord,ENBS,BJF,,Europe/Oslo,false,true
29255,ENBV,medium_airport,Berlevåg Airport,70.871517,29.034097,42,NO,Berlevåg,ENBV,BVG,,Europe/Oslo,false,true
2572,ENCN,large_airport,Kristiansand Airport,58.204201,8.08537,57,NO,Kristiansand(Kjevik),ENCN,KRS,,Europe/Oslo,false,true
2574,ENDU,medium_airport,Bardufoss Airport,69.055801,18.5404,252,NO,Målselv,ENDU,BDU,,Europe/Oslo,false,true
2575,ENEV,large_airport,Harstad/Narvik Airport,68.491302,16.678101,84,NO,Evenes,ENEV,EVE,,Europe/Oslo,false,true
2577,ENFL,medium_airport,Florø Airport,61.583599090576,5.0247201919556,37,NO,Florø,ENFL,FRO,,Europe/Oslo,false,true
2578,ENGM,large_airport,Oslo-Gardermoen International Airport,60.193901,11.1004,681,NO,Oslo (Gardermoen),ENGM,OSL,,Europe/Oslo,false,true
2579,ENHD,medium_airport,"Haugesund Airport, Karmøy",59.345299,5.20836,86,NO,Karmøy,ENHD,HAU,,Europe/Oslo,false,true
28115,ENHF,medium_airport,Hammerfest Airport,70.679703,23.6686,266,NO,Hammerfest,ENHF,HFT,,Europe/Oslo,false,true
29261,ENHV,medium_airport,"Honningsvåg Airport, Valan",71.009697,25.983601,44,NO,Honningsvåg,ENHV,HVG,,Europe/Oslo,false,true
2581,ENKB,medium_airport,"Kristiansund Airport, Kvernberget",63.111801,7.82452,204,NO,Kvernberget,ENKB,KSU,,Europe/Oslo,false,true
2583,ENKR,medium_airport,"Kirkenes Airport, Høybuktmoen",69.7258,29.8913,283,NO,Kirkenes,ENKR,KKN,,Europe/Oslo,false,true
29264,ENLK,medium_airport,Leknes Airport,68.152496337891,13.609399795532,78,NO,Leknes,ENLK,LKN,,Europe/Oslo,false,true
29265,ENMH,medium_airport,Mehamn Airport,71.029701,27.8267,39,NO,Mehamn,ENMH,MEH,,Europe/Oslo,false,true
2585,ENML,medium_airport,"Molde Airport, Årø",62.744701,7.2625,10,NO,Årø,ENML,MOL,,Europe/Oslo,false,true
2586,ENMS,medium_airport,"Mosjøen Airport, Kjærstad",65.783997,13.2149,237,NO,Mosjøen,ENMS,MJF,,Europe/Oslo,false,true
2587,ENNA,medium_airport,"Lakselv Airport, Banak",70.068802,24.973499,25,NO,Lakselv,ENNA,LKL,,Europe/Oslo,false,true
2589,ENOL,medium_airport,Ørland Airport,63.69889831542969,9.604000091552734,28,NO,Ørland,ENOL,OLA,,Europe/Oslo,false,true
28114,ENOV,medium_airport,"Ørsta-Volda Airport, Hovden",62.180000305176,6.0741000175476,243,NO,Ørsta,ENOV,HOV,,Europe/Oslo,false,true
29277,ENRA,medium_airport,"Mo i Rana Airport, Røssvoll",66.363899230957,14.301400184631,229,NO,Mo i Rana,ENRA,MQN,,Europe/Oslo,false,true
29278,ENRM,medium_airport,"Rørvik Airport, Ryum",64.838302612305,11.14610004425,14,NO,Rørvik,ENRM,RVK,,Europe/Oslo,false,true
2591,ENRO,medium_airport,Røros Airport,62.578399658203,11.342300415039,2054,NO,Røros,ENRO,RRS,,Europe/Oslo,false,true
2593,ENSB,medium_airport,"Svalbard Airport, Longyear",78.246101,15.4656,88,NO,Longyearbyen,ENSB,LYR,,Arctic/Longyearbyen,false,true
29281,ENSH,medium_airport,"Svolvær Airport, Helle",68.243301,14.6692,27,NO,Svolvær,ENSH,SVJ,,Europe/Oslo,false,true
29282,ENSK,medium_airport,"Stokmarknes Airport, Skagen",68.578827,15.033417,11,NO,Hadsel,ENSK,SKN,,Europe/Oslo,false,true
2595,ENSO,medium_airport,"Stord Airport, Sørstokken",59.791901,5.34085,160,NO,Leirvik,ENSO,SRP,,Europe/Oslo,false,true
2596,ENSR,medium_airport,Sørkjosen Airport,69.786797,20.9594,16,NO,Sørkjosen,ENSR,SOJ,,Europe/Oslo,false,true
2597,ENSS,medium_airport,"Vardø Airport, Svartnes",70.3554,31.044901,42,NO,Vardø,ENSS,VAW,,Europe/Oslo,false,true
2598,ENST,medium_airport,"Sandnessjøen Airport, Stokka",65.956802,12.4689,56,NO,Alstahaug,ENST,SSJ,,Europe/Oslo,false,true
2599,ENTC,large_airport,Tromsø Airport,69.683296,18.9189,31,NO,Tromsø,ENTC,TOS,,Europe/Oslo,false,true
2600,ENTO,large_airport,"Sandefjord Airport, Torp",59.186699,10.2586,286,NO,Sandefjord(Torp),ENTO,TRF,,Europe/Oslo,false,true
2601,ENVA,large_airport,"Trondheim Airport, Værnes",63.457802,10.924,56,NO,Trondheim,ENVA,TRD,,Europe/Oslo,false,true
29284,ENVD,medium_airport,Vadsø Airport,70.0653,29.8447,127,NO,Vadsø,ENVD,VDS,,Europe/Oslo,false,true
2602,ENZV,large_airport,"Stavanger Airport, Sola",58.876701,5.63778,29,NO,Stavanger,ENZV,SVG,,Europe/Oslo,false,true
2604,EPBY,medium_airport,Ignacy Jan Paderewski Bydgoszcz Airport,53.096802,17.977699,235,PL,Bydgoszcz,EPBY,BZG,,Europe/Warsaw,false,true
2608,EPGD,large_airport,Gdańsk Lech Wałęsa Airport,54.377602,18.4662,489,PL,Gdańsk,EPGD,GDN,,Europe/Warsaw,false,true
2609,EPKK,large_airport,Kraków John Paul II International Airport,50.077702,19.7848,791,PL,Balice,EPKK,KRK,,Europe/Warsaw,false,true
2613,EPKT,large_airport,Katowice Wojciech Korfanty International Airport,50.476015,19.080705,995,PL,Katowice,EPKT,KTW,,Europe/Warsaw,false,true
309484,EPLB,large_airport,Lublin Airport,51.240157,22.713461,633,PL,Lublin,EPLB,LUZ,,Europe/Warsaw,false,true
2616,EPLL,large_airport,Łódź Władysław Reymont Airport,51.721901,19.3981,604,PL,Łódź,EPLL,LCJ,,Europe/Warsaw,false,true
2622,EPMO,large_airport,Warsaw Modlin Airport,52.451099,20.6518,341,PL,Nowy Dwór Mazowiecki,EPMO,WMI,,Europe/Warsaw,false,true
2625,EPPO,large_airport,Poznań-Ławica Airport,52.421598,16.823359,308,PL,Poznań,EPPO,POZ,,Europe/Warsaw,false,true
2628,EPRA,medium_airport,Warsaw Radom Airport,51.38937,21.214742,610,PL,Radom,EPRA,RDO,,Europe/Warsaw,false,true
2629,EPRZ,large_airport,Rzeszów-Jasionka Airport,50.109791,22.024155,693,PL,Jasionka,EPRZ,RZE,,Europe/Warsaw,false,true
2630,EPSC,large_airport,Solidarity Szczecin–Goleniów Airport,53.584702,14.9022,154,PL,Szczecin(Glewice),EPSC,SZZ,,Europe/Warsaw,false,true
2635,EPSY,medium_airport,Olsztyn-Mazury Airport,53.481899,20.9377,463,PL,Szymany,EPSY,SZY,,Europe/Warsaw,false,true
2637,EPWA,large_airport,Warsaw Chopin Airport,52.165699,20.9671,362,PL,Warsaw,EPWA,WAW,,Europe/Warsaw,false,true
2638,EPWR,large_airport,Copernicus Wrocław Airport,51.103719,16.882096,404,PL,Wrocław,EPWR,WRO,,Europe/Warsaw,false,true
2639,EPZG,medium_airport,Zielona Góra-Babimost Airport,52.1385,15.7986,194,PL,Nowe Kramsko,EPZG,IEG,,Europe/Warsaw,false,true
2646,ESDF,medium_airport,Ronneby Airport,56.266701,15.265,191,SE,Ronneby,ESDF,RNB,,Europe/Stockholm,false,true
2648,ESGG,large_airport,Göteborg Landvetter Airport,57.6628,12.2798,506,SE,Göteborg,ESGG,GOT,,Europe/Stockholm,false,true
2649,ESGJ,medium_airport,Jönköping Airport,57.757598876953125,14.068699836730957,741,SE,Jönköping,ESGJ,JKG,,Europe/Stockholm,false,true
2654,ESGT,medium_airport,Trollhättan-Vänersborg Airport,58.31809997558594,12.345000267028809,137,SE,Trollhättan,ESGT,THN,,Europe/Stockholm,false,true
2659,ESKM,medium_airport,Mora Airport,60.957901,14.5114,634,SE,Mora,ESKM,MXX,,Europe/Stockholm,false,true
2660,ESKN,large_airport,Stockholm Skavsta Airport,58.789656,16.911479,140,SE,Nyköping,ESKN,NYO,,Europe/Stockholm,false,true
316498,ESKS,large_airport,Scandinavian Mountains Airport,61.16508,12.83352,1608,SE,Malung-Sälen,ESKS,SCR,,Europe/Stockholm,false,true
2668,ESMQ,medium_airport,Kalmar Airport,56.685501,16.2876,17,SE,Kalmar,ESMQ,KLR,,Europe/Stockholm,false,true
2669,ESMS,large_airport,Malmö Sturup Airport,55.535564,13.376327,236,SE,Malmö,ESMS,MMX,,Europe/Stockholm,false,true
2670,ESMT,medium_airport,Halmstad Airport,56.69110107421875,12.820199966430664,101,SE,Halmstad,ESMT,HAD,,Europe/Stockholm,false,true
2672,ESMX,medium_airport,Växjö Kronoberg Airport,56.929100036621094,14.727999687194824,610,SE,Växjö,ESMX,VXO,,Europe/Stockholm,false,true
2676,ESNG,medium_airport,Gällivare Airport,67.13240051269531,20.814599990844727,1027,SE,Gällivare,ESNG,GEV,,Europe/Stockholm,false,true
2679,ESNK,medium_airport,Kramfors-Sollefteå Höga Kusten Airport,63.048599,17.7689,34,SE,Nyland,ESNK,KRF,,Europe/Stockholm,false,true
2680,ESNL,medium_airport,Lycksele Airport,64.548302,18.7162,705,SE,Lycksele,ESNL,LYC,,Europe/Stockholm,false,true
2682,ESNN,medium_airport,Sundsvall-Härnösand Airport,62.528099060058594,17.443899154663086,16,SE,Sundsvall/ Härnösand,ESNN,SDL,,Europe/Stockholm,false,true
2683,ESNO,medium_airport,Örnsköldsvik Airport,63.40829849243164,18.989999771118164,354,SE,Örnsköldsvik,ESNO,OER,,Europe/Stockholm,false,true
2685,ESNQ,large_airport,Kiruna Airport,67.821999,20.3368,1508,SE,Kiruna,ESNQ,KRN,,Europe/Stockholm,false,true
2687,ESNS,medium_airport,Skellefteå Airport,64.62480163574219,21.076900482177734,157,SE,Skellefteå,ESNS,SFT,,Europe/Stockholm,false,true
2689,ESNU,large_airport,Umeå Airport,63.791801,20.282801,24,SE,Umeå,ESNU,UME,,Europe/Stockholm,false,true
2690,ESNV,medium_airport,Vilhelmina South Lapland Airport,64.579102,16.833599,1140,SE,Vilhelmina,ESNV,VHM,,Europe/Stockholm,false,true
2691,ESNX,medium_airport,Arvidsjaur Airport,65.59030151367188,19.28190040588379,1245,SE,Arvidsjaur,ESNX,AJR,,Europe/Stockholm,false,true
29358,ESNZ,medium_airport,Åre Östersund Airport,63.193546,14.504168,1233,SE,Östersund,ESNZ,OSD,,Europe/Stockholm,false,true
2693,ESOE,medium_airport,Örebro Airport,59.22370147705078,15.038000106811523,188,SE,Örebro,ESOE,ORB,,Europe/Stockholm,false,true
2695,ESOK,medium_airport,Karlstad Airport,59.444698,13.3374,352,SE,Karlstad,ESOK,KSD,,Europe/Stockholm,false,true
2696,ESOW,large_airport,Stockholm Västerås Airport,59.589401,16.6336,21,SE,Stockholm / Västerås,ESOW,VST,,Europe/Stockholm,false,true
2697,ESPA,large_airport,Luleå Airport,65.5438,22.122,65,SE,Luleå,ESPA,LLA,,Europe/Stockholm,false,true
2701,ESSA,large_airport,Stockholm-Arlanda Airport,59.64849,17.928829,137,SE,Stockholm,ESSA,ARN,,Europe/Stockholm,false,true
2702,ESSB,medium_airport,Stockholm-Bromma Airport,59.354401,17.9417,47,SE,Stockholm,ESSB,BMA,,Europe/Stockholm,false,true
2703,ESSD,medium_airport,Dala Airport,60.422001,15.5152,503,SE,Borlange,ESSD,BLE,,Europe/Stockholm,false,true
2706,ESSL,large_airport,Linköping City Airport,58.404909,15.684499,172,SE,Linköping,ESSL,LPI,,Europe/Stockholm,false,true
2707,ESSP,medium_airport,Norrköping Airport,58.586299896240234,16.250600814819336,32,SE,Norrköping,ESSP,NRK,,Europe/Stockholm,false,true
2708,ESST,medium_airport,Torsby Airport,60.1576,12.9913,393,SE,Torsby,ESST,TYF,,Europe/Stockholm,false,true
2710,ESSV,large_airport,Visby Airport,57.6628,18.346201,164,SE,Visby,ESSV,VBY,,Europe/Stockholm,false,true
2711,ESTA,medium_airport,Ängelholm-Helsingborg Airport,56.29610061645508,12.847100257873535,68,SE,Ängelholm,ESTA,AGH,,Europe/Stockholm,false,true
2734,ETMN,medium_airport,Sea-Airport Cuxhaven/Nordholz / Nordholz Naval Airbase,53.767689,8.659201,74,DE,Wurster Nordseeküste,ETMN,FCN,,Europe/Berlin,false,true
2739,ETNL,medium_airport,Rostock-Laage Airport,53.918201,12.2783,138,DE,Laage,ETNL,RLG,,Europe/Berlin,false,true
2758,EVRA,large_airport,Riga International Airport,56.920752,23.970711,36,LV,Riga,EVRA,RIX,,Europe/Riga,false,true
2760,EYKA,large_airport,Kaunas International Airport,54.963965,24.08582,256,LT,Kaunas,EYKA,KUN,,Europe/Vilnius,false,true
2762,EYPA,large_airport,Palanga International Airport,55.973202,21.093901,33,LT,Palanga,EYPA,PLQ,,Europe/Vilnius,false,true
2766,EYVI,large_airport,Vilnius International Airport,54.634102,25.285801,648,LT,Vilnius,EYVI,VNO,,Europe/Vilnius,false,true
2772,FABL,large_airport,Bram Fischer International Airport,-29.092699,26.302401,4457,ZA,Bloemfontein,FABL,BFN,,Africa/Johannesburg,false,true
2775,FACT,large_airport,Cape Town International Airport,-33.97403,18.604333,151,ZA,Cape Town,FACT,CPT,,Africa/Johannesburg,false,true
2779,FAEL,large_airport,King Phalo Airport,-33.035599,27.825899,435,ZA,East London,FAEL,ELS,,Africa/Johannesburg,false,true
2783,FAGG,large_airport,George Airport,-34.0056,22.378902,648,ZA,George,FAGG,GRJ,,Africa/Johannesburg,false,true
29953,FAHT,medium_airport,Eastgate Airport / Air Force Base Hoedspruit,-24.361864,31.052921,1801,ZA,Hoedspruit,FAHS,HDS,,Africa/Johannesburg,false,true
2794,FAKM,large_airport,Kimberley Airport,-28.805401,24.764872,3950,ZA,Kimberley,FAKM,KIM,,Africa/Johannesburg,false,true
2795,FAKN,large_airport,Kruger Mpumalanga International Airport,-25.383327,31.105325,2829,ZA,Mbombela,FAKN,MQP,,Africa/Johannesburg,false,true
2800,FALA,large_airport,Lanseria International Airport,-25.938964,27.926642,4517,ZA,Johannesburg,FALA,HLA,,Africa/Johannesburg,false,true
300795,FALE,large_airport,King Shaka International Airport,-29.6144444444,31.1197222222,295,ZA,Durban,FALE,DUR,,Africa/Johannesburg,false,true
2809,FAMG,medium_airport,Margate Airport,-30.8574008942,30.343000412,495,ZA,Margate,FAMG,MGH,,Africa/Johannesburg,false,true
2812,FAMM,medium_airport,Mmabatho International Airport,-25.798400878900004,25.548000335699996,4181,ZA,Mafeking,FAMM,MBD,,Africa/Johannesburg,false,true
2815,FAMU,medium_airport,Mkuze Airport,-27.626101,32.0443,400,ZA,Mkuze,FAMU,MZQ,,Africa/Johannesburg,false,true
31055,FAOR,large_airport,O.R. Tambo International Airport,-26.140081,28.246801,5558,ZA,Johannesburg,FAOR,JNB,,Africa/Johannesburg,false,true
2820,FAPE,large_airport,Chief Dawid Stuurman International Airport,-33.989715,25.617353,226,ZA,Gqeberha (Port Elizabeth),FAPE,PLZ,,Africa/Johannesburg,false,true
2822,FAPH,medium_airport,Hendrik Van Eck Airport,-23.937200546299998,31.1553993225,1432,ZA,Phalaborwa,FAPH,PHW,,Africa/Johannesburg,false,true
2825,FAPM,medium_airport,Pietermaritzburg Airport,-29.649000167799997,30.3987007141,2423,ZA,Pietermaritzburg,FAPM,PZB,,Africa/Johannesburg,false,true
2827,FAPP,large_airport,Polokwane International Airport,-23.845269,29.458615,4076,ZA,Polokwane,FAPP,PTG,,Africa/Johannesburg,false,true
2831,FARB,medium_airport,Richards Bay Airport,-28.740999221800003,32.0920982361,109,ZA,Richards Bay,FARB,RCB,,Africa/Johannesburg,false,true
2839,FASS,medium_airport,Sishen Airport,-27.6486,22.9993,3848,ZA,Sishen,FASS,SIS,,Africa/Johannesburg,false,true
2841,FASZ,medium_airport,Skukuza Airport,-24.96085,31.588587,1020,ZA,Skukuza,FASZ,SZK,,Africa/Johannesburg,false,true
2847,FAUP,medium_airport,Upington Airport,-28.400246,21.263592,2782,ZA,Upington,FAUP,UTN,,Africa/Johannesburg,false,true
2848,FAUT,medium_airport,K. D. Matanzima Airport,-31.546363184900002,28.6733551025,2400,ZA,Mthatha,FAUT,UTT,,Africa/Johannesburg,false,true
2860,FBFT,large_airport,Phillip Gaonwe Matante International Airport,-21.159183,27.468826,3283,BW,Francistown,FBPM,FRW,,Africa/Gaborone,false,true
2862,FBKE,large_airport,Kasane International Airport,-17.831653,25.166195,3289,BW,Kasane,FBKE,BBK,,Africa/Gaborone,false,true
2863,FBMN,large_airport,Maun International Airport,-19.970491,23.431409,3093,BW,Maun,FBMN,MUB,,Africa/Gaborone,false,true
2864,FBSK,large_airport,Sir Seretse Khama International Airport,-24.555201,25.9182,3299,BW,Gaborone,FBSK,GBE,,Africa/Gaborone,false,true
2868,FCBB,large_airport,Maya-Maya International Airport,-4.2517,15.253,1048,CG,Brazzaville,FCBB,BZV,,Africa/Brazzaville,false,true
2871,FCPP,large_airport,Antonio Agostinho-Neto International Airport,-4.81603,11.8866,55,CG,Pointe Noire,FCPP,PNR,,Africa/Brazzaville,false,true
308033,FDSK,large_airport,King Mswati III International Airport,-26.358611,31.716944,1092,SZ,Mpaka,FDSK,SHO,,Africa/Mbabane,false,true
2873,FEFF,large_airport,Bangui M'Poko International Airport,4.39848,18.518801,1208,CF,Bangui,FEFF,BGF,,Africa/Bangui,false,true
2875,FGBT,large_airport,Bata International Airport,1.90547,9.80568,13,GQ,Bata,FGBT,BSG,,Africa/Malabo,false,true
318497,FGMY,medium_airport,President Obiang Nguema International Airport,1.676437,11.024904,2165,GQ,Mengomeyén,FGMY,GEM,,Africa/Malabo,false,true
2876,FGSL,large_airport,Malabo International Airport,3.75527,8.70872,76,GQ,Malabo,FGSL,SSG,,Africa/Malabo,false,true
2877,FHAW,medium_airport,RAF Ascension Island,-7.970179,-14.392744,278,SH,Cat Hill,FHAW,ASI,,Atlantic/St_Helena,false,true
318444,FHSH,medium_airport,Saint Helena International Airport,-15.958898,-5.646066,1017,SH,Jamestown,FHSH,HLE,,Atlantic/St_Helena,false,true
2878,FIMP,large_airport,Sir Seewoosagur Ramgoolam International Airport,-20.430201,57.683601,186,MU,Plaine Magnien,FIMP,MRU,,Indian/Mauritius,false,true
2879,FIMR,medium_airport,Sir Charles Gaetan Duval Airport,-19.756696,63.359326,95,MU,Port Mathurin,FIMR,RRG,,Indian/Mauritius,false,true
2882,FKKD,large_airport,Douala International Airport,4.00608,9.71948,33,CM,Douala,FKKD,DLA,,Africa/Douala,false,true
2883,FKKL,medium_airport,Salak Airport,10.451399803161621,14.257399559020996,1390,CM,Maroua,FKKL,MVR,,Africa/Douala,false,true
2885,FKKN,medium_airport,N'Gaoundéré Airport,7.3570098876953125,13.559200286865234,3655,CM,N'Gaoundéré,FKKN,NGE,,Africa/Douala,false,true
2886,FKKR,large_airport,Garoua International Airport,9.334785,13.372129,794,CM,Garoua,FKKR,GOU,,Africa/Douala,false,true
2890,FKYS,large_airport,Yaoundé Nsimalen International Airport,3.72256,11.5533,2278,CM,Yaoundé,FKYS,NSI,,Africa/Douala,false,true
2893,FLLI,large_airport,Harry Mwanga Nkumbula International Airport,-17.821524,25.819642,3302,ZM,Livingstone,FLHN,LVI,,Africa/Lusaka,false,true
2894,FLLS,large_airport,Kenneth Kaunda International Airport,-15.330833,28.452722,3779,ZM,Lusaka,FLKK,LUN,,Africa/Lusaka,false,true
2895,FLMF,large_airport,Mfuwe International Airport,-13.2589,31.9366,1853,ZM,Mfuwe,FLMF,MFU,,Africa/Lusaka,false,true
525659,FLSK,large_airport,Simon Mwansa Kapwepwe International Airport,-12.96513,28.515624,4308,ZM,Ndola,FLSK,NLA,,Africa/Lusaka,false,true
2901,FMCH,large_airport,Prince Said Ibrahim International Airport,-11.5337,43.2719,93,KM,Moroni,FMCH,HAH,,Indian/Comoro,false,true
2903,FMCV,medium_airport,Ouani Airport,-12.131047,44.430044,62,KM,Ouani,FMCV,AJN,,Indian/Comoro,false,true
2904,FMCZ,large_airport,Dzaoudzi Pamandzi International Airport,-12.809319,45.281815,23,YT,Dzaoudzi,FMCZ,DZA,,Indian/Mayotte,false,true
2905,FMEE,large_airport,Roland Garros Airport,-20.890087,55.518894,66,RE,Sainte-Marie,FMEE,RUN,,Indian/Reunion,false,true
2906,FMEP,large_airport,Saint-Pierre Pierrefonds Airport,-21.319362,55.422506,59,RE,Saint-Pierre,FMEP,ZSE,,Indian/Reunion,false,true
2908,FMMI,large_airport,Ivato International Airport,-18.7969,47.478802,4198,MG,Antananarivo,FMMI,TNR,,Indian/Antananarivo,false,true
2910,FMMS,medium_airport,Sainte Marie Airport,-17.093901,49.8158,7,MG,Vohilava,FMMS,SMS,,Indian/Antananarivo,false,true
2911,FMMT,large_airport,Toamasina Ambalamanasy Airport,-18.113537,49.392262,22,MG,Toamasina,FMMT,TMM,,Indian/Antananarivo,false,true
2912,FMMV,medium_airport,Morondava Airport,-20.2847,44.3176,30,MG,Morondava,FMMV,MOQ,,Indian/Antananarivo,false,true
2913,FMNA,medium_airport,Arrachart Airport,-12.3494,49.291698,374,MG,Antisiranana,FMNA,DIE,,Indian/Antananarivo,false,true
2919,FMNM,large_airport,Amborovy Airport,-15.666842,46.351233,87,MG,Mahajanga,FMNM,MJN,,Indian/Antananarivo,false,true
2920,FMNN,large_airport,Nosy Be International Airport,-13.3121,48.3148,36,MG,Nosy Be,FMNN,NOS,,Indian/Antananarivo,false,true
2921,FMNQ,medium_airport,Besalampy Airport,-16.74453,44.482484,125,MG,Besalampy,FMNQ,BPY,,Indian/Antananarivo,false,true
2922,FMNR,medium_airport,Maroantsetra Airport,-15.437742,49.689081,9,MG,Maroantsetra,FMNR,WMN,,Indian/Antananarivo,false,true
2923,FMNS,medium_airport,Sambava Airport,-14.2786,50.174702,20,MG,Sambava,FMNS,SVB,,Indian/Antananarivo,false,true
2927,FMSD,medium_airport,Tôlanaro Airport,-25.038099,46.9561,29,MG,Tôlanaro,FMSD,FTU,,Indian/Antananarivo,false,true
2931,FMSM,medium_airport,Mananjary Airport,-21.201799,48.358299,20,MG,Mananjary,FMSM,MNJ,,Indian/Antananarivo,false,true
2933,FMST,medium_airport,Toliara Airport,-23.3834,43.7285,29,MG,Toliara,FMST,TLE,,Indian/Antananarivo,false,true
2934,FNBC,medium_airport,Mbanza Congo Airport,-6.269899845123291,14.246999740600586,1860,AO,Mbanza Congo,FNBC,SSY,,Africa/Luanda,false,true
312665,FNBJ,large_airport,Dr. Antonio Agostinho Neto International Airport,-9.050734,13.499078,550,AO,Luanda (Ícolo e Bengo),FNBJ,NBJ,,Africa/Luanda,false,true
2936,FNCA,medium_airport,Cabinda Airport,-5.59839,12.188145,66,AO,Cabinda,FNCA,CAB,,Africa/Luanda,false,true
30813,FNCT,medium_airport,Catumbela Airport,-12.4792,13.4869,23,AO,Catumbela,FNCT,CBT,,Africa/Luanda,false,true
2937,FNDU,medium_airport,Dundo Airport,-7.400889873504639,20.818500518798828,2451,AO,Chitato,FNDU,DUE,,Africa/Luanda,false,true
2938,FNGI,medium_airport,Ngjiva Pereira Airport,-17.0435009003,15.683799743700002,3566,AO,Ngiva,FNGI,VPE,,Africa/Luanda,false,true
2939,FNHU,medium_airport,Albano Machado Airport,-12.8089,15.7605,5587,AO,Huambo,FNHU,NOV,,Africa/Luanda,false,true
2942,FNLU,large_airport,Quatro de Fevereiro International Airport,-8.85837,13.2312,243,AO,Luanda,FNLU,LAD,,Africa/Luanda,false,true
2944,FNMA,medium_airport,Malanje Airport,-9.525090217590332,16.312400817871094,3868,AO,Malanje,FNMA,MEG,,Africa/Luanda,false,true
2945,FNME,medium_airport,Menongue Airport,-14.657600402832031,17.71980094909668,4469,AO,Menongue,FNME,SPP,,Africa/Luanda,false,true
2946,FNMO,medium_airport,Welwitschia Mirabilis International Airport,-15.2612,12.1468,210,AO,Moçâmedes,FNMO,MSZ,,Africa/Luanda,false,true
2947,FNNG,medium_airport,Negage Airport,-7.754509925842285,15.287699699401855,4105,AO,Negage,FNNG,GXG,,Africa/Luanda,false,true
2950,FNSO,medium_airport,Soyo Airport,-6.141089916229248,12.371800422668457,15,AO,Soyo,FNSO,SZA,,Africa/Luanda,false,true
2952,FNUB,medium_airport,Lubango Mukanka International Airport,-14.924839,13.576653,5778,AO,Lubango,FNUB,SDD,,Africa/Luanda,false,true
2959,FOGO,medium_airport,Oyem Airport,1.5431100130081177,11.581399917602539,2158,GA,Oyem,FOGO,OYE,,Africa/Libreville,false,true
2963,FOOG,large_airport,Port Gentil International Airport,-0.711739,8.75438,13,GA,Port Gentil,FOOG,POG,,Africa/Libreville,false,true
2965,FOOK,medium_airport,Makokou Airport,0.5792109966278076,12.890899658203125,1726,GA,Makokou,FOOK,MKU,,Africa/Libreville,false,true
2966,FOOL,large_airport,Libreville Leon M'ba International Airport,0.458951,9.41214,39,GA,Libreville,FOOL,LBV,,Africa/Libreville,false,true
2967,FOON,medium_airport,M'Vengue El Hadj Omar Bongo Ondimba International Airport,-1.65616,13.438,1450,GA,Franceville,FOON,MVB,,Africa/Libreville,false,true
2968,FPPR,medium_airport,Principe Airport,1.661155,7.411081,591,ST,São Tomé & Príncipe,FPPR,PCP,,Africa/Sao_Tome,false,true
2969,FPST,large_airport,São Tomé International Airport,0.378175,6.71215,33,ST,São Tomé,FPST,TMS,,Africa/Sao_Tome,false,true
2970,FQBR,large_airport,Beira International Airport,-19.7964,34.9076,33,MZ,Beira,FQBR,BEW,,Africa/Maputo,false,true
2971,FQCH,medium_airport,Chimoio Airport,-19.15130043029785,33.42900085449219,2287,MZ,Chimoio,FQCH,VPY,,Africa/Maputo,false,true
2972,FQIN,medium_airport,Inhambane Airport,-23.8764,35.408501,30,MZ,Inhambane,FQIN,INH,,Africa/Maputo,false,true
2973,FQLC,medium_airport,Lichinga Airport,-13.274,35.2663,4505,MZ,Lichinga,FQLC,VXC,,Africa/Maputo,false,true
2975,FQMA,large_airport,Maputo Airport,-25.920799,32.572601,145,MZ,Maputo,FQMA,MPM,,Africa/Maputo,false,true
2979,FQNC,medium_airport,Nacala International Airport,-14.4882,40.7122,410,MZ,Nacala,FQNC,MNC,,Africa/Maputo,false,true
2980,FQNP,large_airport,Nampula Airport,-15.1056,39.281799,1444,MZ,Nampula,FQNP,APL,,Africa/Maputo,false,true
2981,FQPB,medium_airport,Pemba Airport,-12.993302,40.524867,331,MZ,Pemba,FQPB,POL,,Africa/Maputo,false,true
2982,FQQL,medium_airport,Quelimane Airport,-17.855499267578125,36.86909866333008,36,MZ,Quelimane,FQQL,UEL,,Africa/Maputo,false,true
2984,FQTT,large_airport,Tete Airport,-16.104799,33.640202,525,MZ,Tete,FQTT,TET,,Africa/Maputo,false,true
2986,FQVL,medium_airport,Vilankulo Airport,-22.018400192260742,35.31330108642578,46,MZ,Vilanculo,FQVL,VNX,,Africa/Maputo,false,true
2993,FSIA,large_airport,Seychelles International Airport,-4.67434,55.521801,10,SC,Victoria,FSIA,SEZ,,Indian/Mahe,false,true
2994,FSPP,medium_airport,Praslin Island Airport,-4.319256,55.691561,10,SC,Praslin Island,FSPP,PRI,,Indian/Mahe,false,true
2998,FTTJ,large_airport,N'Djamena International Airport,12.1337,15.034,968,TD,N'Djamena,FTTJ,NDJ,,Africa/Ndjamena,false,true
3000,FVBU,large_airport,Joshua Mqabuko Nkomo International Airport,-20.016284,28.622897,4359,ZW,Bulawayo,FVJN,BUQ,,Africa/Harare,false,true
3004,FVFA,large_airport,Victoria Falls International Airport,-18.097437,25.836867,3490,ZW,Victoria Falls,FVFA,VFA,,Africa/Harare,false,true
3005,FVHA,large_airport,Robert Gabriel Mugabe International Airport,-17.931801,31.0928,4887,ZW,Harare,FVRG,HRE,,Africa/Harare,false,true
3006,FVKB,medium_airport,Kariba Airport,-16.5198,28.885,1706,ZW,Kariba,FVKB,KAB,,Africa/Harare,false,true
3015,FWCL,large_airport,Chileka International Airport,-15.677189,34.972319,2555,MW,Blantyre,FWCL,BLZ,,Africa/Blantyre,false,true
3018,FWKI,large_airport,Kamuzu International Airport,-13.7894,33.780998,4035,MW,Lumbadzi,FWKI,LLW,,Africa/Blantyre,false,true
3022,FXMM,large_airport,Moshoeshoe I International Airport,-29.456277,27.554456,5348,LS,Maseru(Mazenod),FXMM,MSU,,Africa/Maseru,false,true
3027,FYKM,medium_airport,Katima Mulilo Airport,-17.634258,24.176688,3144,NA,Mpacha,FYKM,MPA,,Africa/Windhoek,false,true
3029,FYLZ,medium_airport,Luderitz Airport,-26.687400817871094,15.242899894714355,457,NA,Luderitz,FYLZ,LUD,,Africa/Windhoek,false,true
3031,FYOA,medium_airport,Ondangwa Airport,-17.878201,15.9526,3599,NA,Ondangwa,FYOA,OND,,Africa/Windhoek,false,true
3032,FYOG,medium_airport,Oranjemund Airport,-28.585318,16.44638,14,NA,Oranjemund,FYOG,OMD,,Africa/Windhoek,false,true
3035,FYRU,medium_airport,Rundu Airport,-17.956499,19.7194,3627,NA,Rundu,FYRU,NDU,,Africa/Windhoek,false,true
3037,FYWB,large_airport,Walvis Bay International Airport,-22.979332,14.647102,299,NA,Walvis Bay(Rooikop),FYWB,WVB,,Africa/Windhoek,false,true
3038,FYWE,medium_airport,Eros Airport,-22.60492,17.079002,5575,NA,Windhoek,FYWE,ERS,,Africa/Windhoek,false,true
3039,FYWH,large_airport,Hosea Kutako International Airport,-22.4799,17.4709,5640,NA,Windhoek,FYWH,WDH,,Africa/Windhoek,false,true
3040,FZAA,large_airport,Ndjili International Airport,-4.38575,15.4446,1027,CD,Kinshasa,FZAA,FIH,,Africa/Kinshasa,false,true
3044,FZBO,medium_airport,Bandundu Airport,-3.31132,17.381701,1063,CD,Bandundu,FZBO,FDU,,Africa/Kinshasa,false,true
3045,FZCA,medium_airport,Kikwit Airport,-5.03577,18.785601,1572,CD,Kikwit,FZCA,KKW,,Africa/Kinshasa,false,true
3046,FZEA,medium_airport,Mbandaka Airport,0.0226000007242,18.2887001038,1040,CD,Mbandaka,FZEA,MDK,,Africa/Kinshasa,false,true
3047,FZFD,medium_airport,Gbadolite Airport,4.252745,20.975271,1509,CD,Gbadolite,FZFD,BDT,,Africa/Kinshasa,false,true
3048,FZFK,medium_airport,Gemena Airport,3.23537,19.771299,1378,CD,Gemena,FZFK,GMA,,Africa/Kinshasa,false,true
3052,FZIC,large_airport,Bangoka International Airport,0.481639,25.337999,1417,CD,Kisangani,FZIC,FKI,,Africa/Lubumbashi,false,true
3053,FZJH,medium_airport,Matari Airport,2.82761,27.588301,2438,CD,Isiro,FZJH,IRP,,Africa/Lubumbashi,false,true
3054,FZKA,medium_airport,Bunia Airport,1.565743,30.220685,4045,CD,Bunia,FZKA,BUX,,Africa/Lubumbashi,false,true
3057,FZNA,large_airport,Goma International Airport,-1.666758,29.238037,5089,CD,Goma,FZNA,GOM,,Africa/Lubumbashi,false,true
3058,FZOA,medium_airport,Kindu Airport,-2.91917991638,25.915399551399997,1630,CD,Kindu,FZOA,KND,,Africa/Lubumbashi,false,true
3059,FZQA,large_airport,Lubumbashi International Airport,-11.591494,27.530753,4295,CD,Lubumbashi,FZQA,FBM,,Africa/Lubumbashi,false,true
3060,FZQM,medium_airport,Kolwezi Airport,-10.7659,25.505699,5007,CD,Kolwezi,FZQM,KWZ,,Africa/Lubumbashi,false,true
3061,FZRF,medium_airport,Kalemie Airport,-5.87556,29.25,2569,CD,Kalemie,FZRF,FMI,,Africa/Lubumbashi,false,true
3063,FZUA,medium_airport,Kananga Airport,-5.90005,22.4692,2139,CD,Kananga,FZUA,KGA,,Africa/Lubumbashi,false,true
3064,FZWA,medium_airport,Mbuji Mayi Airport,-6.121240139010001,23.569000244099996,2221,CD,Mbuji Mayi,FZWA,MJM,,Africa/Lubumbashi,false,true
3066,GABS,large_airport,Modibo Keita International Airport,12.5335,-7.94994,1247,ML,Bamako,GABS,BKO,,Africa/Bamako,false,true
3067,GAGO,medium_airport,Gao International Airport,16.248466,-0.005389,870,ML,Gao,GAGO,GAQ,,Africa/Bamako,false,true
3068,GAKY,medium_airport,Kayes Dag Dag Airport,14.482521,-11.399335,164,ML,Kayes,GAKD,KYS,,Africa/Bamako,false,true
3069,GAMB,medium_airport,Mopti Airport,14.5128,-4.07956,906,ML,Sévaré,GAMB,MZI,,Africa/Bamako,false,true
3071,GATB,large_airport,Tombouktou Airport,16.730499,-3.00758,863,ML,Timbuktu,GATB,TOM,,Africa/Bamako,false,true
3076,GBYD,large_airport,Banjul International Airport,13.338,-16.652201,95,GM,Banjul (Yundum),GBYD,BJL,,Africa/Banjul,false,true
3077,GCFV,large_airport,Fuerteventura Airport,28.4527,-13.8638,85,ES,El Matorral,GCFV,FUE,,Atlantic/Canary,false,true
3079,GCHI,medium_airport,El Hierro Airport,27.8148,-17.8871,103,ES,El Hierro Island,GCHI,VDE,,Atlantic/Canary,false,true
3080,GCLA,medium_airport,La Palma Airport,28.626499,-17.7556,107,ES,"Sta Cruz de la Palma, La Palma Island",GCLA,SPC,,Atlantic/Canary,false,true
3081,GCLP,large_airport,Gran Canaria Airport,27.9319,-15.3866,78,ES,Gran Canaria Island,GCLP,LPA,,Atlantic/Canary,false,true
3082,GCRR,large_airport,César Manrique-Lanzarote Airport,28.945499,-13.6052,46,ES,San Bartolomé,GCRR,ACE,,Atlantic/Canary,false,true
3083,GCTS,large_airport,Tenerife Sur Airport,28.0445,-16.5725,209,ES,Tenerife,GCTS,TFS,,Atlantic/Canary,false,true
3084,GCXO,large_airport,Tenerife Norte-Ciudad de La Laguna Airport,28.482752,-16.341707,2076,ES,Tenerife,GCXO,TFN,,Atlantic/Canary,false,true
3093,GEML,medium_airport,Melilla Airport,35.2798,-2.95626,156,ES,Melilla,GEML,MLN,,Africa/Ceuta,false,true
3095,GFLL,large_airport,Lungi International Airport,8.61644,-13.1955,84,SL,Freetown (Lungi-Town),GFLL,FNA,,Africa/Freetown,false,true
3097,GGOV,large_airport,Osvaldo Vieira International Airport,11.894262,-15.653596,129,GW,Bissau,GGOV,OXB,,Africa/Bissau,false,true
429724,GL-0012,medium_airport,Qaqortoq Airport,60.76383,-46.065001,505,GL,Qaqortoq,BGQO,JJU,,America/Nuuk,false,true
3098,GLMR,medium_airport,Spriggs Payne Airport,6.28906,-10.7587,25,LR,Monrovia,GLMR,MLW,,Africa/Monrovia,false,true
3099,GLRB,large_airport,Roberts International Airport,6.23379,-10.3623,31,LR,Monrovia,GLRB,ROB,,Africa/Monrovia,false,true
3101,GMAD,large_airport,Al Massira Airport,30.322478,-9.412003,250,MA,Agadir (Temsia),GMAD,AGA,,Africa/Casablanca,false,true
3102,GMAT,medium_airport,Tan Tan Airport,28.447563,-11.161749,653,MA,Tan Tan,GMAT,TTA,,Africa/Casablanca,false,true
429847,GMAZ,large_airport,Zagora Airport,30.265788,-5.860808,2414,MA,Zagora,GMAZ,OZG,,Africa/Casablanca,false,true
300605,GMFB,medium_airport,Bouarfa Airport,32.514306,-1.983056,3630,MA,Bouarfa,GMFB,UAR,,Africa/Casablanca,false,true
3103,GMFF,large_airport,Fes Saïss International Airport,33.927299,-4.97796,1900,MA,Saïss,GMFF,FEZ,,Africa/Casablanca,false,true
3105,GMFK,medium_airport,Moulay Ali Cherif Airport,31.9475002289,-4.39833021164,3428,MA,Errachidia,GMFK,ERH,,Africa/Casablanca,false,true
3107,GMFO,large_airport,Oujda Angads Airport,34.789558,-1.926041,1535,MA,Ahl Angad,GMFO,OUD,,Africa/Casablanca,false,true
3108,GMMA,medium_airport,Smara Airport,26.731987,-11.683655,350,EH,Smara,GMMA,SMW,,Africa/El_Aaiun,false,true
29694,GMMD,large_airport,Beni Mellal Airport,32.401895,-6.315905,1694,MA,Oulad Yaich,GMMD,BEM,,Africa/Casablanca,false,true
3109,GMME,large_airport,Rabat-Salé Airport,34.051498,-6.75152,276,MA,Rabat,GMME,RBA,,Africa/Casablanca,false,true
3110,GMMH,large_airport,Dakhla Airport,23.7183,-15.932,36,EH,Dakhla,GMMH,VIL,,Africa/El_Aaiun,false,true
3111,GMMI,medium_airport,Essaouira-Mogador Airport,31.397499,-9.68167,384,MA,Essaouira,GMMI,ESU,,Africa/Casablanca,false,true
3112,GMML,large_airport,Laayoune Hassan I International Airport,27.142467,-13.224947,207,EH,El Aaiún,GMML,EUN,,Africa/El_Aaiun,false,true
3113,GMMN,large_airport,Mohammed V International Airport,33.3675,-7.58997,656,MA,Casablanca,GMMN,CMN,,Africa/Casablanca,false,true
3114,GMMW,large_airport,Nador Al Aaroui International Airport,34.9888,-3.02821,574,MA,Al Aaroui,GMMW,NDR,,Africa/Casablanca,false,true
3115,GMMX,large_airport,Marrakesh Menara Airport,31.604807,-8.035788,1545,MA,Marrakesh,GMMX,RAK,,Africa/Casablanca,false,true
3117,GMMZ,large_airport,Ouarzazate International Airport,30.9391,-6.90943,3782,MA,Ouarzazate,GMMZ,OZZ,,Africa/Casablanca,false,true
3119,GMTA,medium_airport,Cherif Al Idrissi Airport,35.177101,-3.83952,95,MA,Al Hoceima,GMTA,AHU,,Africa/Casablanca,false,true
3120,GMTN,large_airport,Sania Ramel Airport,35.594299,-5.32002,10,MA,Tétouan,GMTN,TTU,,Africa/Casablanca,false,true
3121,GMTT,large_airport,Tangier Ibn Battuta Airport,35.731741,-5.921459,62,MA,Tangier,GMTT,TNG,,Africa/Casablanca,false,true
325736,GOBD,large_airport,Blaise Diagne International Airport,14.670878,-17.072829,290,SN,Dakar,GOBD,DSS,,Africa/Dakar,false,true
3122,GOGG,medium_airport,Ziguinchor Airport,12.55559,-16.283298,75,SN,Ziguinchor,GOGG,ZIG,,Africa/Dakar,false,true
3123,GOGS,medium_airport,Cap Skirring Airport,12.39533,-16.748,52,SN,Cap Skirring,GOGS,CSK,,Africa/Dakar,false,true
323315,GQNO,large_airport,Nouakchott–Oumtounsy International Airport,18.31,-15.969722,9,MR,Nouakchott,GQNO,NKC,,Africa/Nouakchott,false,true
3138,GQPP,large_airport,Nouadhibou International Airport,20.932404,-17.030199,24,MR,Nouadhibou,GQPP,NDB,,Africa/Nouakchott,false,true
32135,GQPZ,medium_airport,Tazadit Airport,22.757345,-12.482228,1119,MR,Zouérate,GQPZ,OUZ,,Africa/Nouakchott,false,true
3146,GUCY,large_airport,Ahmed Sékou Touré International Airport,9.57689,-13.612,72,GN,Conakry,GUCY,CKY,,Africa/Conakry,false,true
3150,GVAC,large_airport,Amílcar Cabral International Airport,16.7414,-22.9494,177,CV,Espargos,GVAC,SID,,Atlantic/Cape_Verde,false,true
3151,GVBA,large_airport,Aristides Pereira International Airport,16.136499,-22.888901,69,CV,Rabil,GVBA,BVC,,Atlantic/Cape_Verde,false,true
3152,GVMA,medium_airport,Maio Airport,15.155900001525879,-23.213699340820312,36,CV,Vila do Maio,GVMA,MMO,,Atlantic/Cape_Verde,false,true
3153,GVNP,large_airport,Nelson Mandela International Airport,14.941126,-23.484728,230,CV,Praia,GVNP,RAI,,Atlantic/Cape_Verde,false,true
3154,GVSN,medium_airport,Preguiça Airport,16.588852,-24.284132,669,CV,Preguiça,GVSN,SNE,,Atlantic/Cape_Verde,false,true
3155,GVSV,large_airport,Cesaria Evora International Airport,16.833363,-25.055308,66,CV,São Pedro,GVSV,VXE,,Atlantic/Cape_Verde,false,true
3157,HAAB,large_airport,Addis Ababa Bole International Airport,8.97789,38.799301,7630,ET,Addis Ababa,HAAB,ADD,,Africa/Addis_Ababa,false,true
3159,HAAM,medium_airport,Arba Minch Airport,6.03939,37.5905,3901,ET,Arba Minch,HAAM,AMH,,Africa/Addis_Ababa,false,true
3160,HAAX,medium_airport,Axum Airport,14.1468,38.7728,6959,ET,Axum,HAAX,AXU,,Africa/Addis_Ababa,false,true
3161,HABD,medium_airport,Bahir Dar Airport,11.6081,37.321602,5978,ET,Bahir Dar,HABD,BJR,,Africa/Addis_Ababa,false,true
3162,HADR,large_airport,Aba Tenna Dejazmach Yilma International Airport,9.623549,41.855027,3827,ET,Dire Dawa,HADR,DIR,,Africa/Addis_Ababa,false,true
3163,HAGM,medium_airport,Gambela Airport,8.12876,34.563099,1614,ET,Gambela,HAGM,GMB,,Africa/Addis_Ababa,false,true
3164,HAGN,medium_airport,Gondar Airport,12.5199,37.433998,6449,ET,Azezo,HAGN,GDQ,,Africa/Addis_Ababa,false,true
3165,HAGO,medium_airport,Gode Airport,5.93513011932,43.5786018372,834,ET,Gode,HAGO,GDE,,Africa/Addis_Ababa,false,true
313314,HAJJ,large_airport,Gerad Wilwal International Airport,9.331907,42.911811,5954,ET,Jijiga,HAJJ,JIJ,,Africa/Addis_Ababa,false,true
525781,HAJK,medium_airport,Jinka Airport,5.749655,36.560165,4475,ET,Jinka,HABC,BCO,,Africa/Addis_Ababa,false,true
3166,HAJM,medium_airport,Jimma Airport,7.66609001159668,36.81660079956055,5500,ET,Jimma,HAJM,JIM,,Africa/Addis_Ababa,false,true
30612,HAKD,medium_airport,Kebri Dahar Airport,6.732577,44.241339,1800,ET,Kebri Dahar,HAKD,ABK,,Africa/Addis_Ababa,false,true
30664,HALA,large_airport,Hawassa International Airport,7.100611,38.396455,5450,ET,Hawassa,HALA,AWA,,Africa/Addis_Ababa,false,true
3168,HAMK,medium_airport,Mekele Alula Aba Nega Airport,13.4674,39.533501,7396,ET,Mekele,HAMK,MQX,,Africa/Addis_Ababa,false,true
3169,HASO,medium_airport,Asosa Airport,10.018500328063965,34.586299896240234,5100,ET,Asosa,HASO,ASO,,Africa/Addis_Ababa,false,true
3170,HBBA,large_airport,Bujumbura Melchior Ndadaye International Airport,-3.32402,29.318501,2582,BI,Bujumbura,HBBA,BJM,,Africa/Bujumbura,false,true
31529,HBBE,medium_airport,Gitega Airport,-3.417209,29.911308,5741,BI,Gitega,HBBE,GID,,Africa/Bujumbura,false,true
30792,HCMF,large_airport,Bender Qassim International Airport,11.275235,49.139231,3,SO,Bosaso,HCMF,BSA,,Africa/Mogadishu,false,true
3171,HCMH,large_airport,Egal International Airport,9.514082,44.083469,4471,SO,Hargeisa,HCMH,HGA,,Africa/Mogadishu,false,true
3172,HCMI,medium_airport,Berbera Airport,10.385035,44.936723,30,SO,Berbera,HCMI,BBO,,Africa/Mogadishu,false,true
31899,HCMM,large_airport,Aden Adde International Airport,2.01444,45.304699,29,SO,Mogadishu,HCMM,MGQ,,Africa/Mogadishu,false,true
3174,HDAM,large_airport,Djibouti-Ambouli Airport,11.5473,43.1595,49,DJ,Djibouti City,HDAM,JIB,,Africa/Djibouti,false,true
3175,HEAL,large_airport,El Alamein International Airport,30.924324,28.46161,154,EG,El Alamein,HEAL,DBB,,Africa/Cairo,false,true
3176,HEAR,large_airport,El Arish International Airport,31.055324,33.827964,118,EG,El Arish,HEAR,AAC,,Africa/Cairo,false,true
3177,HEAT,large_airport,Asyut International Airport,27.045962,31.01276,748,EG,Asyut,HEAT,ATZ,,Africa/Cairo,false,true
3180,HEBA,large_airport,Alexandria International Airport,30.93249,29.696437,171,EG,Alexandria,HEAX,HBE,,Africa/Cairo,false,true
3181,HEBL,medium_airport,Abu Simbel Airport,22.375924,31.611734,614,EG,Abu Simbel,HEBL,ABS,,Africa/Cairo,false,true
3183,HECA,large_airport,Cairo International Airport,30.111534,31.396694,322,EG,Cairo,HECA,CAI,,Africa/Cairo,false,true
2356,HECP,medium_airport,Capital International Airport,30.06465,31.839974,761,EG,New Cairo,HECP,CCE,,Africa/Cairo,false,true
3186,HEGN,large_airport,Hurghada International Airport,27.176776,33.796692,32,EG,Hurghada,HEGN,HRG,,Africa/Cairo,false,true
3191,HELX,large_airport,Luxor International Airport,25.671018,32.706446,276,EG,Luxor,HELX,LXR,,Africa/Cairo,false,true
3192,HEMA,large_airport,Marsa Alam International Airport,25.555548,34.59245,213,EG,Marsa Alam,HEMA,RMF,,Africa/Cairo,false,true
3193,HEMM,large_airport,Mersa Matruh International Airport,31.324313,27.22227,75,EG,Marsa Matruh,HEMM,MUH,,Africa/Cairo,false,true
3196,HEPS,large_airport,Port Said International Airport,31.279285,32.240582,10,EG,Port Said,HEPS,PSD,,Africa/Cairo,false,true
300893,HESG,large_airport,Suhaj International Airport,26.342515,31.743017,322,EG,Suhaj,HESG,HMB,,Africa/Cairo,false,true
3198,HESH,large_airport,Sharm El Sheikh International Airport,27.977272,34.394717,191,EG,Sharm El Sheikh,HESH,SSH,,Africa/Cairo,false,true
3199,HESN,large_airport,Aswan International Airport,23.961075,32.820382,650,EG,Aswan,HESN,ASW,,Africa/Cairo,false,true
335334,HESX,large_airport,Sphinx International Airport,30.108179,30.895728,510,EG,Al Jiza,HESX,SPX,,Africa/Cairo,false,true
3200,HETB,medium_airport,Taba International Airport,29.594496,34.775752,2425,EG,Taba,HETB,TCP,,Africa/Cairo,false,true
3202,HHAS,medium_airport,Asmara International Airport,15.2919,38.910702,7661,ER,Asmara,HHAS,ASM,,Africa/Asmara,false,true
3247,HJJJ,large_airport,Juba International Airport,4.87201,31.601101,1513,SS,Juba,HJJJ,JUB,,Africa/Juba,false,true
28481,HKAM,medium_airport,Amboseli Airport,-2.644786,37.252922,3755,KE,Ol Tukai,HKAM,ASV,,Africa/Nairobi,false,true
3205,HKEL,large_airport,Eldoret International Airport,0.404458,35.238899,6941,KE,Eldoret,HKEL,EDL,,Africa/Nairobi,false,true
3206,HKJK,large_airport,Jomo Kenyatta International Airport,-1.318886,36.928233,5330,KE,Nairobi,HKJK,NBO,,Africa/Nairobi,false,true
3208,HKKI,large_airport,Kisumu International Airport,-0.086139,34.728901,3734,KE,Kisumu,HKKI,KIS,,Africa/Nairobi,false,true
3212,HKLU,medium_airport,Manda Airport,-2.252431,40.912892,20,KE,Lamu,HKLU,LAU,,Africa/Nairobi,false,true
31988,HKML,medium_airport,Malindi International Airport,-3.22931,40.1017,80,KE,Malindi,HKML,MYD,,Africa/Nairobi,false,true
3213,HKMO,large_airport,Moi International Airport,-4.03483,39.5942,200,KE,Mombasa,HKMO,MBA,,Africa/Nairobi,false,true
31594,HKMS,medium_airport,Mara Serena Lodge Airstrip,-1.404588,35.008349,5200,KE,Serena,HKMS,MRE,,Africa/Nairobi,false,true
32066,HKNL,medium_airport,Nanyuki Civil Airport,-0.062352,37.041296,6250,KE,Gathiuru,HKNL,NYK,,Africa/Nairobi,false,true
3215,HKNW,medium_airport,Nairobi Wilson Airport,-1.32172,36.8148,5536,KE,Nairobi,HKNW,WIL,,Africa/Nairobi,false,true
3217,HKWJ,medium_airport,Wajir Airport,1.73324,40.091599,770,KE,Wajir,HKWJ,WJR,,Africa/Nairobi,false,true
3222,HLKF,medium_airport,Kufra Airport,24.178699493408203,23.31399917602539,1367,LY,Kufra,HLKF,AKF,,Africa/Tripoli,false,true
3223,HLLB,large_airport,Benina International Airport,32.096802,20.269501,433,LY,Benina,HLLB,BEN,,Africa/Tripoli,false,true
3224,HLLM,large_airport,Mitiga International Airport,32.89177,13.287878,36,LY,Tripoli,HLLM,MJI,,Africa/Tripoli,false,true
3225,HLLQ,large_airport,Al Abraq International Airport,32.789036,21.954864,2157,LY,Al Albraq,HLLQ,LAQ,,Africa/Tripoli,false,true
3226,HLLS,medium_airport,Sabha Airport,26.992452,14.466162,1427,LY,Sabha,HLLS,SEB,,Africa/Tripoli,false,true
3232,HLTD,medium_airport,Ghadames Airport,30.145484,9.702095,1122,LY,Ghadames,HLTD,LTD,,Africa/Tripoli,false,true
3237,HRYR,large_airport,Kigali International Airport,-1.96863,30.1395,4859,RW,Kigali,HRYR,KGL,,Africa/Kigali,false,true
3238,HRZA,medium_airport,Kamembe Airport,-2.462239980697632,28.907899856567383,5192,RW,Kamembe,HRZA,KME,,Africa/Kigali,false,true
3239,HSDN,medium_airport,Dongola Airport,19.153666,30.430069,772,SD,Dongola,HSDN,DOG,,Africa/Khartoum,false,true
3241,HSFS,medium_airport,El Fasher Airport,13.614899635314941,25.324600219726562,2393,SD,El Fasher,HSFS,ELF,,Africa/Khartoum,false,true
3242,HSKA,medium_airport,Kassala Airport,15.387499809265137,36.328800201416016,1671,SD,Kassala,HSKA,KSL,,Africa/Khartoum,false,true
3244,HSNN,medium_airport,Nyala Airport,12.0535,24.9562,2106,SD,Nyala,HSNN,UYL,,Africa/Khartoum,false,true
3245,HSOB,medium_airport,El-Obeid Airport,13.1532,30.2327,1927,SD,El-Obeid,HSOB,EBD,,Africa/Khartoum,false,true
3246,HSPN,large_airport,Port Sudan New International Airport,19.434558,37.234125,135,SD,Port Sudan,HSPN,PZU,,Africa/Khartoum,false,true
3249,HSSK,large_airport,Khartoum International Airport,15.5895,32.5532,1265,SD,Khartoum,HSSK,KRT,,Africa/Khartoum,false,true
3248,HSSM,medium_airport,Malakal International Airport,9.558739,31.651937,1291,SS,Malakal,HSSM,MAK,,Africa/Juba,false,true
30553,HSWW,medium_airport,Wau Airport,7.72583,27.975,1529,SS,Wau,HSWW,WUU,,Africa/Juba,false,true
3250,HTAR,medium_airport,Arusha Airport,-3.3677899837493896,36.63330078125,4550,TZ,Arusha,HTAR,ARK,,Africa/Dar_es_Salaam,false,true
3251,HTDA,large_airport,Julius Nyerere International Airport,-6.873499,39.207288,182,TZ,Dar es Salaam,HTDA,DAR,,Africa/Dar_es_Salaam,false,true
3252,HTDO,medium_airport,Dodoma Airport,-6.170559,35.756036,3673,TZ,Dodoma,HTDO,DOD,,Africa/Dar_es_Salaam,false,true
318875,HTGW,medium_airport,Songwe Airport,-8.919942,33.273981,4412,TZ,Mbeya,HTGW,MBI,,Africa/Dar_es_Salaam,false,true
3254,HTKJ,large_airport,Kilimanjaro International Airport,-3.427049,37.07353,2932,TZ,Arusha,HTKJ,JRO,,Africa/Dar_es_Salaam,false,true
3256,HTMT,medium_airport,Mtwara Airport,-10.336204,40.181997,371,TZ,Mtwara,HTMT,MYW,,Africa/Dar_es_Salaam,false,true
3257,HTMW,large_airport,Mwanza International Airport,-2.446563,32.936049,3763,TZ,Mwanza,HTMW,MWZ,,Africa/Dar_es_Salaam,false,true
3259,HTTG,medium_airport,Tanga Airport,-5.09236,39.071201,129,TZ,Tanga,HTTG,TGT,,Africa/Dar_es_Salaam,false,true
3260,HTZA,large_airport,Abeid Amani Karume International Airport,-6.22202,39.224899,54,TZ,Zanzibar,HTZA,ZNZ,,Africa/Dar_es_Salaam,false,true
32234,HUAR,medium_airport,Arua Airport,3.049152,30.911714,3951,UG,Arua,HUAR,RUA,,Africa/Kampala,false,true
3263,HUEN,large_airport,Entebbe International Airport,0.042386,32.443501,3782,UG,Entebbe,HUEN,EBB,,Africa/Kampala,false,true
3264,HUGU,medium_airport,Gulu Airport,2.8055601119995117,32.27180099487305,3510,UG,Gulu,HUGU,ULU,,Africa/Kampala,false,true
3265,HUSO,medium_airport,Soroti Airport,1.7276899814605713,33.622798919677734,3697,UG,Soroti,HUSO,SRT,,Africa/Kampala,false,true
507227,ID-0277,medium_airport,Dhoho International Airport,-7.749527,111.946831,380,ID,Kediri,WARD,DHX,,Asia/Jakarta,false,true
29639,ID-ZGP,medium_airport,Bilorai Airport,-3.739503,137.031183,7348,ID,Bilogai,,UGU,,Asia/Jayapura,false,true
46512,IN-0025,medium_airport,Maharshi Valmiki International Airport,26.747736,82.163664,335,IN,Faizabad,VEAY,AYJ,,Asia/Kolkata,false,true
299082,IN-0065,medium_airport,Amravati  Airport,20.814608,77.717765,1125,IN,Amravati,VAAM,AVR,,Asia/Kolkata,false,true
331218,IN-0107,medium_airport,Sindhudurg Airport,16.002552,73.529846,203,IN,Chipi,VOSR,SDW,,Asia/Kolkata,false,true
342093,IN-0276,large_airport,Navi Mumbai International Airport,18.984597,73.065253,184,IN,Navi Mumbai,VANM,NMI,,Asia/Kolkata,false,true
354546,IN-0308,medium_airport,Itanagar Donyi Polo Hollongi Airport,26.96683,93.638792,328,IN,Hollongi,VEHO,HGI,,Asia/Kolkata,false,true
597786,IN-0392,large_airport,Noida International Airport,28.179868,77.611843,644,IN,Gautam Buddha Nagar,VIND,DXN,,Asia/Kolkata,false,true
598586,IN-0393,medium_airport,Maa Mahamaya Airport,22.98753,83.19612,1930,IN,Ambikapur,VEAP,AHA,,Asia/Kolkata,false,true
3451,KCID,medium_airport,The Eastern Iowa Airport,41.884701,-91.7108,869,US,Cedar Rapids,KCID,CID,IA,America/Chicago,false,true
19868,KFHR,medium_airport,Friday Harbor Airport,48.523654,-123.024645,113,US,Friday Harbor,KFHR,FRD,WA,America/Los_Angeles,false,true
339963,KH-0001,large_airport,Dara Sakor International Airport,10.914244,103.226652,60,KH,Ta Noun,VDDS,DSY,,Asia/Phnom_Penh,false,true
342098,KH-0002,large_airport,Techo International Airport,11.359987,104.921272,20,KH,Phnom Penh (Boeng Khyang),VDTI,KTI,,Asia/Phnom_Penh,false,true
23952,KORS,medium_airport,Orcas Island Airport,48.708199,-122.910004,31,US,Eastsound,KORS,ESD,WA,America/Los_Angeles,false,true
21105,KSQL,medium_airport,San Carlos Airport,37.51313,-122.250838,5,US,San Carlos,KSQL,SQL,CA,America/Los_Angeles,false,true
21305,KUUU,medium_airport,Newport State Airport,41.532207,-71.281039,172,US,Newport,KUUU,NPT,RI,America/New_York,false,true
430434,LA-0006,medium_airport,Bokeo International Airport,20.323986,100.165392,1175,LA,Ton Phueng,VLBK,BOR,,Asia/Vientiane,false,true
3972,LATI,large_airport,Tirana International Airport Mother Teresa,41.4147,19.7206,126,AL,Rinas,LATI,TIA,,Europe/Tirane,false,true
3974,LBBG,large_airport,Burgas Airport,42.569917,27.515173,135,BG,Burgas,LBBG,BOJ,,Europe/Sofia,false,true
3976,LBPD,large_airport,Plovdiv International Airport,42.067799,24.8508,597,BG,Plovdiv,LBPD,PDV,,Europe/Sofia,false,true
3977,LBSF,large_airport,Sofia Airport,42.696357,23.417671,1742,BG,Sofia,LBSF,SOF,,Europe/Sofia,false,true
3979,LBWN,large_airport,Varna Airport,43.232101,27.8251,230,BG,Varna,LBWN,VAR,,Europe/Sofia,false,true
30979,LCEN,large_airport,Ercan International Airport,35.153064,33.507352,404,CY,Tymbou (Kirklar),LCEN,ECN,,Asia/Famagusta,false,true
3980,LCLK,large_airport,Larnaca International Airport,34.875099,33.624901,8,CY,Larnaca,LCLK,LCA,,Asia/Nicosia,false,true
3981,LCPH,large_airport,Paphos International Airport,34.717999,32.485699,41,CY,Paphos,LCPH,PFO,,Asia/Nicosia,false,true
3984,LDDU,large_airport,Dubrovnik Ruđer Bošković Airport,42.562247,18.265543,527,HR,Dubrovnik,LDDU,DBV,,Europe/Zagreb,false,true
3986,LDOS,medium_airport,Osijek Airport,45.462355,18.811278,290,HR,Osijek(Klisa),LDOS,OSI,,Europe/Zagreb,false,true
3987,LDPL,large_airport,Pula Airport,44.893501,13.9222,274,HR,Pula,LDPL,PUY,,Europe/Zagreb,false,true
3989,LDRI,large_airport,Rijeka Airport,45.216376,14.57085,278,HR,Rijeka(Omišalj),LDRI,RJK,,Europe/Zagreb,false,true
3990,LDSB,medium_airport,Brač Airport,43.284454,16.678362,1776,HR,Gornji Humac,LDSB,BWK,,Europe/Zagreb,false,true
3991,LDSP,large_airport,Split Saint Jerome Airport,43.538898,16.298,79,HR,Split,LDSP,SPU,,Europe/Zagreb,false,true
3993,LDZA,large_airport,Zagreb Franjo Tuđman International Airport,45.742901,16.0688,353,HR,Velika Gorica,LDZA,ZAG,,Europe/Zagreb,false,true
3994,LDZD,large_airport,Zadar Airport,44.096986,15.353565,289,HR,Zadar,LDZD,ZAD,,Europe/Zagreb,false,true
3997,LEAL,large_airport,Alicante-Elche Miguel Hernández Airport,38.2822,-0.558156,142,ES,Alicante,LEAL,ALC,,Europe/Madrid,false,true
3998,LEAM,medium_airport,Almería Airport,36.843899,-2.3701,70,ES,Almería,LEAM,LEI,,Europe/Madrid,false,true
3999,LEAS,large_airport,Asturias Airport,43.563599,-6.03462,416,ES,Ranón,LEAS,OVD,,Europe/Madrid,false,true
4000,LEBA,medium_airport,Córdoba Airport,37.841999,-4.84888,297,ES,Córdoba,LEBA,ODB,,Europe/Madrid,false,true
4001,LEBB,large_airport,Bilbao Airport,43.301102,-2.91061,138,ES,Bilbao,LEBB,BIO,,Europe/Madrid,false,true
4004,LEBL,large_airport,Josep Tarradellas Barcelona-El Prat Airport,41.2971,2.07846,12,ES,Barcelona,LEBL,BCN,,Europe/Madrid,false,true
4005,LEBZ,medium_airport,Badajoz Airport,38.8913,-6.82133,609,ES,Badajoz,LEBZ,BJZ,,Europe/Madrid,false,true
300859,LECH,medium_airport,Castellón-Costa Azahar Airport,40.213889,0.073333,1182,ES,Castellón de la Plana,LECH,CDT,,Europe/Madrid,false,true
4007,LECO,medium_airport,A Coruña Airport,43.302101,-8.37726,326,ES,Culleredo,LECO,LCG,,Europe/Madrid,false,true
308328,LEDA,medium_airport,Lleida-Alguaire Airport,41.728185,0.535023,1152,ES,Lleida,LEDA,ILD,,Europe/Madrid,false,true
4010,LEGE,large_airport,Girona-Costa Brava Airport,41.904639,2.761774,468,ES,Girona,LEGE,GRO,,Europe/Madrid,false,true
4011,LEGR,medium_airport,F.G.L. Airport Granada-Jaén Airport,37.188702,-3.77736,1860,ES,Granada,LEGR,GRX,,Europe/Madrid,false,true
4013,LEIB,large_airport,Ibiza Airport,38.872898,1.37312,24,ES,Ibiza (Eivissa),LEIB,IBZ,,Europe/Madrid,false,true
4015,LEJR,medium_airport,Jerez Airport,36.744598,-6.06011,93,ES,Jerez de la Frontera,LEJR,XRY,,Europe/Madrid,false,true
4018,LELN,medium_airport,León Airport,42.590709,-5.653406,3006,ES,La Virgen del Camino,LELN,LEN,,Europe/Madrid,false,true
4019,LEMD,large_airport,Adolfo Suárez Madrid–Barajas Airport,40.493407,-3.572249,1998,ES,Madrid,LEMD,MAD,,Europe/Madrid,false,true
4020,LEMG,large_airport,Málaga-Costa del Sol Airport,36.6749,-4.49911,53,ES,Málaga,LEMG,AGP,,Europe/Madrid,false,true
4021,LEMH,large_airport,Menorca Airport,39.862598,4.21865,302,ES,Mahón (Maó),LEMH,MAH,,Europe/Madrid,false,true
308134,LEMI,large_airport,Region of Murcia International Airport,37.802852,-1.124884,644,ES,Corvera,LEMI,RMU,,Europe/Madrid,false,true
4035,LEPA,large_airport,Palma de Mallorca Airport,39.551701,2.73881,27,ES,Palma de Mallorca,LEPA,PMI,,Europe/Madrid,false,true
4025,LEPP,medium_airport,Pamplona Airport,42.77,-1.64633,1504,ES,Pamplona,LEPP,PNA,,Europe/Madrid,false,true
4031,LERS,large_airport,Reus Airport,41.147509,1.168354,233,ES,Reus,LERS,REU,,Europe/Madrid,false,true
4033,LESA,medium_airport,Salamanca Airport,40.952099,-5.50199,2595,ES,Salamanca,LESA,SLM,,Europe/Madrid,false,true
4037,LESO,medium_airport,San Sebastián Airport,43.356499,-1.79061,16,ES,Hondarribia,LESO,EAS,,Europe/Madrid,false,true
4038,LEST,large_airport,Santiago-Rosalía de Castro Airport,42.896301,-8.41514,1213,ES,Santiago de Compostela,LEST,SCQ,,Europe/Madrid,false,true
4039,LESU,medium_airport,Pirineus - la Seu d'Urgel Airport,42.3386,1.40917,2625,ES,La Seu d'Urgell Pyrenees and Andorra,LESU,LEU,,Europe/Madrid,false,true
4042,LEVC,large_airport,Valencia Airport,39.489162,-0.480961,240,ES,Valencia,LEVC,VLC,,Europe/Madrid,false,true
4043,LEVD,medium_airport,Valladolid Airport,41.7061,-4.85194,2776,ES,Valladolid,LEVD,VLL,,Europe/Madrid,false,true
4045,LEVT,medium_airport,Vitoria Airport,42.882801,-2.72447,1682,ES,Alava,LEVT,VIT,,Europe/Madrid,false,true
4046,LEVX,medium_airport,Vigo Airport,42.2318,-8.62677,856,ES,Vigo,LEVX,VGO,,Europe/Madrid,false,true
4047,LEXJ,medium_airport,Seve Ballesteros-Santander Airport,43.427101,-3.82001,16,ES,Santander,LEXJ,SDR,,Europe/Madrid,false,true
4048,LEZG,large_airport,Zaragoza Airport,41.666199,-1.04155,863,ES,Zaragoza,LEZG,ZAZ,,Europe/Madrid,false,true
4049,LEZL,large_airport,Seville Airport,37.417999,-5.89311,112,ES,Seville,LEZL,SVQ,,Europe/Madrid,false,true
4060,LFBD,large_airport,Bordeaux–Mérignac Airport,44.82865,-0.715356,162,FR,Bordeaux,LFBD,BOD,,Europe/Paris,false,true
4061,LFBE,medium_airport,Bergerac Dordogne-Périgord airport,44.825298,0.518611,171,FR,Bergerac,LFBE,EGC,,Europe/Paris,false,true
4064,LFBH,medium_airport,La Rochelle Île de Ré Airport,46.179199,-1.19528,74,FR,La Rochelle,LFBH,LRH,,Europe/Paris,false,true
4065,LFBI,medium_airport,Poitiers-Biard Airport,46.5877,0.306666,423,FR,Poitiers/Biard,LFBI,PIS,,Europe/Paris,false,true
4067,LFBL,medium_airport,Limoges Airport,45.862801,1.17944,1300,FR,Limoges/Bellegarde,LFBL,LIG,,Europe/Paris,false,true
4070,LFBO,large_airport,Toulouse-Blagnac Airport,43.629101,1.36382,499,FR,Toulouse/Blagnac,LFBO,TLS,,Europe/Paris,false,true
4071,LFBP,medium_airport,Pau Pyrénées Airport,43.380001,-0.418611,616,FR,Pau/Pyrénées (Uzein),LFBP,PUF,,Europe/Paris,false,true
4073,LFBT,medium_airport,Tarbes-Lourdes-Pyrénées Airport,43.178699,-0.006439,1260,FR,Tarbes/Lourdes/Pyrénées,LFBT,LDE,,Europe/Paris,false,true
4077,LFBZ,medium_airport,Biarritz Pays Basque airport,43.468372,-1.523223,245,FR,Biarritz,LFBZ,BIQ,,Europe/Paris,false,true
4082,LFCK,medium_airport,Castres Mazamet Airport,43.556301,2.28918,788,FR,Castres,LFCK,DCM,,Europe/Paris,false,true
4086,LFCR,medium_airport,Rodez–Aveyron Airport,44.407902,2.48267,1910,FR,Rodez/Marcillac,LFCR,RDZ,,Europe/Paris,false,true
4107,LFGJ,medium_airport,Dole Tavaux Airport,47.038955,5.427589,645,FR,Dole,LFGJ,DLE,,Europe/Paris,false,true
4120,LFJL,medium_airport,Metz-Nancy-Lorraine Airport,48.982101,6.25132,870,FR,Goin,LFJL,ETZ,,Europe/Paris,false,true
4123,LFKB,large_airport,Bastia-Poretta International airport,42.5527,9.48373,26,FR,Bastia,LFKB,BIA,,Europe/Paris,false,true
4124,LFKC,medium_airport,Calvi Sainte Catherine Airport,42.530422,8.792984,209,FR,Calvi,LFKC,CLY,,Europe/Paris,false,true
4125,LFKF,large_airport,Figari Sud-Corse Airport,41.50185,9.097092,85,FR,Figari,LFKF,FSC,,Europe/Paris,false,true
4126,LFKJ,medium_airport,Ajaccio Napoléon Bonaparte airport,41.923599,8.80292,18,FR,Ajaccio,LFKJ,AJA,,Europe/Paris,false,true
4131,LFLB,medium_airport,Chambéry Aix les Bains airport,45.6381,5.88023,779,FR,Chambéry,LFLB,CMF,,Europe/Paris,false,true
4132,LFLC,large_airport,Clermont-Ferrand Auvergne airport,45.786701,3.16917,1090,FR,Clermont-Ferrand,LFLC,CFE,,Europe/Paris,false,true
4137,LFLL,large_airport,Lyon Saint-Exupéry Airport,45.725996,5.090139,821,FR,"Colombier-Saugnieu, Rhône",LFLL,LYS,,Europe/Paris,false,true
4141,LFLP,medium_airport,Annecy Meythet airport,45.928947,6.0987,1521,FR,Annecy,LFLP,NCY,,Europe/Paris,false,true
4142,LFLS,medium_airport,Grenoble Alpes Isère Airport,45.3629,5.32937,1302,FR,Grenoble,LFLS,GNB,,Europe/Paris,false,true
4146,LFLW,medium_airport,Aurillac airport,44.891399,2.42194,2096,FR,Aurillac,LFLW,AUR,,Europe/Paris,false,true
4154,LFMK,medium_airport,Carcassonne Salvaza Airport,43.216,2.30632,433,FR,Carcassonne,LFMK,CCF,,Europe/Paris,false,true
4155,LFML,large_airport,Marseille Provence Airport,43.438088,5.2125,74,FR,"Marignane, Bouches-du-Rhône",LFML,MRS,,Europe/Paris,false,true
4156,LFMN,large_airport,Nice-Côte d'Azur Airport,43.658401,7.21587,12,FR,"Nice, Alpes-Maritimes",LFMN,NCE,,Europe/Paris,false,true
4158,LFMP,medium_airport,Perpignan-Rivesaltes (Llabanère) Airport,42.740398,2.87067,144,FR,Perpignan/Rivesaltes,LFMP,PGF,,Europe/Paris,false,true
4161,LFMT,large_airport,Montpellier-Méditerranée Airport,43.576199,3.96301,17,FR,Montpellier/Méditerranée,LFMT,MPL,,Europe/Paris,false,true
4162,LFMU,medium_airport,Béziers Vias airport,43.323502,3.3539,56,FR,Béziers,LFMU,BZR,,Europe/Paris,false,true
4163,LFMV,medium_airport,Avignon Caumont airport,43.907299,4.90183,124,FR,Avignon,LFMV,AVN,,Europe/Paris,false,true
4169,LFOB,large_airport,Beauvais-Tillé airport,49.454399,2.11278,359,FR,Beauvais,LFOB,BVA,,Europe/Paris,false,true
4176,LFOK,medium_airport,Chalons Vatry airport,48.77333,4.20611,587,FR,Chalons en Champagne,LFOK,XCR,,Europe/Paris,false,true
4179,LFOT,medium_airport,Tours Val de Loire Airport,47.432201,0.727606,357,FR,"Tours, Indre-et-Loire",LFOT,TUF,,Europe/Paris,false,true
4185,LFPG,large_airport,Charles de Gaulle International Airport,49.00896,2.554117,392,FR,"Paris (Roissy-en-France, Val-d'Oise)",LFPG,CDG,,Europe/Paris,false,true
4189,LFPO,large_airport,Paris-Orly Airport,48.729499,2.358963,291,FR,"Paris (Orly, Val-de-Marne)",LFPO,ORY,,Europe/Paris,false,true
4202,LFQQ,large_airport,Lille Airport,50.566564,3.102429,157,FR,Lesquin,LFQQ,LIL,,Europe/Paris,false,true
4206,LFRB,large_airport,Brest Bretagne airport,48.447899,-4.41854,325,FR,Brest,LFRB,BES,,Europe/Paris,false,true
4211,LFRG,medium_airport,Deauville Normandie airport,49.365237,0.154481,479,FR,Deauville,LFRG,DOL,,Europe/Paris,false,true
4215,LFRK,medium_airport,Caen Carpiquet airport,49.17678,-0.454883,256,FR,Caen,LFRK,CFR,,Europe/Paris,false,true
4218,LFRN,medium_airport,Rennes-Saint-Jacques Airport,48.0695,-1.73479,124,FR,"Saint-Jacques-de-la-Lande, Ille-et-Vilaine",LFRN,RNS,,Europe/Paris,false,true
4221,LFRS,large_airport,Nantes Atlantique Airport,47.153198,-1.61073,90,FR,Nantes,LFRS,NTE,,Europe/Paris,false,true
4226,LFSB,large_airport,EuroAirport Basel–Mulhouse–Freiburg,47.60068,7.521117,885,FR,Bâle / Mulhouse,LFSB,BSL,,Europe/Paris,false,true
29001,LFSL,medium_airport,Brive Souillac airport,45.039722,1.485556,1016,FR,Brive,LFSL,BVE,,Europe/Paris,false,true
4238,LFST,large_airport,Strasbourg Airport,48.5383,7.62823,505,FR,Strasbourg,LFST,SXB,,Europe/Paris,false,true
4241,LFTH,medium_airport,Toulon-Hyères Airport,43.097301,6.14603,7,FR,"Hyères, Var",LFTH,TLN,,Europe/Paris,false,true
4242,LFTW,medium_airport,Nîmes-Arles-Camargue Airport,43.757401,4.41635,309,FR,Nîmes/Garons,LFTW,FNI,,Europe/Paris,false,true
4245,LFVP,medium_airport,Saint-Pierre Pointe-Blanche Airport,46.762651,-56.17499,27,PM,Saint-Pierre,LFVP,FSP,,America/Miquelon,false,true
4250,LGAL,medium_airport,Alexandroupoli Democritus Airport,40.8559,25.956301,24,GR,Alexandroupolis,LGAL,AXD,,Europe/Athens,false,true
4251,LGAV,large_airport,Athens Eleftherios Venizelos International Airport,37.936401,23.9445,308,GR,Spata-Artemida,LGAV,ATH,,Europe/Athens,false,true
4253,LGBL,medium_airport,Nea Anchialos National Airport,39.219601,22.7943,83,GR,Nea Anchialos,LGBL,VOL,,Europe/Athens,false,true
4255,LGHI,medium_airport,Chios Island National Airport,38.34320068359375,26.140600204467773,15,GR,Chios Island,LGHI,JKH,,Europe/Athens,false,true
4257,LGIO,medium_airport,Ioannina King Pyrrhus National Airport,39.6964,20.8225,1558,GR,Ioannina,LGIO,IOA,,Europe/Athens,false,true
4258,LGIR,large_airport,Heraklion International Nikos Kazantzakis Airport,35.339699,25.1803,115,GR,Heraklion,LGIR,HER,,Europe/Athens,false,true
4261,LGKF,medium_airport,Kefallinia Airport,38.12009811401367,20.500499725341797,59,GR,Kefallinia Island,LGKF,EFL,,Europe/Athens,false,true
4262,LGKL,medium_airport,Kalamata Airport,37.06829833984375,22.02549934387207,26,GR,Kalamata,LGKL,KLX,,Europe/Athens,false,true
4264,LGKO,large_airport,"Kos International Airport ""Ippokratis""",36.794523,27.09115,412,GR,Kos Island,LGKO,KGS,,Europe/Athens,false,true
4265,LGKP,medium_airport,Karpathos Airport,35.421398,27.146,66,GR,Karpathos Island,LGKP,AOK,,Europe/Athens,false,true
4266,LGKR,large_airport,Corfu Ioannis Kapodistrias International Airport,39.60145,19.912179,6,GR,Kerkyra (Corfu),LGKR,CFU,,Europe/Athens,false,true
4268,LGKV,large_airport,Kavala Alexander the Great International Airport,40.9133,24.6192,18,GR,Kavala,LGKV,KVA,,Europe/Athens,false,true
4269,LGKZ,medium_airport,Kozani National Airport Filippos,40.286098,21.840799,2059,GR,Kozani,LGKZ,KZI,,Europe/Athens,false,true
4274,LGMK,medium_airport,Mykonos Island National Airport,37.435101,25.348101,405,GR,Mykonos,LGMK,JMK,,Europe/Athens,false,true
4275,LGMT,medium_airport,Mytilene International Airport,39.057406,26.598629,60,GR,Mytilene,LGMT,MJT,,Europe/Athens,false,true
4277,LGPZ,medium_airport,Aktion National Airport,38.925499,20.765301,11,GR,Preveza,LGPZ,PVK,,Europe/Athens,false,true
4279,LGRP,large_airport,"Rhodes International Airport ""Diagoras""",36.405399,28.086201,17,GR,Rhodes,LGRP,RHO,,Europe/Athens,false,true
4280,LGRX,medium_airport,Patras Araxos Agamemnon Airport,38.1511,21.4256,46,GR,Patras,LGRX,GPA,,Europe/Athens,false,true
4281,LGSA,large_airport,Chania International Airport,35.531207,24.150673,490,GR,Souda,LGSA,CHQ,,Europe/Athens,false,true
4282,LGSK,medium_airport,Skiathos Island National Airport,39.177101,23.5037,54,GR,Skiathos,LGSK,JSI,,Europe/Athens,false,true
4283,LGSM,medium_airport,Samos Airport,37.689999,26.911699,19,GR,Samos Island,LGSM,SMI,,Europe/Athens,false,true
4286,LGSR,large_airport,Santorini International Airport,36.400045,25.478638,127,GR,Santorini Island,LGSR,JTR,,Europe/Athens,false,true
4287,LGST,medium_airport,Sitia Airport,35.21609878540039,26.101299285888672,376,GR,Crete Island,LGST,JSH,,Europe/Athens,false,true
4293,LGTS,large_airport,Thessaloniki Macedonia International Airport,40.51928,22.970009,22,GR,Thessaloniki,LGTS,SKG,,Europe/Athens,false,true
4295,LGZA,medium_airport,Zakynthos International Airport Dionysios Solomos,37.7509,20.8843,12,GR,Zakynthos,LGZA,ZTH,,Europe/Athens,false,true
4296,LHBP,large_airport,Budapest Liszt Ferenc International Airport,47.43018,19.262393,495,HU,Budapest,LHBP,BUD,,Europe/Budapest,false,true
4297,LHDC,large_airport,Debrecen International Airport,47.489469,21.616278,359,HU,Debrecen,LHDC,DEB,,Europe/Budapest,false,true
4302,LHPP,large_airport,Pécs-Pogány International Airport,45.988891,18.242044,651,HU,Pécs,LHPP,PEV,,Europe/Budapest,false,true
4305,LHSM,medium_airport,Hévíz–Balaton Airport,46.686391,17.159084,408,HU,Sármellék,LHSM,SOB,,Europe/Budapest,false,true
4309,LIBC,medium_airport,Crotone Sant'Anna Pythagoras Airport,38.9972,17.0802,522,IT,Isola di Capo Rizzuto (KR),LIBC,CRV,,Europe/Rome,false,true
4310,LIBD,large_airport,Bari Karol Wojtyła International Airport,41.138901,16.760599,193,IT,Bari,LIBD,BRI,,Europe/Rome,false,true
4311,LIBF,medium_airport,Foggia Gino Lisa Airport,41.433596,15.534566,265,IT,Foggia (FG),LIBF,FOG,,Europe/Rome,false,true
4314,LIBP,large_airport,Abruzzo Airport,42.431079,14.182981,48,IT,Pescara,LIBP,PSR,,Europe/Rome,false,true
4315,LIBR,large_airport,Brindisi Airport,40.6576,17.947001,47,IT,Brindisi,LIBR,BDS,,Europe/Rome,false,true
4317,LICA,large_airport,Lamezia Terme Sant'Eufemia International Airport,38.906214,16.246007,39,IT,Lamezia Terme (CZ),LICA,SUF,,Europe/Rome,false,true
298716,LICB,medium_airport,Comiso Airport,36.99583,14.60889,756,IT,Comiso,LICB,CIY,,Europe/Rome,false,true
4318,LICC,large_airport,Catania-Fontanarossa Airport,37.466801,15.0664,39,IT,Catania,LICC,CTA,,Europe/Rome,false,true
4319,LICD,medium_airport,Lampedusa Airport,35.497898,12.6181,70,IT,Lampedusa,LICD,LMP,,Europe/Rome,false,true
4320,LICG,medium_airport,Pantelleria Airport,36.816502,11.9689,628,IT,Pantelleria (TP),LICG,PNL,,Europe/Rome,false,true
4321,LICJ,large_airport,Falcone–Borsellino Airport,38.175999,13.091,65,IT,Palermo,LICJ,PMO,,Europe/Rome,false,true
4323,LICR,medium_airport,Reggio Calabria Airport,38.071201,15.6516,96,IT,Reggio Calabria,LICR,REG,,Europe/Rome,false,true
4324,LICT,medium_airport,Vincenzo Florio Airport Trapani-Birgi,37.9114,12.488,25,IT,Trapani (TP),LICT,TPS,,Europe/Rome,false,true
4330,LIEA,medium_airport,Alghero-Fertilia Airport,40.632099,8.29077,87,IT,Alghero,LIEA,AHO,,Europe/Rome,false,true
4332,LIEE,large_airport,Cagliari Elmas Airport,39.251499,9.05428,13,IT,Cagliari,LIEE,CAG,,Europe/Rome,false,true
4333,LIEO,large_airport,Olbia Costa Smeralda Airport,40.898953,9.518457,37,IT,Olbia (SS),LIEO,OLB,,Europe/Rome,false,true
4340,LIMC,large_airport,Milan Malpensa International Airport,45.6306,8.72811,768,IT,Ferno (VA),LIMC,MXP,,Europe/Rome,false,true
4341,LIME,large_airport,Il Caravaggio International Airport,45.669362,9.708851,782,IT,Orio al Serio (BG),LIME,BGY,,Europe/Rome,false,true
4342,LIMF,large_airport,Turin Airport,45.200802,7.64963,989,IT,Caselle Torinese (TO),LIMF,TRN,,Europe/Rome,false,true
4344,LIMJ,large_airport,Genoa Cristoforo Colombo Airport,44.412039,8.840732,13,IT,Genova (GE),LIMJ,GOA,,Europe/Rome,false,true
4345,LIML,large_airport,Milano Linate Airport,45.445099,9.27674,353,IT,Segrate (MI),LIML,LIN,,Europe/Rome,false,true
4347,LIMP,medium_airport,Parma Airport,44.826351,10.29705,161,IT,Parma (PR),LIMP,PMF,,Europe/Rome,false,true
4350,LIMZ,medium_airport,Cuneo International Airport,44.547458,7.623045,1267,IT,Levaldigi (CN),LIMZ,CUF,,Europe/Rome,false,true
4352,LIPB,medium_airport,Bolzano Airport,46.459245,11.326125,789,IT,Bolzano (BZ),LIPB,BZO,,Europe/Rome,false,true
4354,LIPE,large_airport,Bologna Guglielmo Marconi Airport,44.5354,11.2887,123,IT,Bologna,LIPE,BLQ,,Europe/Rome,false,true
4355,LIPH,large_airport,Treviso Airport,45.648399,12.1944,59,IT,Treviso (TV),LIPH,TSF,,Europe/Rome,false,true
4357,LIPK,medium_airport,Forlì-Luigi Ridolfi International Airport,44.194801,12.0701,97,IT,Forlì (FC),LIPK,FRL,,Europe/Rome,false,true
4360,LIPO,medium_airport,Brescia Gabriele d'Annunzio Airport,45.428902,10.3306,355,IT,Montichiari (BS),LIPO,VBS,,Europe/Rome,false,true
4361,LIPQ,large_airport,Trieste Airport,45.827862,13.466672,39,IT,Ronchi dei Legionari/Trieste,LIPQ,TRS,,Europe/Rome,false,true
4362,LIPR,large_airport,Federico Fellini International Airport,44.020024,12.612198,40,IT,Rimini (RN),LIPR,RMI,,Europe/Rome,false,true
4366,LIPX,large_airport,Verona Villafranca Valerio Catullo Airport,45.394955,10.887303,239,IT,Caselle (VR),LIPX,VRN,,Europe/Rome,false,true
4367,LIPY,medium_airport,Marche Airport,43.616299,13.3623,49,IT,Falconara Marittima (AN),LIPY,AOI,,Europe/Rome,false,true
4368,LIPZ,large_airport,Venice Marco Polo Airport,45.505299,12.3519,7,IT,Venezia (VE),LIPZ,VCE,,Europe/Rome,false,true
4370,LIRA,large_airport,Ciampino–G. B. Pastine International Airport,41.798769,12.595331,427,IT,Rome,LIRA,CIA,,Europe/Rome,false,true
4372,LIRF,large_airport,Rome–Fiumicino Leonardo da Vinci International Airport,41.804532,12.251998,13,IT,Rome,LIRF,FCO,,Europe/Rome,false,true
4374,LIRI,medium_airport,Salerno Costa d'Amalfi Airport,40.620399,14.9113,123,IT,Salerno,LIRI,QSR,,Europe/Rome,false,true
4375,LIRJ,medium_airport,Marina di Campo Airport,42.760871,10.239811,31,IT,Campo nell'Elba (LI),LIRJ,EBA,,Europe/Rome,false,true
4378,LIRN,large_airport,Naples International Airport,40.886002,14.2908,294,IT,Napoli,LIRN,NAP,,Europe/Rome,false,true
4379,LIRP,large_airport,Pisa International Airport,43.683899,10.3927,6,IT,Pisa (PI),LIRP,PSA,,Europe/Rome,false,true
4380,LIRQ,large_airport,"Florence Airport, Peretola",43.808558,11.202822,142,IT,Firenze (FI),LIRQ,FLR,,Europe/Rome,false,true
4384,LIRZ,large_airport,Perugia San Francesco d'Assisi – Umbria International Airport,43.095901,12.5132,697,IT,Perugia (PG),LIRZ,PEG,,Europe/Rome,false,true
4386,LJLJ,large_airport,Ljubljana Jože Pučnik Airport,46.223701,14.4576,1273,SI,Zgornji Brnik,LJLJ,LJU,,Europe/Ljubljana,false,true
4387,LJMB,medium_airport,Maribor Edvard Rusjan Airport,46.4799,15.6861,876,SI,Maribor,LJMB,MBX,,Europe/Ljubljana,false,true
4393,LKCS,large_airport,České Budějovice South Bohemian Airport,48.948171,14.42832,1417,CZ,České Budějovice,LKCS,JCL,,Europe/Prague,false,true
4399,LKKV,large_airport,Karlovy Vary Airport,50.202999,12.915,1989,CZ,Karlovy Vary,LKKV,KLV,,Europe/Prague,false,true
4402,LKMT,large_airport,Leoš Janáček Airport Ostrava,49.696301,18.111099,844,CZ,Mošnov,LKMT,OSR,,Europe/Prague,false,true
4405,LKPD,large_airport,Pardubice Airport,50.015049,15.73981,741,CZ,Pardubice,LKPD,PED,,Europe/Prague,false,true
4408,LKPR,large_airport,Václav Havel Airport Prague,50.100874,14.259911,1247,CZ,Prague,LKPR,PRG,,Europe/Prague,false,true
4409,LKTB,medium_airport,Brno-Tuřany Airport,49.151276,16.693972,778,CZ,Brno,LKTB,BRQ,,Europe/Prague,false,true
4411,LLBG,large_airport,Ben Gurion International Airport,32.011398,34.8867,135,IL,Tel Aviv,LLBG,TLV,,Asia/Jerusalem,false,true
330388,LLER,large_airport,Ramon International Airport,29.727009,35.014116,288,IL,Eilat,LLER,ETM,,Asia/Jerusalem,false,true
4417,LLHA,medium_airport,Uri Michaeli Haifa International Airport,32.810219,35.043719,28,IL,Haifa,LLHA,HFA,,Asia/Jerusalem,false,true
4427,LMML,large_airport,Malta International Airport,35.845932,14.491546,300,MT,Valletta,LMML,MLA,,Europe/Malta,false,true
4430,LOWG,large_airport,Graz Airport,46.9911,15.4396,1115,AT,Feldkirchen bei Graz,LOWG,GRZ,,Europe/Vienna,false,true
4431,LOWI,large_airport,Innsbruck Airport,47.260201,11.344,1907,AT,Innsbruck,LOWI,INN,,Europe/Vienna,false,true
4435,LOWK,large_airport,Klagenfurt Airport,46.642502,14.3377,1472,AT,Klagenfurt am Wörthersee,LOWK,KLU,,Europe/Vienna,false,true
4432,LOWL,large_airport,Linz-Hörsching Airport,48.235362,14.188128,980,AT,Linz,LOWL,LNZ,,Europe/Vienna,false,true
4433,LOWS,large_airport,Salzburg Airport,47.793301,13.0043,1411,AT,Salzburg,LOWS,SZG,,Europe/Vienna,false,true
4434,LOWW,large_airport,Vienna International Airport,48.110298,16.5697,600,AT,Vienna,LOWW,VIE,,Europe/Vienna,false,true
4439,LPAZ,medium_airport,Santa Maria Airport,36.97140121459961,-25.17060089111328,308,PT,Vila do Porto,LPAZ,SMA,,Atlantic/Azores,false,true
4440,LPBG,medium_airport,Bragança Airport,41.8578,-6.70713,2241,PT,Bragança,LPBG,BGC,,Europe/Lisbon,false,true
4444,LPCS,medium_airport,Cascais Airport,38.724998,-9.35523,325,PT,Cascais,LPCS,CAT,,Europe/Lisbon,false,true
4447,LPFL,medium_airport,Flores Airport,39.455299377441406,-31.131399154663086,112,PT,Santa Cruz das Flores,LPFL,FLW,,Atlantic/Azores,false,true
4448,LPFR,large_airport,Faro - Gago Coutinho International Airport,37.015909,-7.970939,24,PT,Faro,LPFR,FAO,,Europe/Lisbon,false,true
4449,LPGR,medium_airport,Graciosa Airport,39.092201232910156,-28.029800415039062,86,PT,Santa Cruz da Graciosa,LPGR,GRW,,Atlantic/Azores,false,true
4450,LPHR,medium_airport,Horta Airport,38.519901275634766,-28.715900421142578,118,PT,Horta,LPHR,HOR,,Atlantic/Azores,false,true
4451,LPLA,medium_airport,Lajes Airport,38.761799,-27.090799,180,PT,Praia da Vitória,LPLA,TER,,Atlantic/Azores,false,true
4452,LPMA,large_airport,Cristiano Ronaldo International Airport,32.697812,-16.774613,192,PT,Funchal,LPMA,FNC,,Atlantic/Madeira,false,true
4456,LPPD,large_airport,João Paulo II Airport,37.7411994934,-25.6979007721,259,PT,Ponta Delgada,LPPD,PDL,,Atlantic/Azores,false,true
4457,LPPI,medium_airport,Pico Airport,38.554298,-28.441299,109,PT,Pico Island,LPPI,PIX,,Atlantic/Azores,false,true
4458,LPPM,medium_airport,Portimão Airport,37.1493,-8.58396,5,PT,Portimão,LPPM,PRM,,Europe/Lisbon,false,true
4459,LPPR,large_airport,Francisco de Sá Carneiro Airport,41.2481002808,-8.68138980865,228,PT,Porto,LPPR,OPO,,Europe/Lisbon,false,true
4460,LPPS,medium_airport,Porto Santo Airport,33.0733985901,-16.3500003815,341,PT,Vila Baleira,LPPS,PXO,,Atlantic/Madeira,false,true
4461,LPPT,large_airport,Lisbon Humberto Delgado Airport,38.7813,-9.13592,374,PT,Lisbon,LPPT,LIS,,Europe/Lisbon,false,true
4462,LPSJ,medium_airport,São Jorge Airport,38.665501,-28.1758,311,PT,Velas,LPSJ,SJZ,,Atlantic/Azores,false,true
4465,LPVR,medium_airport,Vila Real Airport,41.2743,-7.72047,1805,PT,Vila Real,LPVR,VRL,,Europe/Lisbon,false,true
4466,LPVZ,medium_airport,Aerodromo Goncalves Lobato (Viseu Airport),40.725498,-7.88899,2060,PT,Viseu,LPVZ,VSE,,Europe/Lisbon,false,true
4467,LQBK,large_airport,Banja Luka International Airport,44.941399,17.297501,400,BA,Mahovljani,LQBK,BNX,,Europe/Sarajevo,false,true
4468,LQMO,large_airport,Mostar International Airport,43.282489,17.846101,156,BA,Mostar,LQMO,OMO,,Europe/Sarajevo,false,true
4469,LQSA,large_airport,Sarajevo International Airport,43.8246,18.331499,1708,BA,Sarajevo,LQSA,SJJ,,Europe/Sarajevo,false,true
4470,LQTZ,large_airport,Tuzla International Airport,44.459858,18.723627,784,BA,Dubrave Gornje,LQTZ,TZL,,Europe/Sarajevo,false,true
4471,LRAR,medium_airport,Arad International Airport,46.176136,21.264322,352,RO,Arad,LRAR,ARW,,Europe/Bucharest,false,true
4472,LRBC,large_airport,Bacău George Enescu International  Airport,46.5219,26.910299,607,RO,Bacău,LRBC,BCM,,Europe/Bucharest,false,true
4473,LRBM,medium_airport,Maramureș International Airport,47.658444,23.464445,605,RO,Tăuții-Măgherăuș,LRBM,BAY,,Europe/Bucharest,false,true
4474,LRBS,large_airport,Bucharest Băneasa Aurel Vlaicu International Airport,44.503133,26.102944,297,RO,Bucharest,LRBS,BBU,,Europe/Bucharest,false,true
333670,LRBV,large_airport,Brașov-Ghimbav International Airport,45.70558,25.522871,1740,RO,Brașov (Ghimbav),LRBV,GHV,,Europe/Bucharest,false,true
4475,LRCK,large_airport,Mihail Kogălniceanu International Airport,44.362202,28.4883,353,RO,Constanța,LRCK,CND,,Europe/Bucharest,false,true
4476,LRCL,large_airport,Avram Iancu Cluj International Airport,46.786042,23.685733,1039,RO,Cluj-Napoca,LRCL,CLJ,,Europe/Bucharest,false,true
4479,LRCV,large_airport,Craiova International Airport,44.3181,23.888599,626,RO,Craiova,LRCV,CRA,,Europe/Bucharest,false,true
4480,LRIA,large_airport,Iaşi International Airport,47.179633,27.621431,411,RO,Iaşi,LRIA,IAS,,Europe/Bucharest,false,true
4481,LROD,large_airport,Oradea International Airport,47.025299,21.9025,465,RO,Oradea,LROD,OMR,,Europe/Bucharest,false,true
4482,LROP,large_airport,Bucharest Henri Coandă International Airport,44.571792,26.103285,314,RO,Otopeni,LROP,OTP,,Europe/Bucharest,false,true
4483,LRSB,large_airport,Sibiu International Airport,45.785841,24.086666,1496,RO,Sibiu,LRSB,SBZ,,Europe/Bucharest,false,true
4484,LRSM,medium_airport,Satu Mare International Airport,47.7033,22.8857,405,RO,Satu Mare,LRSM,SUJ,,Europe/Bucharest,false,true
4485,LRSV,large_airport,Suceava Ștefan cel Mare International Airport,47.6875,26.354099,1375,RO,Suceava,LRSV,SCV,,Europe/Bucharest,false,true
4487,LRTM,medium_airport,Târgu Mureş Transilvania International Airport,46.467701,24.4125,963,RO,Recea,LRTM,TGM,,Europe/Bucharest,false,true
4488,LRTR,large_airport,Timișoara Traian Vuia International Airport,45.809898,21.3379,348,RO,Timişoara,LRTR,TSR,,Europe/Bucharest,false,true
4490,LSGG,large_airport,Geneva International Airport,46.238098,6.10895,1411,CH,Geneva,LSGG,GVA,,Europe/Zurich,false,true
4502,LSZA,medium_airport,Lugano Airport,46.004299,8.91058,915,CH,Agno,LSZA,LUG,,Europe/Zurich,false,true
4503,LSZB,medium_airport,Bern Airport,46.912736,7.498819,1671,CH,Bern,LSZB,BRN,,Europe/Zurich,false,true
4505,LSZH,large_airport,Zürich Airport,47.458056,8.548056,1417,CH,Zurich,LSZH,ZRH,,Europe/Zurich,false,true
4506,LSZR,medium_airport,Sankt Gallen Altenrhein Airport,47.485001,9.56077,1306,CH,St. Gallen,LSZR,ACH,,Europe/Zurich,false,true
4509,LTAC,large_airport,Esenboğa International Airport,40.128101,32.995098,3125,TR,Ankara,LTAC,ESB,,Europe/Istanbul,false,true
4515,LTAI,large_airport,Antalya International Airport,36.898701,30.800501,177,TR,Antalya,LTAI,AYT,,Europe/Istanbul,false,true
4516,LTAJ,large_airport,Gaziantep Oğuzeli International Airport,36.947201,37.478699,2315,TR,Gaziantep,LTAJ,GZT,,Europe/Istanbul,false,true
30013,LTAL,medium_airport,Kastamonu Airport,41.314201,33.795799,3520,TR,Kastamonu,LTAL,KFS,,Europe/Istanbul,false,true
4518,LTAN,large_airport,Konya Airport,37.979,32.561901,3392,TR,Konya,LTAN,KYA,,Europe/Istanbul,false,true
4520,LTAP,medium_airport,Amasya Merzifon Airport,40.829399,35.521999,1758,TR,Amasya,LTAP,MZH,,Europe/Istanbul,false,true
4521,LTAR,medium_airport,Sivas Nuri Demirağ Airport,39.813801,36.9035,5239,TR,Sivas,LTAR,VAS,,Europe/Istanbul,false,true
30585,LTAS,medium_airport,Zonguldak Çaycuma Airport,41.506401,32.0886,44,TR,Zonguldak,LTAS,ONQ,,Europe/Istanbul,false,true
4522,LTAT,medium_airport,Malatya Erhaç Airport,38.435298919699996,38.0909996033,2828,TR,Malatya,LTAT,MLX,,Europe/Istanbul,false,true
4523,LTAU,large_airport,Kayseri Erkilet International Airport,38.770401,35.495399,3463,TR,Kayseri,LTAU,ASR,,Europe/Istanbul,false,true
4525,LTAW,medium_airport,Tokat Airport,40.32472,36.39056,1859,TR,Tokat,LTAW,TJK,,Europe/Istanbul,false,true
4526,LTAY,medium_airport,Çardak Airport,37.7855987549,29.7012996674,2795,TR,Denizli,LTAY,DNZ,,Europe/Istanbul,false,true
4527,LTAZ,large_airport,Nevşehir Kapadokya Airport,38.7719,34.5345,3100,TR,Nevşehir,LTAZ,NAV,,Europe/Istanbul,false,true
4529,LTBF,medium_airport,Balıkesir Airport,39.619301,27.926001,340,TR,Balıkesir,LTBF,BZI,,Europe/Istanbul,false,true
4531,LTBH,medium_airport,Çanakkale Airport,40.1376991272,26.4267997742,23,TR,Çanakkale,LTBH,CKZ,,Europe/Istanbul,false,true
4533,LTBJ,large_airport,Adnan Menderes International Airport,38.2924,27.157,412,TR,Gaziemir,LTBJ,ADB,,Europe/Istanbul,false,true
4541,LTBR,medium_airport,Bursa Yenişehir Airport,40.255199,29.562599,764,TR,Yenişehir,LTBR,YEI,,Europe/Istanbul,false,true
4542,LTBS,large_airport,Dalaman International Airport,36.7131,28.7925,20,TR,Dalaman,LTBS,DLM,,Europe/Istanbul,false,true
4544,LTBU,medium_airport,Tekirdağ Çorlu Airport,41.138199,27.9191,574,TR,Çorlu,LTBU,TEQ,,Europe/Istanbul,false,true
4547,LTBY,large_airport,Hasan Polatkan Airport,39.811644,30.519268,2588,TR,Eskişehir,LTBY,AOE,,Europe/Istanbul,false,true
44490,LTBZ,medium_airport,Zafer Airport,39.111107,30.130405,3327,TR,Altıntaş,LTBZ,KZR,,Europe/Istanbul,false,true
4548,LTCA,medium_airport,Elazığ Airport,38.597974,39.28348,2927,TR,Elazığ,LTCA,EZS,,Europe/Istanbul,false,true
44789,LTCB,medium_airport,Ordu–Giresun Airport,40.966872,38.085995,11,TR,Ordu,LTCB,OGU,,Europe/Istanbul,false,true
4549,LTCC,medium_airport,Diyarbakır Airport,37.893902,40.201,2251,TR,Diyarbakır,LTCC,DIY,,Europe/Istanbul,false,true
4550,LTCD,medium_airport,Erzincan Airport,39.7102012634,39.527000427199994,3783,TR,Erzincan,LTCD,ERC,,Europe/Istanbul,false,true
4551,LTCE,medium_airport,Erzurum International Airport,39.956501,41.1702,5763,TR,Erzurum,LTCE,ERZ,,Europe/Istanbul,false,true
4552,LTCF,medium_airport,Kars Airport,40.562198638916016,43.1150016784668,5889,TR,Kars,LTCF,KSY,,Europe/Istanbul,false,true
4553,LTCG,medium_airport,Trabzon International Airport,40.995098,39.7897,104,TR,Trabzon,LTCG,TZX,,Europe/Istanbul,false,true
4555,LTCI,medium_airport,Van Ferit Melen Airport,38.46820068359375,43.332298278808594,5480,TR,Van,LTCI,VAN,,Europe/Istanbul,false,true
4556,LTCJ,medium_airport,Batman Airport,37.929001,41.1166,1822,TR,Batman,LTCJ,BAL,,Europe/Istanbul,false,true
4557,LTCK,medium_airport,Muş Airport,38.747798919677734,41.66120147705078,4157,TR,Muş,LTCK,MSR,,Europe/Istanbul,false,true
30418,LTCM,medium_airport,Sinop Airport,42.018313,35.071774,20,TR,Sinop,LTCM,NOP,,Europe/Istanbul,false,true
4559,LTCN,medium_airport,Kahramanmaraş Airport,37.5388259888,36.9535217285,1723,TR,Kahramanmaraş,LTCN,KCM,,Europe/Istanbul,false,true
4560,LTCO,medium_airport,Ağrı Airport,39.655642,43.025742,5462,TR,Ağrı,LTCO,AJI,,Europe/Istanbul,false,true
4561,LTCP,medium_airport,Adıyaman Airport,37.7314,38.468899,2216,TR,Adıyaman,LTCP,ADF,,Europe/Istanbul,false,true
4562,LTCR,medium_airport,Mardin Airport,37.223300933800004,40.6316986084,1729,TR,Mardin,LTCR,MQM,,Europe/Istanbul,false,true
44491,LTCS,large_airport,Şanlıurfa GAP Airport,37.445663,38.895592,2708,TR,Şanlıurfa,LTCS,GNY,,Europe/Istanbul,false,true
44790,LTCT,medium_airport,Iğdır Airport,39.976627,43.876648,3101,TR,Iğdır,LTCT,IGD,,Europe/Istanbul,false,true
44781,LTCU,medium_airport,Bingöl Airport,38.860131,40.594489,3506,TR,Bingöl,LTCU,BGG,,Europe/Istanbul,false,true
316546,LTCV,medium_airport,Şırnak Şerafettin Elçi Airport,37.3647,42.0582,2038,TR,Şırnak,LTCV,NKT,,Europe/Istanbul,false,true
317863,LTCW,medium_airport,Hakkari Yüksekova Airport,37.5497,44.2381,6400,TR,Hakkari,LTCW,YKO,,Europe/Istanbul,false,true
44484,LTDA,medium_airport,Hatay Airport,36.36079,36.285589,269,TR,Antakya,LTDA,HTY,,Europe/Istanbul,false,true
324731,LTDB,large_airport,Çukurova International Airport,36.891478,35.071235,35,TR,Tarsus,LTDB,COV,,Europe/Istanbul,false,true
4565,LTFC,medium_airport,Süleyman Demirel International Airport,37.8554,30.368401,2835,TR,Isparta,LTFC,ISE,,Europe/Istanbul,false,true
4566,LTFD,large_airport,Balıkesir Koca Seyit Airport,39.552533,27.010192,50,TR,Edremit,LTFD,EDO,,Europe/Istanbul,false,true
4567,LTFE,large_airport,Milas Bodrum International Airport,37.249314,27.66401,21,TR,Bodrum,LTFE,BJV,,Europe/Istanbul,false,true
44487,LTFG,medium_airport,Gazipaşa-Alanya Airport,36.298832,32.297017,92,TR,Gazipaşa,LTFG,GZP,,Europe/Istanbul,false,true
4568,LTFH,medium_airport,Samsun-Çarşamba Airport,41.253988,36.567546,18,TR,Samsun,LTFH,SZF,,Europe/Istanbul,false,true
4569,LTFJ,large_airport,Istanbul Sabiha Gökçen International Airport,40.898602,29.3092,312,TR,"Pendik, Istanbul",LTFJ,SAW,,Europe/Istanbul,false,true
317457,LTFM,large_airport,İstanbul Airport,41.274874,28.732136,325,TR,Istanbul,LTFM,IST,,Europe/Istanbul,false,true
316329,LTFO,medium_airport,Rize–Artvin Airport,41.179766,40.848802,16,TR,Rize,LTFO,RZV,,Europe/Istanbul,false,true
4571,LUKK,large_airport,Chişinău International Airport,46.92774,28.931704,399,MD,Chişinău,LUKK,RMO,,Europe/Chisinau,false,true
4572,LWOH,large_airport,Ohrid St. Paul the Apostle Airport,41.18,20.7423,2313,MK,Ohrid,LWOH,OHD,,Europe/Skopje,false,true
4573,LWSK,large_airport,Skopje International Airport,41.958087,21.622581,781,MK,Ilinden,LWSK,SKP,,Europe/Skopje,false,true
4574,LXGB,large_airport,Gibraltar Airport,36.151679,-5.34978,12,GI,Gibraltar,LXGB,GIB,,Europe/Gibraltar,false,true
4610,LYBE,large_airport,Belgrade Nikola Tesla Airport,44.818401,20.309099,335,RS,Belgrade,LYBE,BEG,,Europe/Belgrade,false,true
31872,LYKV,medium_airport,Morava Airport,43.817519,20.586662,686,RS,Kraljevo,LYKV,KVO,,Europe/Belgrade,false,true
4612,LYNI,large_airport,Niš Constantine the Great Airport,43.336538,21.856242,648,RS,Niš,LYNI,INI,,Europe/Belgrade,false,true
4613,LYPG,large_airport,Podgorica Airport / Podgorica Golubovci Airbase,42.359402,19.2519,141,ME,Podgorica,LYPG,TGD,,Europe/Podgorica,false,true
4615,LYTV,medium_airport,Tivat Airport,42.404701,18.723301,20,ME,Tivat,LYTV,TIV,,Europe/Podgorica,false,true
354840,LZG,medium_airport,Langzhong Gucheng Airport,31.50191,106.034417,1444,CN,Nanchong (Langzhong),ZULA,LZG,,Asia/Shanghai,false,true
4617,LZIB,large_airport,M. R. Štefánik Airport,48.1702,17.2127,436,SK,Bratislava,LZIB,BTS,,Europe/Bratislava,false,true
4618,LZKZ,medium_airport,Košice International Airport,48.663101,21.2411,755,SK,Košice,LZKZ,KSC,,Europe/Bratislava,false,true
4621,LZSL,medium_airport,Sliač Airport,48.63779830932617,19.13409996032715,1043,SK,Sliač,LZSL,SLD,,Europe/Bratislava,false,true
4623,LZTT,medium_airport,Poprad-Tatry Airport,49.070994,20.241394,2356,SK,Poprad,LZTT,TAT,,Europe/Bratislava,false,true
4626,MBGT,medium_airport,JAGS McCartney International Airport,21.4445,-71.142303,13,TC,Cockburn Town,MBGT,GDT,,America/Grand_Turk,false,true
4627,MBNC,medium_airport,North Caicos Airport,21.916094,-71.942954,10,TC,North Caicos,MBNC,NCA,,America/Grand_Turk,false,true
4628,MBPV,large_airport,Providenciales International Airport,21.773697,-72.268321,15,TC,Providenciales,MBPV,PLS,,America/Grand_Turk,false,true
4629,MBSC,medium_airport,South Caicos Airport,21.515699,-71.528503,6,TC,South Caicos,MBSC,XSC,,America/Grand_Turk,false,true
4632,MDBH,medium_airport,Maria Montez International Airport,18.25149917602539,-71.12039947509766,10,DO,Barahona,MDBH,BRX,,America/Santo_Domingo,false,true
30673,MDCY,medium_airport,Samaná El Catey International Airport,19.269259,-69.737405,30,DO,Samana,MDCY,AZS,,America/Santo_Domingo,false,true
4634,MDJB,medium_airport,La Isabela International Airport,18.572500228881836,-69.98560333251953,98,DO,La Isabela,MDJB,JBQ,,America/Santo_Domingo,false,true
4635,MDLR,large_airport,Casa De Campo International Airport,18.452222,-68.911111,213,DO,La Romana,MDLR,LRM,,America/Santo_Domingo,false,true
4636,MDPC,large_airport,Punta Cana International Airport,18.567093,-68.364558,47,DO,Punta Cana,MDPC,PUJ,,America/Santo_Domingo,false,true
4637,MDPP,medium_airport,Gregorio Luperon International Airport,19.7579,-70.57,15,DO,Puerto Plata,MDPP,POP,,America/Santo_Domingo,false,true
4638,MDSD,large_airport,Las Américas International Airport,18.42970085144,-69.668899536133,59,DO,Santo Domingo,MDSD,SDQ,,America/Santo_Domingo,false,true
4640,MDST,large_airport,Cibao International Airport,19.40406,-70.604431,565,DO,Santiago,MDST,STI,,America/Santo_Domingo,false,true
4644,MGGT,large_airport,La Aurora International Airport,14.582896,-90.527515,4952,GT,Guatemala City,MGGT,GUA,,America/Guatemala,false,true
4645,MGPB,medium_airport,Puerto Barrios Airport,15.7309,-88.583801,33,GT,Puerto Barrios,MGPB,PBR,,America/Guatemala,false,true
4647,MGRT,medium_airport,Retalhuleu Airport,14.521431,-91.697001,656,GT,Retalhuleu,MGRT,RER,,America/Guatemala,false,true
4649,MGTK,medium_airport,Mundo Maya International Airport,16.913707,-89.866143,427,GT,San Benito,MGMM,FRS,,America/Guatemala,false,true
4660,MHLC,medium_airport,Golosón International Airport,15.7425,-86.852997,39,HN,La Ceiba,MHLC,LCE,,America/Tegucigalpa,false,true
4661,MHLM,large_airport,Ramón Villeda Morales International Airport,15.4526,-87.923599,91,HN,San Pedro Sula,MHLM,SAP,,America/Tegucigalpa,false,true
4662,MHNJ,medium_airport,La Laguna Airport,16.4454,-85.906601,49,HN,Guanaja,MHNJ,GJA,,America/Tegucigalpa,false,true
4663,MHRO,large_airport,Juan Manuel Gálvez International Airport,16.316799,-86.523003,39,HN,Coxen Hole,MHRO,RTB,,America/Tegucigalpa,false,true
4664,MHSC,large_airport,Palmerola International Airport,14.3824,-87.621201,2061,HN,Palmerola,MHPR,XPL,,America/Tegucigalpa,false,true
4666,MHTG,medium_airport,Toncontín Airport,14.0609,-87.217201,3294,HN,Tegucigalpa,MHTG,TGU,,America/Tegucigalpa,false,true
4679,MKBS,medium_airport,Ian Fleming International Airport,18.404079,-76.969754,90,JM,Boscobel,MKBS,OCJ,,America/Jamaica,false,true
4680,MKJP,large_airport,Norman Manley International Airport,17.935699462890625,-76.7874984741211,10,JM,Kingston,MKJP,KIN,,America/Jamaica,false,true
4681,MKJS,large_airport,Sangster International Airport,18.50342,-77.91323,4,JM,Montego Bay,MKJS,MBJ,,America/Jamaica,false,true
4683,MKTP,medium_airport,Tinson Pen Airport,17.98859977722168,-76.82379913330078,16,JM,Tinson Pen,MKTP,KTP,,America/Jamaica,false,true
4688,MMAA,large_airport,General Juan N. Álvarez International Airport,16.757126,-99.753113,16,MX,Acapulco,MMAA,ACA,,America/Mexico_City,false,true
4691,MMAS,large_airport,Aguascalientes International Airport,21.699589,-102.318372,6112,MX,Aguascalientes,MMAS,AGU,,America/Mexico_City,false,true
4692,MMBT,large_airport,Bahías de Huatulco International Airport,15.775437,-96.260456,464,MX,Huatulco,MMBT,HUX,,America/Mexico_City,false,true
4694,MMCE,medium_airport,Ciudad del Carmen International Airport,18.651516,-91.799355,10,MX,Ciudad del Carmen,MMCE,CME,,America/Merida,false,true
4697,MMCL,large_airport,Bachigualato Federal International Airport,24.76504,-107.475228,108,MX,Culiacán,MMCL,CUL,,America/Mazatlan,false,true
4698,MMCM,medium_airport,Chetumal International Airport,18.504985,-88.328018,39,MX,Chetumal,MMCM,CTM,,America/Cancun,false,true
4699,MMCN,medium_airport,Ciudad Obregón International Airport,27.39259910583496,-109.83300018310547,243,MX,Ciudad Obregón,MMCN,CEN,,America/Hermosillo,false,true
4700,MMCP,medium_airport,Ingeniero Alberto Acuña Ongay International Airport,19.815969,-90.500125,34,MX,Campeche,MMCP,CPE,,America/Merida,false,true
4701,MMCS,large_airport,Abraham González International Airport,31.636673,-106.428533,3904,MX,Ciudad Juárez,MMCS,CJS,,America/Ciudad_Juarez,false,true
4703,MMCU,large_airport,General Roberto Fierro Villalobos International Airport,28.702649,-105.963764,4462,MX,Chihuahua,MMCU,CUU,,America/Chihuahua,false,true
4704,MMCV,medium_airport,General Pedro Jose Mendez International Airport,23.7033,-98.956497,761,MX,Ciudad Victoria,MMCV,CVM,,America/Monterrey,false,true
4706,MMCZ,large_airport,Cozumel International Airport,20.514922,-86.928538,15,MX,Cozumel,MMCZ,CZM,,America/Cancun,false,true
4707,MMDO,medium_airport,General Guadalupe Victoria International Airport,24.125468,-104.527938,6104,MX,Durango,MMDO,DGO,,America/Monterrey,false,true
4708,MMEP,medium_airport,Amado Nervo National Airport,21.419833,-104.842472,3020,MX,Tepic,MMEP,TPQ,,America/Mazatlan,false,true
4710,MMGL,large_airport,Guadalajara International Airport,20.523342,-103.310108,5016,MX,Guadalajara,MMGL,GDL,,America/Mexico_City,false,true
4711,MMGM,medium_airport,General José María Yáñez International Airport,27.9689998626709,-110.92500305175781,59,MX,Guaymas,MMGM,GYM,,America/Hermosillo,false,true
4713,MMHO,large_airport,General Ignacio L. Pesqueira International Airport,29.092811,-111.053015,627,MX,Hermosillo,MMHO,HMO,,America/Hermosillo,false,true
4714,MMIA,medium_airport,Licenciado Miguel de la Madrid International Airport,19.277,-103.577002,2467,MX,Colima,MMIA,CLQ,,America/Mexico_City,false,true
4716,MMIO,medium_airport,Plan de Guadalupe International Airport,25.53786,-100.928346,4778,MX,Saltillo,MMIO,SLW,,America/Monterrey,false,true
4717,MMIT,medium_airport,General Antonio Cárdenas Rodríguez National Airport / Ixtepec Air Base,16.445961,-95.093708,164,MX,Ixtepec,MMIT,IZT,,America/Mexico_City,false,true
4721,MMLM,medium_airport,Valle del Fuerte International Airport,25.685503,-109.081159,16,MX,Los Mochis,MMLM,LMM,,America/Mazatlan,false,true
4722,MMLO,large_airport,Guanajuato International Airport,20.992695,-101.480284,5956,MX,Silao,MMLO,BJX,,America/Mexico_City,false,true
4723,MMLP,medium_airport,Manuel Márquez de León International Airport,24.072331,-110.362662,69,MX,La Paz,MMLP,LAP,,America/Mazatlan,false,true
4724,MMLT,large_airport,Loreto International Airport,25.989549,-111.348408,34,MX,Loreto,MMLT,LTO,,America/Mazatlan,false,true
4725,MMMA,medium_airport,General Servando Canales International Airport,25.7698993683,-97.5252990723,25,MX,Matamoros,MMMA,MAM,,America/Matamoros,false,true
4726,MMMD,large_airport,Manuel Crescencio Rejón International Airport,20.930485,-89.645462,38,MX,Mérida,MMMD,MID,,America/Merida,false,true
4727,MMML,medium_airport,General Rodolfo Sánchez Taboada International Airport,32.630629,-115.242805,74,MX,Mexicali,MMML,MXL,,America/Tijuana,false,true
4728,MMMM,large_airport,General Francisco J. Mujica International Airport,19.849899,-101.025002,6033,MX,Morelia,MMMM,MLM,,America/Mexico_City,false,true
4729,MMMT,medium_airport,Minatitlán/Coatzacoalcos International Airport,18.103399,-94.580704,36,MX,Cosoleacaque,MMMT,MTT,,America/Mexico_City,false,true
4731,MMMX,large_airport,Mexico City Benito Juárez International Airport,19.435822,-99.07033,7316,MX,Mexico City,MMMX,MEX,,America/Mexico_City,false,true
4732,MMMY,large_airport,Monterrey International Airport,25.778521,-100.106989,1278,MX,Monterrey,MMMY,MTY,,America/Monterrey,false,true
4733,MMMZ,large_airport,General Rafael Buelna International Airport,23.162823,-106.264517,38,MX,Mazatlàn,MMMZ,MZT,,America/Mazatlan,false,true
4735,MMNL,medium_airport,Quetzalcóatl International Airport,27.443899,-99.570503,484,MX,Nuevo Laredo,MMNL,NLD,,America/Matamoros,false,true
4736,MMOX,large_airport,Xoxocotlán International Airport,16.998773,-96.726092,4989,MX,Oaxaca,MMOX,OAX,,America/Mexico_City,false,true
4737,MMPA,medium_airport,El Tajín National Airport,20.6026992798,-97.46080017090001,497,MX,Poza Rica,MMPA,PAZ,,America/Mexico_City,false,true
4738,MMPB,large_airport,Hermanos Serdán International Airport,19.158465,-98.371582,7361,MX,Puebla,MMPB,PBC,,America/Mexico_City,false,true
4741,MMPG,medium_airport,Piedras Negras International Airport,28.627873,-100.53524,901,MX,Piedras Negras,MMPG,PDS,,America/Matamoros,false,true
4742,MMPN,medium_airport,Uruapan - Licenciado y General Ignacio Lopez Rayon International Airport,19.3967,-102.039001,5258,MX,Uruapan,MMPN,UPN,,America/Mexico_City,false,true
4745,MMPR,large_airport,Puerto Vallarta International Airport,20.679913,-105.254391,23,MX,Puerto Vallarta,MMPR,PVR,,America/Mexico_City,false,true
4746,MMPS,medium_airport,Puerto Escondido International Airport,15.876808,-97.0891,294,MX,Puerto Escondido,MMPS,PXM,,America/Mexico_City,false,true
4747,MMQT,large_airport,Querétaro Intercontinental Airport,20.618779,-100.186449,6296,MX,Querétaro,MMQT,QRO,,America/Mexico_City,false,true
4748,MMRX,medium_airport,General Lucio Blanco International Airport,26.0089,-98.2285,139,MX,Reynosa,MMRX,REX,,America/Matamoros,false,true
4750,MMSD,large_airport,Los Cabos International Airport,23.151919,-109.720731,374,MX,San José del Cabo,MMSD,SJD,,America/Mazatlan,false,true
4869,MMSL,medium_airport,Cabo San Lucas International Airport,22.949072,-109.939479,459,MX,Cabo San Lucas,MMSL,CSW,,America/Mazatlan,false,true
31923,MMSM,large_airport,Felipe Ángeles International Airport,19.743824,-99.01507,7369,MX,Mexico City,MMSM,NLU,,America/Mexico_City,false,true
4752,MMSP,medium_airport,Ponciano Arriaga International Airport,22.262026,-100.935692,6035,MX,San Luis Potosí,MMSP,SLP,,America/Mexico_City,false,true
4755,MMTC,medium_airport,Francisco Sarabia Tinoco International Airport,25.562265,-103.404608,3688,MX,Torreón,MMTC,TRC,,America/Monterrey,false,true
43048,MMTG,medium_airport,Angel Albino Corzo International Airport,16.561611,-93.025731,1499,MX,Tuxtla Gutiérrez,MMTG,TGZ,,America/Mexico_City,false,true
4757,MMTJ,large_airport,General Abelardo L. Rodriguez International Airport,32.541043,-116.969976,489,MX,Tijuana,MMTJ,TIJ,,America/Tijuana,false,true
520012,MMTL,large_airport,Felipe Carrillo Puerto International Airport Tulum,20.172098,-87.660272,66,MX,Tulum,MMTL,TQO,,America/Cancun,false,true
4758,MMTM,medium_airport,General Francisco Javier Mina International Airport,22.292622,-97.867058,80,MX,Ciudad Madero,MMTM,TAM,,America/Monterrey,false,true
4760,MMTO,large_airport,Adolfo López Mateos International Airport,19.3369,-99.56583,8466,MX,Toluca,MMTO,TLC,,America/Mexico_City,false,true
4761,MMTP,medium_airport,Tapachula International Airport,14.794549,-92.369871,97,MX,Tapachula,MMTP,TAP,,America/Mexico_City,false,true
4762,MMUN,large_airport,Cancún International Airport,21.040817,-86.87347,22,MX,Cancún,MMUN,CUN,,America/Cancun,false,true
4763,MMVA,large_airport,Carlos Rovirosa Pérez International Airport,17.994283,-92.818199,46,MX,Villahermosa,MMVA,VSA,,America/Mexico_City,false,true
4764,MMVR,large_airport,General Heriberto Jara International Airport,19.139589,-96.188602,90,MX,Veracruz,MMVR,VER,,America/Mexico_City,false,true
4765,MMZC,medium_airport,General Leobardo C. Ruiz International Airport,22.894942,-102.687154,7141,MX,Zacatecas,MMZC,ZCL,,America/Mexico_City,false,true
4766,MMZH,large_airport,Ixtapa-Zihuatanejo International Airport,17.601771,-101.460629,26,MX,Ixtapa,MMZH,ZIH,,America/Mexico_City,false,true
4768,MMZO,medium_airport,Playa de Oro International Airport,19.1448,-104.558998,30,MX,Manzanillo,MMZO,ZLO,,America/Mexico_City,false,true
4770,MNBL,medium_airport,Bluefields Airport,11.991,-83.774101,20,NI,Bluefields,MNBL,BEF,,America/Managua,false,true
4774,MNMG,large_airport,Augusto C. Sandino (Managua) International Airport,12.1415,-86.168198,194,NI,Managua,MNMG,MGA,,America/Managua,false,true
4776,MNPC,medium_airport,Puerto Cabezas Airport,14.047200202941895,-83.38670349121094,52,NI,Puerto Cabezas,MNPC,PUZ,,America/Managua,false,true
4786,MPBO,medium_airport,"Bocas del Toro ""Isla Colón"" International Airport",9.34085,-82.250801,10,PA,Isla Colón,MPBO,BOC,,America/Panama,false,true
4787,MPCE,medium_airport,Alonso Valderrama Airport,7.98784,-80.409837,33,PA,Chitré,MPCE,CTD,,America/Panama,false,true
4788,MPCH,medium_airport,Changuinola Captain Manuel Niño International Airport,9.458962,-82.515062,19,PA,Changuinola,MPCH,CHX,,America/Panama,false,true
4789,MPDA,medium_airport,Enrique Malek International Airport,8.388983,-82.436425,89,PA,David,MPDA,DAV,,America/Panama,false,true
4790,MPEJ,medium_airport,Enrique Adolfo Jimenez Airport,9.35664,-79.867401,25,PA,Colón,MPEJ,ONX,,America/Panama,false,true
4791,MPMG,medium_airport,Marcos A. Gelabert International Airport,8.97334,-79.555603,31,PA,Albrook,MPMG,PAC,,America/Panama,false,true
4793,MPTO,large_airport,Tocumen International Airport,9.07136,-79.383499,135,PA,Tocumen,MPTO,PTY,,America/Panama,false,true
41925,MRAN,medium_airport,La Fortuna Arenal Airport,10.469311,-84.579073,342,CR,La Fortuna,MRAN,FON,,America/Costa_Rica,false,true
4804,MRGF,medium_airport,Golfito Airport,8.65401,-83.182198,49,CR,Golfito,MRGF,GLF,,America/Costa_Rica,false,true
4806,MRLB,large_airport,Daniel Oduber Quirós International Airport,10.5933,-85.544403,270,CR,Liberia,MRLB,LIR,,America/Costa_Rica,false,true
4808,MRLM,medium_airport,Limón International Airport,9.95796,-83.022003,7,CR,Limón,MRLM,LIO,,America/Costa_Rica,false,true
4809,MRNS,medium_airport,Nosara Airport,9.976490020750001,-85.65299987790002,33,CR,Nicoya,MRNS,NOB,,America/Costa_Rica,false,true
4810,MROC,large_airport,Juan Santamaría International Airport,9.99386,-84.208801,3021,CR,San José (Alajuela),MROC,SJO,,America/Costa_Rica,false,true
32160,MRPJ,medium_airport,Puerto Jimenez Airport,8.533329963684082,-83.30000305175781,7,CR,Puerto Jimenez,MRPJ,PJM,,America/Costa_Rica,false,true
4813,MRPV,medium_airport,Tobías Bolaños International Airport,9.95705,-84.139801,3287,CR,San Jose,MRPV,SYQ,,America/Costa_Rica,false,true
4814,MRQP,medium_airport,Quepos Managua Airport,9.44316,-84.129799,85,CR,Quepos,MRQP,XQP,,America/Costa_Rica,false,true
4820,MSLP,large_airport,El Salvador International Airport Saint Óscar Arnulfo Romero y Galdámez,13.44447,-89.055784,101,SV,San Salvador (San Luis Talpa),MSLP,SAL,,America/El_Salvador,false,true
4821,MSSS,medium_airport,Ilopango International Airport,13.6995,-89.119904,2027,SV,San Salvador,MSSS,ILS,,America/El_Salvador,false,true
4822,MTCA,medium_airport,Antoine-Simon International Airport,18.271099,-73.7883,203,HT,Les Cayes,MTCA,CYA,,America/Port-au-Prince,false,true
4823,MTCH,large_airport,Cap Haitien International Airport,19.725547,-72.20071,10,HT,Cap Haitien,MTCH,CAP,,America/Port-au-Prince,false,true
31696,MTJE,medium_airport,Jérémie Airport,18.663099,-74.170303,147,HT,Carrefour Sanon,MTJE,JEE,,America/Port-au-Prince,false,true
4825,MTPP,large_airport,Toussaint Louverture International Airport,18.580023,-72.292596,122,HT,Port-au-Prince,MTPP,PAP,,America/Port-au-Prince,false,true
4826,MUBA,medium_airport,Gustavo Rizo Airport,20.365299224853516,-74.5062026977539,26,CU,Baracoa,MUBA,BCA,,America/Havana,false,true
4828,MUBY,medium_airport,Carlos Manuel de Cespedes Airport,20.3964,-76.621399,203,CU,Bayamo,MUBY,BYM,,America/Havana,false,true
4831,MUCC,medium_airport,Jardines Del Rey Airport,22.461000442499998,-78.32839965820001,13,CU,Cayo Coco,MUCC,CCC,,America/Havana,false,true
4832,MUCF,medium_airport,Jaime Gonzalez Airport,22.149999618530273,-80.41419982910156,102,CU,Cienfuegos,MUCF,CFG,,America/Havana,false,true
4833,MUCL,medium_airport,Vilo Acuña International Airport,21.6165008545,-81.5459976196,10,CU,Cayo Largo del Sur,MUCL,CYO,,America/Havana,false,true
4834,MUCM,large_airport,Ignacio Agramonte International Airport,21.419909,-77.848039,413,CU,Camaguey,MUCM,CMW,,America/Havana,false,true
4835,MUCU,large_airport,Antonio Maceo International Airport,19.97474,-75.835504,249,CU,Santiago,MUCU,SCU,,America/Havana,false,true
4839,MUHA,large_airport,José Martí International Airport,22.989200592041016,-82.40910339355469,210,CU,Havana,MUHA,HAV,,America/Havana,false,true
4840,MUHG,large_airport,Frank Pais International Airport,20.785148,-76.315526,361,CU,Holguin,MUHG,HOG,,America/Havana,false,true
4847,MUMZ,medium_airport,Sierra Maestra International Airport,20.288605,-77.087545,112,CU,Manzanillo,MUMZ,MZO,,America/Havana,false,true
4849,MUNG,medium_airport,Rafael Cabrera Airport,21.834699630737305,-82.78379821777344,79,CU,Nueva Gerona,MUNG,GER,,America/Havana,false,true
4854,MUSC,large_airport,Abel Santamaria International Airport,22.492215,-79.943119,338,CU,Santa Clara,MUSC,SNU,,America/Havana,false,true
4858,MUTD,medium_airport,Alberto Delgado Airport,21.7883,-79.9972,125,CU,Trinidad,MUTD,TND,,America/Havana,false,true
4859,MUVR,large_airport,Juan Gualberto Gomez International Airport,23.034401,-81.435303,210,CU,Matanzas,MUVR,VRA,,America/Havana,false,true
4860,MUVT,medium_airport,Hermanos Ameijeiras Airport,20.9876,-76.935799,328,CU,Las Tunas,MUVT,VTU,,America/Havana,false,true
4861,MWCB,medium_airport,Charles Kirkconnell International Airport,19.687,-79.882797,8,KY,West End,MWCB,CYB,,America/Cayman,false,true
4862,MWCR,large_airport,Owen Roberts International Airport,19.292801,-81.357697,8,KY,George Town,MWCR,GCM,,America/Cayman,false,true
4925,MYAF,medium_airport,Andros Town Airport,24.697901,-77.795601,5,BS,Andros Town,MYAF,ASD,,America/Nassau,false,true
4926,MYAK,medium_airport,Congo Town Airport,24.158701,-77.589798,15,BS,Andros,MYAK,TZN,,America/Nassau,false,true
4927,MYAM,medium_airport,Leonard M. Thompson International Airport,26.510711,-77.084262,6,BS,Marsh Harbour,MYAM,MHH,,America/Nassau,false,true
4928,MYAN,medium_airport,San Andros Airport,25.053800582885742,-78.04900360107422,5,BS,Andros Island,MYAN,SAQ,,America/Nassau,false,true
4929,MYAP,medium_airport,Spring Point Airport,22.441799,-73.970901,11,BS,Spring Point,MYAP,AXP,,America/Nassau,false,true
4931,MYAT,medium_airport,Treasure Cay Airport,26.745300293,-77.3912963867,8,BS,Treasure Cay,MYAT,TCB,,America/Nassau,false,true
4933,MYBC,medium_airport,Chub Cay Airport,25.417101,-77.880898,5,BS,Chub Cay,MYBC,CCZ,,America/Nassau,false,true
4935,MYBS,medium_airport,South Bimini Airport,25.6998996735,-79.2647018433,10,BS,South Bimini,MYBS,BIM,,America/Nassau,false,true
4936,MYCA,medium_airport,Arthur's Town Airport,24.6294,-75.673797,18,BS,Arthur's Town,MYCA,ATC,,America/Nassau,false,true
4937,MYCB,medium_airport,New Bight Airport,24.3153,-75.452301,5,BS,Cat Island,MYCB,TBI,,America/Nassau,false,true
4938,MYCI,medium_airport,Colonel Hill Airport,22.7456,-74.182404,5,BS,Colonel Hill,MYCI,CRI,,America/Nassau,false,true
4939,MYEF,medium_airport,Exuma International Airport,23.562599,-75.877998,9,BS,Moss Town,MYEF,GGT,,America/Nassau,false,true
4941,MYEH,medium_airport,North Eleuthera Airport,25.475823,-76.680784,13,BS,North Eleuthera,MYEH,ELH,,America/Nassau,false,true
4942,MYEM,medium_airport,Governor's Harbour Airport,25.2847,-76.331001,26,BS,Governor's Harbour,MYEM,GHB,,America/Nassau,false,true
4944,MYER,medium_airport,Rock Sound International Airport,24.89165,-76.177602,10,BS,Rock Sound,MYER,RSD,,America/Nassau,false,true
4946,MYGF,large_airport,Grand Bahama International Airport,26.557996,-78.695583,7,BS,Freeport,MYGF,FPO,,America/Nassau,false,true
4947,MYIG,medium_airport,Inagua Airport,20.975,-73.666901,8,BS,Matthew Town,MYIG,IGA,,America/Nassau,false,true
4948,MYLD,medium_airport,Deadman's Cay Airport,23.1790008545,-75.09359741210001,9,BS,Deadman's Cay,MYLD,LGI,,America/Nassau,false,true
4949,MYLS,medium_airport,Stella Maris Airport,23.582317,-75.268621,10,BS,Stella Maris,MYLS,SML,,America/Nassau,false,true
4950,MYMM,medium_airport,Mayaguana Airport,22.379499,-73.013494,11,BS,Abraham Bay Settlement,MYMM,MYG,,America/Nassau,false,true
4951,MYNN,large_airport,Lynden Pindling International Airport,25.039,-77.466202,16,BS,Nassau,MYNN,NAS,,America/Nassau,false,true
4954,MYSM,large_airport,San Salvador International Airport,24.063041,-74.523233,24,BS,San Salvador,MYSM,ZSA,,America/Nassau,false,true
4956,MZBZ,large_airport,Philip S. W. Goldson International Airport,17.539951,-88.303556,15,BZ,Belize City,MZBZ,BZE,,America/Belize,false,true
42217,MZPL,medium_airport,Placencia Airport,16.536957,-88.361511,3,BZ,Placencia,MZPL,PLJ,,America/Belize,false,true
4958,NCRG,large_airport,Rarotonga International Airport,-21.2027,-159.806,19,CK,Avarua,NCRG,RAR,,Pacific/Rarotonga,false,true
4959,NFFN,large_airport,Nadi International Airport,-17.761822,177.437843,59,FJ,Nadi,NFFN,NAN,,Pacific/Fiji,false,true
4960,NFNA,large_airport,Nausori International Airport,-18.044226,178.561486,17,FJ,Nausori,NFNA,SUV,,Pacific/Fiji,false,true
4961,NFNL,medium_airport,Labasa Airport,-16.4667,179.339996,44,FJ,Labasa,NFNL,LBS,,Pacific/Fiji,false,true
4962,NFTF,large_airport,Fua'amotu International Airport,-21.241438,-175.149164,126,TO,Nuku'alofa,NFTF,TBU,,Pacific/Tongatapu,false,true
4963,NFTL,medium_airport,Lifuka Island Airport,-19.777000427246094,-174.34100341796875,31,TO,Lifuka,NFTL,HPA,,Pacific/Tongatapu,false,true
4964,NFTV,large_airport,Vava'u International Airport,-18.5853,-173.962006,236,TO,Vava'u Island,NFTV,VAV,,Pacific/Tongatapu,false,true
300565,NG-0004,medium_airport,Port Harcourt City Airport / Port Harcourt Air Force Base,4.846111,7.021389,57,NG,Port Harcourt,DNPM,PHG,,Africa/Lagos,false,true
44571,NGFU,medium_airport,Funafuti International Airport,-8.523885,179.196976,9,TV,Funafuti,NGFU,FUN,,Pacific/Funafuti,false,true
4972,NGTA,large_airport,Bonriki International Airport,1.38164,173.147003,9,KI,South Tarawa,NGTA,TRW,,Pacific/Tarawa,false,true
4974,NIUE,medium_airport,Niue International Airport,-19.080109,-169.923493,209,NU,Alofi,NIUE,IUE,,Pacific/Niue,false,true
316547,NLH,medium_airport,Ninglang Luguhu Airport,27.5403,100.7593,10804,CN,Ninglang,ZPNL,NLH,,Asia/Shanghai,false,true
4975,NLWW,large_airport,Hihifo Airport,-13.239445,-176.19865,79,WF,Wallis Island,NLWW,WLS,,Pacific/Wallis,false,true
342097,NP-0003,large_airport,Pokhara International Airport,28.1838,84.0147,2595,NP,Pokhara,VNPR,PHH,,Asia/Kathmandu,false,true
4976,NSFA,large_airport,Faleolo International Airport,-13.83,-172.007996,58,WS,Apia,NSFA,APW,,Pacific/Apia,false,true
4978,NSTU,large_airport,Pago Pago International Airport,-14.331,-170.710007,32,AS,Pago Pago,NSTU,PPG,,Pacific/Pago_Pago,false,true
4979,NTAA,large_airport,Fa'a'ā International Airport,-17.553472,-149.606936,5,PF,Papeete,NTAA,PPT,,Pacific/Tahiti,false,true
4980,NTAR,medium_airport,Rurutu Airport,-22.434099197387695,-151.36099243164062,18,PF,,NTAR,RUR,,Pacific/Tahiti,false,true
4981,NTAT,medium_airport,Tubuai Airport,-23.365400314331055,-149.5240020751953,7,PF,,NTAT,TUB,,Pacific/Tahiti,false,true
4983,NTGA,medium_airport,Anaa Airport,-17.3526,-145.509995,10,PF,Anaa,NTGA,AAA,,Pacific/Tahiti,false,true
4984,NTGB,medium_airport,Fangatau Airport,-15.820044,-140.888071,9,PF,Fangatau,NTGB,FGU,,Pacific/Tahiti,false,true
4985,NTGC,medium_airport,Tikehau Airport,-15.1196,-148.231003,6,PF,Tuherahera,NTGC,TIH,,Pacific/Tahiti,false,true
4987,NTGF,medium_airport,Fakarava Airport,-16.054100036621094,-145.65699768066406,13,PF,,NTGF,FAV,,Pacific/Tahiti,false,true
4988,NTGI,medium_airport,Manihi Airport,-14.436800003051758,-146.07000732421875,14,PF,,NTGI,XMH,,Pacific/Tahiti,false,true
4989,NTGJ,medium_airport,Totegegie Airport,-23.07990074157715,-134.88999938964844,7,PF,,NTGJ,GMR,,Pacific/Gambier,false,true
4990,NTGK,medium_airport,Kaukura Airport,-15.6633,-146.884995,11,PF,Raitahiti,NTGK,KKR,,Pacific/Tahiti,false,true
4991,NTGM,medium_airport,Makemo Airport,-16.5839,-143.658005,3,PF,Makemo,NTGM,MKP,,Pacific/Tahiti,false,true
4993,NTGT,medium_airport,Takapoto Airport,-14.709500312805176,-145.24600219726562,12,PF,,NTGT,TKP,,Pacific/Tahiti,false,true
4994,NTGU,medium_airport,Arutua Airport,-15.248299598693848,-146.61700439453125,9,PF,,NTGU,AXR,,Pacific/Tahiti,false,true
4995,NTGV,medium_airport,Mataiva Airport,-14.8681001663208,-148.7169952392578,11,PF,,NTGV,MVT,,Pacific/Tahiti,false,true
4997,NTHE,medium_airport,Ahe Airport,-14.428099632263184,-146.2570037841797,11,PF,Ahe Atoll,NTHE,AHE,,Pacific/Tahiti,false,true
5000,NTKR,medium_airport,Takaroa Airport,-14.45580005645752,-145.02499389648438,13,PF,,NTKR,TKX,,Pacific/Tahiti,false,true
5001,NTMD,medium_airport,Nuku Hiva Airport,-8.7956,-140.229004,220,PF,Nuku Hiva,NTMD,NHV,,Pacific/Marquesas,false,true
5002,NTMN,medium_airport,Hiva Oa-Atuona Airport,-9.76879024506,-139.011001587,1481,PF,Hiva Oa Island,NTMN,AUQ,,Pacific/Marquesas,false,true
5003,NTTB,medium_airport,Bora Bora Airport,-16.444400787353516,-151.75100708007812,10,PF,Motu Mute,NTTB,BOB,,Pacific/Tahiti,false,true
5004,NTTG,medium_airport,Rangiroa Airport,-14.954299926757812,-147.66099548339844,10,PF,,NTTG,RGI,,Pacific/Tahiti,false,true
5005,NTTH,medium_airport,Huahine-Fare Airport,-16.687084,-151.021593,7,PF,Fare,NTTH,HUH,,Pacific/Tahiti,false,true
5006,NTTM,medium_airport,Moorea Temae Airport,-17.48979,-149.761777,9,PF,Moorea-Maiao,NTTM,MOZ,,Pacific/Tahiti,false,true
5007,NTTO,medium_airport,Hao Airport,-18.0748,-140.945999,10,PF,Otepa,NTTO,HOI,,Pacific/Tahiti,false,true
5008,NTTP,medium_airport,Maupiti Airport,-16.42650032043457,-152.24400329589844,15,PF,,NTTP,MAU,,Pacific/Tahiti,false,true
5009,NTTR,medium_airport,Raiatea Airport,-16.7229,-151.466003,3,PF,Uturoa,NTTR,RFP,,Pacific/Tahiti,false,true
5010,NVSS,medium_airport,Santo Pekoa International Airport,-15.505000114399998,167.220001221,184,VU,Luganville,NVSS,SON,,Pacific/Efate,false,true
5011,NVVV,large_airport,Bauerfield International Airport,-17.699301,168.320007,70,VU,Port Vila,NVVV,VLI,,Pacific/Efate,false,true
5012,NVVW,medium_airport,Whitegrass Airport,-19.455099,169.223999,19,VU,Tanna Island,NVVW,TAH,,Pacific/Efate,false,true
32439,NWWA,medium_airport,Tiga Airport,-21.096407,167.80379,128,NC,Tiga,NWWA,TGJ,,Pacific/Noumea,false,true
5013,NWWD,medium_airport,Koné Airport,-21.053551,164.838768,23,NC,Koné,NWWD,KNQ,,Pacific/Noumea,false,true
5014,NWWE,medium_airport,Île des Pins Airport,-22.5889,167.455994,315,NC,Île des Pins,NWWE,ILP,,Pacific/Noumea,false,true
5016,NWWL,medium_airport,Lifou Airport,-20.774563,167.239328,92,NC,Lifou,NWWL,LIF,,Pacific/Noumea,false,true
5017,NWWM,medium_airport,Nouméa Magenta Airport,-22.257706,166.472822,10,NC,Nouméa,NWWM,GEA,,Pacific/Noumea,false,true
5018,NWWR,medium_airport,Maré Airport,-21.482438,168.038465,141,NC,Maré,NWWR,MEE,,Pacific/Noumea,false,true
5019,NWWU,medium_airport,Touho Airport,-20.790127,165.259524,10,NC,Touho,NWWU,TOU,,Pacific/Noumea,false,true
5020,NWWV,medium_airport,Ouvéa Airport,-20.640932,166.573024,23,NC,Ouvéa,NWWV,UVE,,Pacific/Noumea,false,true
5021,NWWW,large_airport,La Tontouta International Airport,-22.014601,166.212997,52,NC,Nouméa (La Tontouta),NWWW,NOU,,Pacific/Noumea,false,true
5023,NZAA,large_airport,Auckland International Airport,-37.01199,174.786331,23,NZ,Auckland,NZAA,AKL,,Pacific/Auckland,false,true
5024,NZAP,medium_airport,Taupo Airport,-38.73970031738281,176.08399963378906,1335,NZ,Taupo,NZAP,TUO,,Pacific/Auckland,false,true
5026,NZCH,large_airport,Christchurch International Airport,-43.489029,172.532065,123,NZ,Christchurch,NZCH,CHC,,Pacific/Auckland,false,true
5027,NZCI,medium_airport,Inia William Tuuta Memorial Airport,-43.81189,-176.46514,43,NZ,Te One,NZCI,CHT,,Pacific/Chatham,false,true
5028,NZDN,medium_airport,Dunedin International Airport,-45.929017,170.197758,4,NZ,Dunedin,NZDN,DUD,,Pacific/Auckland,false,true
5030,NZGS,medium_airport,Gisborne Airport,-38.6633,177.977997,15,NZ,Gisborne,NZGS,GIS,,Pacific/Auckland,false,true
5032,NZHK,medium_airport,Hokitika Airfield,-42.713600158691406,170.98500061035156,146,NZ,,NZHK,HKK,,Pacific/Auckland,false,true
5033,NZHN,medium_airport,Hamilton International Airport,-37.866961,175.331952,172,NZ,Hamilton,NZHN,HLZ,,Pacific/Auckland,false,true
5036,NZKK,medium_airport,Kerikeri Airport,-35.259148,173.913317,492,NZ,Kerikeri,NZKK,KKE,,Pacific/Auckland,false,true
5037,NZKT,medium_airport,Kaitaia Airport,-35.069837,173.287053,270,NZ,Awanui,NZKT,KAT,,Pacific/Auckland,false,true
5042,NZNP,medium_airport,New Plymouth Airport,-39.00859832763672,174.1790008544922,97,NZ,New Plymouth,NZNP,NPL,,Pacific/Auckland,false,true
5043,NZNR,medium_airport,Hawke's Bay Airport,-39.465801,176.869995,6,NZ,Napier,NZNR,NPE,,Pacific/Auckland,false,true
5044,NZNS,medium_airport,Nelson Airport,-41.296709,173.224323,17,NZ,Nelson,NZNS,NSN,,Pacific/Auckland,false,true
5045,NZNV,medium_airport,Invercargill Airport,-46.41239929199219,168.31300354003906,5,NZ,Invercargill,NZNV,IVC,,Pacific/Auckland,false,true
5049,NZPM,medium_airport,Palmerston North Airport,-40.320599,175.617004,151,NZ,Palmerston North,NZPM,PMR,,Pacific/Auckland,false,true
5051,NZQN,large_airport,Queenstown Airport,-45.019205,168.746379,1171,NZ,Queenstown,NZQN,ZQN,,Pacific/Auckland,false,true
5052,NZRO,medium_airport,Rotorua Regional Airport,-38.1092,176.317001,935,NZ,Rotorua,NZRO,ROT,,Pacific/Auckland,false,true
5055,NZTG,medium_airport,Tauranga Airport,-37.67190170288086,176.1959991455078,13,NZ,Tauranga,NZTG,TRG,,Pacific/Auckland,false,true
5056,NZTU,medium_airport,Timaru Airport,-44.302799224853516,171.22500610351562,89,NZ,,NZTU,TIU,,Pacific/Auckland,false,true
5058,NZWB,medium_airport,Woodbourne Airport,-41.5182991027832,173.8699951171875,109,NZ,Blenheim,NZWB,BHE,,Pacific/Auckland,false,true
5060,NZWF,medium_airport,Wanaka Airport,-44.722091,169.246287,1142,NZ,Wanaka,NZWF,WKA,,Pacific/Auckland,false,true
5062,NZWK,medium_airport,Whakatāne Airport,-37.922224,176.91696,20,NZ,Whakatāne,NZWK,WHK,,Pacific/Auckland,false,true
5063,NZWN,large_airport,Wellington International Airport,-41.326839,174.806862,41,NZ,Wellington,NZWN,WLG,,Pacific/Auckland,false,true
5066,NZWR,medium_airport,Whangarei Airport,-35.769253,174.363713,133,NZ,Whangarei,NZWR,WRE,,Pacific/Auckland,false,true
5067,NZWS,medium_airport,Westport Airport,-41.737111,171.579033,13,NZ,Westport,NZWS,WSZ,,Pacific/Auckland,false,true
5068,NZWU,medium_airport,Wanganui Airport,-39.963467,175.02444,27,NZ,Wanganui,NZWU,WAG,,Pacific/Auckland,false,true
5069,OAHR,large_airport,Herat - Khwaja Abdullah Ansari International Airport,34.209999,62.228298,3206,AF,Guzara,OAHR,HEA,,Asia/Kabul,false,true
5072,OAKB,large_airport,Kabul International Airport,34.565899,69.212303,5877,AF,Kabul,OAKB,KBL,,Asia/Kabul,false,true
5073,OAKN,large_airport,Ahmad Shah Baba International Airport,31.505769,65.847963,3337,AF,Kandahar,OAKN,KDH,,Asia/Kabul,false,true
332240,OAKS,medium_airport,Khost International Airport,33.284605,69.80734,4204,AF,Khost,OAKS,KHT,,Asia/Kabul,false,true
5075,OAMS,large_airport,Mazar-i-Sharif International Airport,36.70412,67.210459,1284,AF,Mazar-i-Sharif,OAMS,MZR,,Asia/Kabul,false,true
5079,OBBI,large_airport,Bahrain International Airport,26.267295,50.63764,6,BH,Manama,OBBI,BAH,,Asia/Bahrain,false,true
316826,OCS,large_airport,Corisco International Airport,0.910937,9.33027,55,GQ,Corisco Island,FGCO,OCS,,Africa/Malabo,false,true
5082,OEAB,large_airport,Abha International Airport,18.2404,42.656601,6858,SA,Abha,OEAB,AHB,,Asia/Riyadh,false,true
5083,OEAH,large_airport,Al-Ahsa International Airport,25.285299,49.485199,588,SA,Hofuf,OEAH,HOF,,Asia/Riyadh,false,true
300611,OEAO,large_airport,Al-Ula International Airport,26.483634,38.117048,2050,SA,Al-Ula,OEAO,ULH,,Asia/Riyadh,false,true
5084,OEBA,medium_airport,King Saud Bin Abdulaziz (Al Baha) Airport,20.298506,41.636153,5486,SA,Al-Baha,OEBA,ABT,,Asia/Riyadh,false,true
5085,OEBH,medium_airport,Bisha Airport,19.9844,42.620899,3887,SA,Bisha,OEBH,BHH,,Asia/Riyadh,false,true
5087,OEDF,large_airport,King Fahd International Airport,26.4691,49.798209,72,SA,Ad Dammam,OEDF,DMM,,Asia/Riyadh,false,true
5088,OEDM,medium_airport,Dawadmi Domestic Airport,24.4499,44.121201,3026,SA,Dawadmi,OEDM,DWD,,Asia/Riyadh,false,true
5090,OEGN,medium_airport,Jizan Regional Airport / King Abdullah bin Abdulaziz Airport,16.9011,42.5858,20,SA,Jizan,OEGN,GIZ,,Asia/Riyadh,false,true
5091,OEGS,large_airport,Prince Naif bin Abdulaziz International Airport,26.302799,43.774399,2126,SA,Qassim,OEGS,ELQ,,Asia/Riyadh,false,true
5092,OEGT,medium_airport,Gurayat Domestic Airport,31.412413,37.278898,1672,SA,Gurayat,OEGT,URY,,Asia/Riyadh,false,true
5093,OEHL,large_airport,Hail International Airport,27.437901,41.686298,3331,SA,Hail,OEHL,HAS,,Asia/Riyadh,false,true
5097,OEJN,large_airport,King Abdulaziz International Airport,21.680241,39.157436,48,SA,Jeddah,OEJN,JED,,Asia/Riyadh,false,true
5098,OEKK,medium_airport,King Khaled Military City Airport,27.9009,45.528198,1352,SA,King Khaled Military City,OEKK,KMC,,Asia/Riyadh,false,true
5101,OEMA,large_airport,Prince Mohammad Bin Abdulaziz Airport,24.5534,39.705101,2151,SA,Medina,OEMA,MED,,Asia/Riyadh,false,true
5102,OENG,medium_airport,Najran Domestic Airport,17.611401,44.419201,3982,SA,Najran,OENG,EAM,,Asia/Riyadh,false,true
332512,OENN,large_airport,Neom Bay Airport,27.924261,35.29358,29,SA,Sharma,OENN,NUM,,Asia/Riyadh,false,true
5103,OEPA,large_airport,Qaisumah–Hafar Al-Batin International Airport,28.335726,46.127108,1174,SA,Qaisumah,OEPA,AQI,,Asia/Riyadh,false,true
5111,OERF,medium_airport,Rafha Domestic Airport,29.626399993896484,43.4906005859375,1474,SA,Rafha,OERF,RAH,,Asia/Riyadh,false,true
5112,OERK,large_airport,King Khalid International Airport,24.9576,46.698799,2049,SA,Riyadh,OERK,RUH,,Asia/Riyadh,false,true
5114,OERR,medium_airport,Arar Domestic Airport,30.906600952148438,41.13819885253906,1813,SA,Arar,OERR,RAE,,Asia/Riyadh,false,true
5118,OESH,medium_airport,Sharurah Domestic Airport,17.4669,47.121399,2363,SA,Sharurah,OESH,SHW,,Asia/Riyadh,false,true
5119,OESK,large_airport,Al-Jawf International Airport,29.783301,40.100905,2261,SA,Al-Jawf,OESK,AJF,,Asia/Riyadh,false,true
5121,OETB,large_airport,Prince Sultan bin Abdulaziz International Airport,28.3711,36.624865,2551,SA,Tabuk,OETB,TUU,,Asia/Riyadh,false,true
5122,OETF,large_airport,Taif International Airport,21.484739,40.544074,4848,SA,Taif,OETF,TIF,,Asia/Riyadh,false,true
5125,OETR,medium_airport,Turaif Domestic Airport,31.692188,38.731544,2803,SA,Turaif,OETR,TUI,,Asia/Riyadh,false,true
5127,OEWD,medium_airport,Wadi Al Dawasir Domestic Airport,20.504299,45.1996,2062,SA,Wadi Al Dawasir,OEWD,WAE,,Asia/Riyadh,false,true
5128,OEWJ,medium_airport,Al Wajh Domestic Airport,26.198601,36.476398,66,SA,Al Wajh,OEWJ,EJH,,Asia/Riyadh,false,true
5129,OEYN,large_airport,Prince Abdulmohsen Bin Abdulaziz International Airport,24.144199,38.0634,26,SA,Yanbu,OEYN,YNB,,Asia/Riyadh,false,true
5130,OIAA,large_airport,Abadan Ayatollah Jami International Airport,30.367887,48.230075,10,IR,Abadan,OIAA,ABD,,Asia/Tehran,false,true
5131,OIAD,medium_airport,Dezful Airport,32.434399,48.397598,474,IR,Dezful,OIAD,DEF,,Asia/Tehran,false,true
5133,OIAH,medium_airport,Gachsaran Airport,30.333869,50.833796,2414,IR,Gachsaran,OIAH,GCH,,Asia/Tehran,false,true
5136,OIAM,medium_airport,Mahshahr Airport,30.5562,49.151901,8,IR,Mahshahr,OIAM,MRX,,Asia/Tehran,false,true
5137,OIAW,large_airport,Qasem Soleimani International Airport,31.3364,48.763789,66,IR,Ahvaz,OIAW,AWZ,,Asia/Tehran,false,true
5138,OIBA,medium_airport,Abu Musa Island Airport,25.8757,55.033001,23,IR,Abu Musa,OIBA,AEU,,Asia/Tehran,false,true
5139,OIBB,medium_airport,Bushehr Airport,28.9447994232,50.8345985413,68,IR,Bushehr,OIBB,BUZ,,Asia/Tehran,false,true
5143,OIBK,large_airport,Kish International Airport,26.525427,53.980462,101,IR,Kish Island,OIBK,KIH,,Asia/Tehran,false,true
5144,OIBL,medium_airport,Bandar Lengeh International Airport,26.532283,54.82484,67,IR,Bandar Lengeh,OIBL,BDH,,Asia/Tehran,false,true
5145,OIBP,medium_airport,Persian Gulf International Airport,27.379601,52.737701,27,IR,Khiyaroo,OIBP,PGU,,Asia/Tehran,false,true
5146,OIBQ,medium_airport,Khark Airport,29.260503,50.322193,17,IR,Khark,OIBQ,KHK,,Asia/Tehran,false,true
5149,OICC,medium_airport,Shahid Ashrafi Esfahani Airport,34.3459014893,47.1581001282,4307,IR,Kermanshah,OICC,KSH,,Asia/Tehran,false,true
5151,OICK,medium_airport,Khoram Abad Airport,33.43539810180664,48.282901763916016,3782,IR,,OICK,KHD,,Asia/Tehran,false,true
5152,OICS,medium_airport,Sanandaj Airport,35.24589920043945,47.00920104980469,4522,IR,,OICS,SDG,,Asia/Tehran,false,true
5155,OIFK,medium_airport,Kashan Airport,33.895302,51.577,3465,IR,Kashan,OIFK,KKS,,Asia/Tehran,false,true
5156,OIFM,large_airport,Isfahan Shahid Beheshti International Airport,32.755142,51.883877,5059,IR,Isfahan,OIFM,IFN,,Asia/Tehran,false,true
5159,OIGG,medium_airport,Sardar-e-Jangal Airport,37.323333,49.617778,-40,IR,Rasht,OIGG,RAS,,Asia/Tehran,false,true
5160,OIHH,medium_airport,Hamadan Airport,34.866416,48.56069,5755,IR,Hamadan,OIHH,HDM,,Asia/Tehran,false,true
5166,OIIE,large_airport,Imam Khomeini International Airport,35.416099548339844,51.152198791503906,3305,IR,Tehran,OIIE,IKA,,Asia/Tehran,false,true
5168,OIII,large_airport,Mehrabad International Airport,35.689175,51.314392,3962,IR,Tehran,OIII,THR,,Asia/Tehran,false,true
5171,OIIP,large_airport,Payam International Airport,35.7761,50.826698,4170,IR,Karaj,OIIP,PYK,,Asia/Tehran,false,true
5172,OIKB,large_airport,Bandar Abbas International Airport,27.2183,56.3778,22,IR,Bandar Abbas,OIKB,BND,,Asia/Tehran,false,true
5174,OIKK,large_airport,Ayatollah Hashemi Rafsanjani International Airport,30.271276,56.949692,5741,IR,Kerman,OIKK,KER,,Asia/Tehran,false,true
5175,OIKM,medium_airport,Bam Airport,29.0842,58.450001,3231,IR,Bam,OIKM,BXR,,Asia/Tehran,false,true
35276,OIKQ,large_airport,Qeshm International Airport,26.754639,55.902353,45,IR,Qeshm(Dayrestan),OIKQ,GSM,,Asia/Tehran,false,true
5178,OIKR,medium_airport,Rafsanjan Airport,30.298345,56.048979,5298,IR,Rafsanjan,OIKR,RJN,,Asia/Tehran,false,true
5180,OIMB,large_airport,Birjand International Airport,32.896525,59.281258,4952,IR,Birjand,OIMB,XBJ,,Asia/Tehran,false,true
5183,OIMM,large_airport,Mashhad International Airport,36.234821,59.642949,3263,IR,Mashhad,OIMM,MHD,,Asia/Tehran,false,true
5184,OIMN,medium_airport,Bojnord Airport,37.49300003051758,57.30820083618164,3499,IR,Bojnord,OIMN,BJB,,Asia/Tehran,false,true
5185,OIMS,medium_airport,Sabzevar National Airport,36.16809844970703,57.59519958496094,3010,IR,Sabzevar,OIMS,AFZ,,Asia/Tehran,false,true
5190,OINN,medium_airport,Nowshahr Airport,36.664286,51.46273,-61,IR,Nowshahr,OINN,NSH,,Asia/Tehran,false,true
5191,OINR,medium_airport,Ramsar Airport,36.90701,50.687316,-70,IR,Ramsar,OINR,RZR,,Asia/Tehran,false,true
5192,OINZ,medium_airport,Sari Dasht-e Naz International Airport,36.644408,53.188761,35,IR,Sari,OINZ,SRY,,Asia/Tehran,false,true
5195,OISL,medium_airport,Lar Airport,27.6747,54.383301,2641,IR,Lar,OISL,LRR,,Asia/Tehran,false,true
5196,OISR,medium_airport,Lamerd Airport,27.3727,53.188801,1337,IR,Lamerd,OISR,LFM,,Asia/Tehran,false,true
5197,OISS,large_airport,Shiraz Shahid Dastghaib International Airport,29.5392,52.589802,4927,IR,Shiraz,OISS,SYZ,,Asia/Tehran,false,true
5200,OITL,medium_airport,Ardabil Airport,38.3256988525,48.4244003296,4315,IR,Ardabil,OITL,ADU,,Asia/Tehran,false,true
5203,OITR,medium_airport,Urmia Airport,37.6680984497,45.0686988831,4343,IR,Urmia,OITR,OMH,,Asia/Tehran,false,true
5204,OITT,large_airport,Tabriz International Airport,38.1339,46.235001,4459,IR,Tabriz,OITT,TBZ,,Asia/Tehran,false,true
5206,OIYY,medium_airport,Shahid Sadooghi Airport,31.9048995972,54.2765007019,4054,IR,Yazd,OIYY,AZD,,Asia/Tehran,false,true
5208,OIZC,medium_airport,Chabahar Konarak International Airport,25.44319,60.382167,13,IR,Konarak,OIZC,ZBR,,Asia/Tehran,false,true
5209,OIZH,large_airport,Zahedan International Airport,29.4757,60.9062,4564,IR,Zahedan,OIZH,ZAH,,Asia/Tehran,false,true
5212,OJAI,large_airport,Queen Alia International Airport,31.7226009369,35.9931983948,2395,JO,Amman,OJAI,AMM,,Asia/Amman,false,true
5213,OJAM,large_airport,Marka International (Amman Civil) Airport,31.9727,35.9916,2555,JO,Amman,OJAM,ADJ,,Asia/Amman,false,true
5214,OJAQ,large_airport,King Hussein International Airport,29.611601,35.018101,175,JO,Aqaba,OJAQ,AQJ,,Asia/Amman,false,true
5220,OKKK,large_airport,Kuwait International Airport,29.224487,47.969813,206,KW,Kuwait City,OKKK,KWI,,Asia/Kuwait,false,true
5222,OLBA,large_airport,Beirut Rafic Hariri International Airport,33.819833,35.487443,87,LB,Beirut,OLBA,BEY,,Asia/Beirut,false,true
299738,OM-0003,large_airport,Duqm International Airport,19.501944,57.634167,364,OM,Duqm,OODQ,DQM,,Asia/Muscat,false,true
5226,OMAA,large_airport,Zayed International Airport,24.440966,54.649237,88,AE,Abu Dhabi,OMAA,AUH,,Asia/Dubai,false,true
5230,OMAL,large_airport,Al Ain International Airport,24.2617,55.6092,869,AE,Al Ain,OMAL,AAN,,Asia/Dubai,false,true
5235,OMDB,large_airport,Dubai International Airport,25.24979,55.370992,62,AE,Dubai,OMDB,DXB,,Asia/Dubai,false,true
300320,OMDW,large_airport,Al Maktoum International Airport,24.896171,55.16235,114,AE,Dubai(Jebel Ali),OMDW,DWC,,Asia/Dubai,false,true
5237,OMFJ,large_airport,Fujairah International Airport,25.108411,56.328061,152,AE,Fujairah,OMFJ,FJR,,Asia/Dubai,false,true
5238,OMRK,large_airport,Ras Al Khaimah International Airport,25.613501,55.938801,102,AE,Ras Al Khaimah,OMRK,RKT,,Asia/Dubai,false,true
5239,OMSJ,large_airport,Sharjah International Airport,25.3286,55.5172,111,AE,Sharjah,OMSJ,SHJ,,Asia/Dubai,false,true
5240,OOKB,medium_airport,Khasab Airport,26.171,56.240601,100,OM,Khasab,OOKB,KHS,,Asia/Muscat,false,true
5242,OOMS,large_airport,Muscat International Airport,23.600218,58.285268,48,OM,Muscat/Seeb,OOMS,MCT,,Asia/Muscat,false,true
5244,OOSA,large_airport,Salalah International Airport,17.0387,54.091301,73,OM,Salalah,OOSA,SLL,,Asia/Muscat,false,true
299742,OOSH,large_airport,Suhar International Airport,24.38604,56.62541,20,OM,Suhar,OOSH,OHS,,Asia/Muscat,false,true
5247,OPBW,medium_airport,Bahawalpur Airport,29.348100662231445,71.71800231933594,392,PK,Bahawalpur,OPBW,BHV,,Asia/Karachi,false,true
5248,OPCH,medium_airport,Chitral Airport,35.886213,71.799922,4920,PK,Chitral,OPCH,CJL,,Asia/Karachi,false,true
5249,OPDG,medium_airport,Dera Ghazi Khan Airport,29.961000442504883,70.48590087890625,492,PK,Dera Ghazi Khan,OPDG,DEA,,Asia/Karachi,false,true
5251,OPFA,large_airport,Faisalabad International Airport,31.364923,72.995319,591,PK,Faisalabad,OPFA,LYP,,Asia/Karachi,false,true
342092,OPGD,large_airport,New Gwadar International Airport,25.296733,62.498822,61,PK,Gurandani,OPGW,GWD,,Asia/Karachi,false,true
5253,OPGT,medium_airport,Gilgit Airport,35.918800354003906,74.33360290527344,4796,PK,Gilgit,OPGT,GIL,,Asia/Karachi,false,true
333692,OPIS,large_airport,Islamabad International Airport,33.549,72.82566,1761,PK,Attock,OPIS,ISB,,Asia/Karachi,false,true
5255,OPKC,large_airport,Jinnah International Airport,24.9065,67.160797,100,PK,Karachi,OPKC,KHI,,Asia/Karachi,false,true
5257,OPLA,large_airport,Allama Iqbal International Airport,31.521601,74.403603,712,PK,Lahore,OPLA,LHE,,Asia/Karachi,false,true
5264,OPMT,large_airport,Multan International Airport,30.203199,71.419098,403,PK,Multan,OPMT,MUX,,Asia/Karachi,false,true
5265,OPNH,medium_airport,Shaheed Benazirabad Airport,26.2194,68.390099,95,PK,Nawabashah,OPNH,WNS,,Asia/Karachi,false,true
5270,OPPS,large_airport,Bacha Khan International Airport,33.9939,71.514603,1158,PK,Peshawar,OPPS,PEW,,Asia/Karachi,false,true
5272,OPQT,large_airport,Quetta International Airport,30.2514,66.937798,5267,PK,Quetta,OPQT,UET,,Asia/Karachi,false,true
5273,OPRK,medium_airport,Shaikh Zaid Airport,28.383899688720703,70.27960205078125,271,PK,Rahim Yar Khan,OPRK,RYK,,Asia/Karachi,false,true
5277,OPSD,large_airport,Skardu International Airport,35.33866,75.538648,7316,PK,Skardu,OPSD,KDU,,Asia/Karachi,false,true
5279,OPSK,medium_airport,Begum Nusrat Bhutto International Airport Sukkur,27.722,68.791702,196,PK,Sukkur,OPSK,SKZ,,Asia/Karachi,false,true
41624,OPST,large_airport,Sialkot International Airport,32.535941,74.364623,837,PK,Sialkot,OPST,SKT,,Asia/Karachi,false,true
5283,OPTU,large_airport,Turbat International Airport,25.984767,63.028856,498,PK,Turbat,OPTU,TUK,,Asia/Karachi,false,true
5285,OPZB,medium_airport,Zhob Airport,31.358400344848633,69.4636001586914,4728,PK,Fort Sandeman,OPZB,PZH,,Asia/Karachi,false,true
5289,ORBI,large_airport,Baghdad International Airport / New Al Muthana Air Base,33.262501,44.2346,114,IQ,Baghdad,ORBI,BGW,,Asia/Baghdad,false,true
5292,ORER,large_airport,Erbil International Airport,36.236047,43.946615,1341,IQ,Arbil,ORER,EBL,,Asia/Baghdad,false,true
5293,ORKK,large_airport,Kirkuk International Airport,35.469501,44.3489,1061,IQ,Kirkuk,ORKK,KIK,,Asia/Baghdad,false,true
5294,ORMM,large_airport,Basra International Airport,30.549101,47.662102,11,IQ,Basra,ORMM,BSR,,Asia/Baghdad,false,true
311028,ORNI,large_airport,Al Najaf International Airport,31.991116,44.405019,103,IQ,Najaf,ORNI,NJF,,Asia/Baghdad,false,true
5297,ORSU,medium_airport,Jalal Talabani International Airport,35.560487,45.315137,2494,IQ,Sulaymaniyah,ORSJ,ISU,,Asia/Baghdad,false,true
5302,OSAP,large_airport,Aleppo International Airport,36.181262,37.226869,1276,SY,Aleppo,OSAP,ALP,,Asia/Damascus,false,true
5303,OSDI,large_airport,Damascus International Airport,33.4114990234375,36.51559829711914,2020,SY,Damascus,OSDI,DAM,,Asia/Damascus,false,true
5305,OSKL,medium_airport,Qamishli International Airport,37.020599,41.191399,1480,SY,Qamishli,OSKL,KAC,,Asia/Damascus,false,true
5306,OSLK,medium_airport,Latakia International Airport,35.4011,35.9487,157,SY,Latakia,OSLK,LTK,,Asia/Damascus,false,true
5308,OTBD,large_airport,Doha International Airport,25.259431,51.565528,35,QA,Doha,OTBD,DIA,,Asia/Qatar,false,true
44686,OTHH,large_airport,Hamad International Airport,25.273056,51.608056,13,QA,Doha,OTHH,DOH,,Asia/Qatar,false,true
5311,OYAA,large_airport,Aden International Airport,12.829564,45.029976,7,YE,Aden,OYAA,ADE,,Asia/Aden,false,true
5315,OYGD,medium_airport,Al Ghaydah International Airport,16.193341,52.174186,134,YE,Al Ghaydah,OYGD,AAY,,Asia/Aden,false,true
5317,OYRN,large_airport,Riyan International Airport,14.662241,49.375289,54,YE,Mukalla(Riyan),OYRN,RIY,,Asia/Aden,false,true
5318,OYSN,large_airport,Sanaa International Airport,15.4763,44.2197,7216,YE,Sanaa,OYSN,SAH,,Asia/Aden,false,true
5319,OYSQ,medium_airport,Socotra Airport,12.632093,53.906173,146,YE,Mori,OYSQ,SCT,,Asia/Aden,false,true
5320,OYSY,large_airport,Seiyun Hadhramaut International Airport,15.965887,48.788146,2097,YE,Seiyun,OYSY,GXF,,Asia/Aden,false,true
5321,OYTZ,medium_airport,Taiz International Airport,13.686,44.139099,4838,YE,Taiz,OYTZ,TAI,,Asia/Aden,false,true
5337,PABA,medium_airport,Barter Island Long Range Radar Station Airport,70.134003,-143.582001,2,US,Barter Island,PABA,BTI,AK,America/Anchorage,false,true
5350,PADE,medium_airport,Deering Airport,66.068901,-162.766914,21,US,Deering,PADE,DRG,AK,America/Nome,false,true
5358,PAEM,medium_airport,Emmonak Airport,62.78609848,-164.4909973,13,US,Emmonak,PAEM,EMK,AK,America/Nome,false,true
5363,PAFM,medium_airport,Ambler Airport,67.105529,-157.855339,334,US,Ambler,PAFM,ABL,AK,America/Anchorage,false,true
17619,PAHC,medium_airport,Holy Cross Airport,62.18830108642578,-159.77499389648438,70,US,Holy Cross,PAHC,HCR,AK,America/Anchorage,false,true
5370,PAHL,medium_airport,Huslia Airport,65.697899,-156.350998,220,US,Huslia,PAHL,HSL,AK,America/Anchorage,false,true
5375,PAII,medium_airport,Egegik Airport,58.184386,-157.374873,92,US,Egegik,PAII,EGX,AK,America/Anchorage,false,true
5376,PAIK,medium_airport,Bob Baker Memorial Airport,66.976128,-160.439014,166,US,Kiana,PAIK,IAN,AK,America/Anchorage,false,true
5378,PAIM,medium_airport,Indian Mountain LRRS Airport,65.992798,-153.703995,1273,US,Utopia Creek,PAIM,UTO,AK,America/Anchorage,false,true
5381,PAKP,medium_airport,Anaktuvuk Pass Airport,68.133598,-151.742996,2102,US,Anaktuvuk Pass,PAKP,AKP,AK,America/Anchorage,false,true
5385,PALU,medium_airport,Cape Lisburne LRRS Airport,68.875099,-166.110001,16,US,Cape Lisburne,PALU,LUR,AK,America/Nome,false,true
5387,PAMY,medium_airport,Mekoryuk Airport,60.372338,-166.269751,48,US,Mekoryuk,PAMY,MYU,AK,America/Nome,false,true
5392,PANV,medium_airport,Anvik Airport,62.646702,-160.190994,291,US,Anvik,PANV,ANV,AK,America/Anchorage,false,true
5394,PAOR,medium_airport,Northway Airport,62.9613,-141.929001,1715,US,Northway,PAOR,ORT,AK,America/Anchorage,false,true
5396,PAPB,medium_airport,St George Airport,56.577345,-169.663823,125,US,St George,PAPB,STG,AK,America/Nome,false,true
5399,PAPH,medium_airport,Port Heiden Airport,56.957893,-158.630219,95,US,Port Heiden,PAPH,PTH,AK,America/Anchorage,false,true
5400,PAPM,medium_airport,Platinum Airport,59.017675,-161.827927,15,US,Platinum,PAPM,PTU,AK,America/Anchorage,false,true
5401,PAQT,medium_airport,Nuiqsut Airport,70.209999,-151.005998,38,US,Nuiqsut,PAQT,NUI,AK,America/Anchorage,false,true
5402,PARC,medium_airport,Arctic Village Airport,68.1147,-145.578995,2092,US,Arctic Village,PARC,ARC,AK,America/Anchorage,false,true
5403,PARY,medium_airport,Ruby Airport,64.727203,-155.470001,658,US,Ruby,PARY,RBY,AK,America/Anchorage,false,true
5404,PASA,medium_airport,Savoonga Airport,63.686401,-170.492996,53,US,Savoonga,PASA,SVA,AK,America/Nome,false,true
5416,PATQ,medium_airport,Atqasuk Edward Burnell Sr Memorial Airport,70.46704,-157.436013,96,US,Atqasuk,PATQ,ATK,AK,America/Anchorage,false,true
5422,PAWI,medium_airport,Wainwright Airport,70.638,-159.994995,41,US,Wainwright,PAWI,AIN,AK,America/Anchorage,false,true
5429,PFYU,medium_airport,Fort Yukon Airport,66.571651,-145.249987,433,US,Fort Yukon,PFYU,FYU,AK,America/Anchorage,false,true
5430,PGRO,large_airport,Rota International Airport,14.173267,145.241103,607,MP,Rota Island,PGRO,ROP,,Pacific/Saipan,false,true
5431,PGSN,medium_airport,Saipan International Airport,15.119384,145.728848,215,MP,"I Fadang, Saipan",PGSN,SPN,,Pacific/Saipan,false,true
5433,PGUM,large_airport,Antonio B. Won Pat International Airport,13.485,144.797282,298,US,Hagåtña,PGUM,GUM,GU,Pacific/Guam,true,true
5434,PGWT,medium_airport,Francisco Manglona Borja / Tinian International Airport,14.999207,145.619355,271,MP,Tinian Island,PGWT,TIQ,,Pacific/Saipan,false,true
5444,PHHN,medium_airport,Hana Airport,20.795601,-156.014008,78,US,Hana,PHHN,HNM,HI,Pacific/Honolulu,false,true
5446,PHJH,medium_airport,Kapalua Airport,20.9629,-156.673004,256,US,Lahaina,PHJH,JHM,HI,Pacific/Honolulu,false,true
5488,PKMJ,large_airport,Marshall Islands International Airport,7.06511,171.271656,6,MH,Majuro Atoll,PKMJ,MAJ,,Pacific/Majuro,false,true
5490,PKWA,medium_airport,Bucholz Army Air Field,8.720120429992676,167.73199462890625,9,MH,Kwajalein,PKWA,KWA,,Pacific/Kwajalein,false,true
5493,PLCH,large_airport,Cassidy International Airport,1.986278,-157.350011,5,KI,Kiritimati,PLCH,CXI,,Pacific/Kiritimati,false,true
5495,PPIZ,medium_airport,Point Lay LRRS Airport,69.732903,-163.005005,22,US,Point Lay,PPIZ,PIZ,AK,America/Nome,false,true
5499,PTKK,large_airport,Chuuk International Airport,7.46187,151.843002,11,FM,Weno Island,PTKK,TKK,,Pacific/Chuuk,false,true
5500,PTPN,medium_airport,Pohnpei International Airport,6.985082,158.20992,10,FM,Pohnpei Island,PTPN,PNI,,Pacific/Pohnpei,false,true
5501,PTRO,large_airport,Roman Tmetuchl International Airport,7.366965,134.544085,176,PW,Babelthuap Island,PTRO,ROR,,Pacific/Palau,false,true
5502,PTSA,large_airport,Kosrae International Airport,5.35698,162.957993,11,FM,Okat,PTSA,KSA,,Pacific/Kosrae,false,true
5503,PTYA,large_airport,Yap International Airport,9.49891,138.082993,91,FM,Yap Island,PTYA,YAP,,Pacific/Chuuk,false,true
5506,PWAK,medium_airport,Wake Island Airfield,19.282437,166.636637,14,UM,Wake Island,PWAK,AWK,,Pacific/Wake,false,true
5510,RCBS,medium_airport,Kinmen Airport,24.4279,118.359001,93,TW,Shang-I,RCBS,KNH,,Asia/Taipei,false,true
5513,RCFG,medium_airport,Matsu Nangan Airport,26.159656,119.958376,232,TW,Matsu (Nangan),RCFG,LZN,,Asia/Taipei,false,true
5514,RCFN,medium_airport,Taitung Airport,22.754856,121.101794,143,TW,Taitung City,RCFN,TTT,,Asia/Taipei,false,true
5516,RCKH,large_airport,Kaohsiung International Airport,22.577101,120.349998,31,TW,Kaohsiung (Xiaogang),RCKH,KHH,,Asia/Taipei,false,true
5517,RCKU,medium_airport,Chiayi Airport,23.462577,120.390544,85,TW,Shuishang,RCKU,CYI,,Asia/Taipei,false,true
5519,RCLY,medium_airport,Lanyu Airport,22.027000427246094,121.53500366210938,44,TW,Orchid Island,RCLY,KYD,,Asia/Taipei,false,true
5520,RCMQ,large_airport,Taichung International Airport / Ching Chuang Kang Air Base,24.2647,120.621002,663,TW,Taichung (Qingshui),RCMQ,RMQ,,Asia/Taipei,false,true
5521,RCMT,medium_airport,Matsu Beigan Airport,26.22414,120.002679,41,TW,Matsu (Beigan),RCMT,MFK,,Asia/Taipei,false,true
5522,RCNN,large_airport,Tainan International Airport / Tainan Air Base,22.950399,120.206001,63,TW,Tainan (Rende),RCNN,TNN,,Asia/Taipei,false,true
5524,RCQC,large_airport,Penghu Magong Airport,23.568701,119.627998,103,TW,Huxi,RCQC,MZG,,Asia/Taipei,false,true
5527,RCSS,large_airport,Taipei Songshan International Airport,25.067244,121.552822,18,TW,Taipei (Songshan),RCSS,TSA,,Asia/Taipei,false,true
5528,RCTP,large_airport,Taiwan Taoyuan International Airport,25.0777,121.233002,106,TW,Taoyuan,RCTP,TPE,,Asia/Taipei,false,true
5530,RCYU,large_airport,Hualien Chiashan Airport,24.023163,121.617991,52,TW,Hualien City,RCYU,HUN,,Asia/Taipei,false,true
5531,RJAA,large_airport,Narita International Airport,35.76858,140.388714,141,JP,Narita,RJAA,NRT,,Asia/Tokyo,false,true
5532,RJAF,medium_airport,Shinshu-Matsumoto Airport,36.166801,137.923004,2182,JP,Matsumoto,RJAF,MMJ,,Asia/Tokyo,false,true
5533,RJAH,large_airport,Ibaraki Airport,36.181456,140.414434,105,JP,Omitama,RJAH,IBR,,Asia/Tokyo,false,true
5536,RJBB,large_airport,Kansai International Airport,34.427299,135.244003,26,JP,Osaka,RJBB,KIX,,Asia/Tokyo,false,true
5537,RJBD,medium_airport,Nanki Shirahama Airport,33.6622009277,135.363998413,298,JP,Shirahama,RJBD,SHM,,Asia/Tokyo,false,true
5538,RJBE,large_airport,Kobe Airport,34.632801,135.223999,22,JP,Kobe,RJBE,UKB,,Asia/Tokyo,false,true
5541,RJBT,medium_airport,Konotori Tajima Airport,35.512798,134.787003,584,JP,Toyooka,RJBT,TJH,,Asia/Tokyo,false,true
5543,RJCB,medium_airport,Tokachi-Obihiro Airport,42.7332992554,143.216995239,505,JP,Obihiro,RJCB,OBO,,Asia/Tokyo,false,true
5544,RJCC,large_airport,New Chitose Airport,42.774753,141.690414,82,JP,Sapporo,RJCC,CTS,,Asia/Tokyo,false,true
5545,RJCH,large_airport,Hakodate Airport,41.77,140.822006,151,JP,Hakodate,RJCH,HKD,,Asia/Tokyo,false,true
5547,RJCK,medium_airport,Kushiro Airport,43.041,144.192993,327,JP,Kushiro,RJCK,KUH,,Asia/Tokyo,false,true
5548,RJCM,medium_airport,Memanbetsu Airport,43.8805999756,144.164001465,135,JP,Ōzora,RJCM,MMB,,Asia/Tokyo,false,true
5549,RJCN,medium_airport,Nakashibetsu Airport,43.5774993896,144.960006714,234,JP,Nakashibetsu,RJCN,SHB,,Asia/Tokyo,false,true
5550,RJCO,medium_airport,Sapporo Okadama Airport,43.117447,141.38134,25,JP,Sapporo,RJCO,OKD,,Asia/Tokyo,false,true
5552,RJCW,medium_airport,Wakkanai Airport,45.4042015076,141.800994873,30,JP,Wakkanai,RJCW,WKJ,,Asia/Tokyo,false,true
5553,RJDA,medium_airport,Amakusa Airport,32.482498,130.158997,340,JP,Amakusa,RJDA,AXJ,,Asia/Tokyo,false,true
5554,RJDB,medium_airport,Iki Airport,33.7490005493,129.785003662,41,JP,Iki,RJDB,IKI,,Asia/Tokyo,false,true
5555,RJDC,medium_airport,Yamaguchi Ube Airport,33.93,131.279007,23,JP,Ube,RJDC,UBJ,,Asia/Tokyo,false,true
5556,RJDT,medium_airport,Tsushima Airport,34.2849006653,129.330993652,213,JP,Tsushima,RJDT,TSJ,,Asia/Tokyo,false,true
5557,RJEB,medium_airport,Monbetsu Airport,44.303901672399995,143.404006958,80,JP,Monbetsu,RJEB,MBE,,Asia/Tokyo,false,true
5558,RJEC,medium_airport,Asahikawa Airport,43.670799,142.447006,721,JP,Higashikagura,RJEC,AKJ,,Asia/Tokyo,false,true
5559,RJEO,medium_airport,Okushiri Airport,42.0717010498,139.432998657,161,JP,Okushiri Island,RJEO,OIR,,Asia/Tokyo,false,true
5560,RJER,medium_airport,Rishiri Airport,45.2420005798,141.186004639,112,JP,Rishiri,RJER,RIS,,Asia/Tokyo,false,true
5562,RJFC,medium_airport,Yakushima Airport,30.385599,130.658997,124,JP,Yakushima,RJFC,KUM,,Asia/Tokyo,false,true
5563,RJFE,medium_airport,Fukue Airport,32.666302,128.832993,273,JP,Goto,RJFE,FUJ,,Asia/Tokyo,false,true
5564,RJFF,large_airport,Fukuoka Airport,33.585899353027344,130.4510040283203,32,JP,Fukuoka,RJFF,FUK,,Asia/Tokyo,false,true
5565,RJFG,medium_airport,New Tanegashima Airport,30.605100631699997,130.990997314,768,JP,Tanegashima,RJFG,TNE,,Asia/Tokyo,false,true
5566,RJFK,large_airport,Kagoshima Airport,31.8034,130.718994,906,JP,Kagoshima,RJFK,KOJ,,Asia/Tokyo,false,true
5567,RJFM,large_airport,Miyazaki Airport,31.877199,131.449005,20,JP,Miyazaki,RJFM,KMI,,Asia/Tokyo,false,true
5569,RJFO,medium_airport,Oita Airport,33.479400634799994,131.736999512,19,JP,Oita,RJFO,OIT,,Asia/Tokyo,false,true
5570,RJFR,large_airport,Kitakyushu Airport,33.845901,131.035004,21,JP,Kitakyushu,RJFR,KKJ,,Asia/Tokyo,false,true
5571,RJFS,large_airport,Kyushu Saga International Airport,33.1497,130.302002,6,JP,Saga,RJFS,HSG,,Asia/Tokyo,false,true
5572,RJFT,large_airport,Kumamoto Airport,32.837299,130.854996,642,JP,Kumamoto,RJFT,KMJ,,Asia/Tokyo,false,true
5573,RJFU,large_airport,Nagasaki Airport,32.916901,129.914001,15,JP,Nagasaki,RJFU,NGS,,Asia/Tokyo,false,true
5576,RJGG,large_airport,Chubu Centrair International Airport,34.858398,136.804993,15,JP,Tokoname,RJGG,NGO,,Asia/Tokyo,false,true
5577,RJKA,medium_airport,Amami Airport,28.430599212646484,129.71299743652344,27,JP,Amami,RJKA,ASJ,,Asia/Tokyo,false,true
5578,RJKB,medium_airport,Okinoerabu Airport,27.431604,128.705564,101,JP,Wadomari,RJKB,OKE,,Asia/Tokyo,false,true
5579,RJKI,medium_airport,Kikai Airport,28.321300506599997,129.927993774,21,JP,Kikai,RJKI,KKX,,Asia/Tokyo,false,true
5580,RJKN,medium_airport,Tokunoshima Airport,27.836382,128.881356,17,JP,Amagi,RJKN,TKN,,Asia/Tokyo,false,true
5581,RJNA,medium_airport,Nagoya Airport / JASDF Komaki Air Base,35.255759,136.924095,52,JP,Nagoya,RJNA,NKM,,Asia/Tokyo,false,true
5585,RJNK,large_airport,Komatsu Airport / JASDF Komatsu Air Base,36.393407,136.406895,36,JP,Kanazawa,RJNK,KMQ,,Asia/Tokyo,false,true
5586,RJNO,medium_airport,Oki Global Geopark Airport,36.178388,133.323566,311,JP,Okinoshima,RJNO,OKI,,Asia/Tokyo,false,true
299238,RJNS,large_airport,Mount Fuji Shizuoka Airport,34.795022,138.190976,433,JP,Makinohara / Shimada,RJNS,FSZ,,Asia/Tokyo,false,true
5587,RJNT,medium_airport,Toyama Kitokito Airport,36.648416,137.187359,95,JP,Toyama,RJNT,TOY,,Asia/Tokyo,false,true
5588,RJNW,medium_airport,Noto Satoyama Airport,37.293098,136.962006,718,JP,Wajima,RJNW,NTQ,,Asia/Tokyo,false,true
5590,RJOA,large_airport,Hiroshima Airport,34.4361,132.919006,1088,JP,Hiroshima,RJOA,HIJ,,Asia/Tokyo,false,true
5591,RJOB,large_airport,Okayama Momotaro Airport,34.756901,133.854996,806,JP,Okayama,RJOB,OKJ,,Asia/Tokyo,false,true
5592,RJOC,medium_airport,Izumo Enmusubi Airport,35.413601,132.889999,15,JP,Izumo,RJOC,IZO,,Asia/Tokyo,false,true
5594,RJOH,medium_airport,Yonago Kitaro Airport / JASDF Miho Air Base,35.492199,133.235992,20,JP,Yonago,RJOH,YGJ,,Asia/Tokyo,false,true
5595,RJOI,medium_airport,Iwakuni Kintaikyo Airport,34.146333,132.247238,7,JP,Iwakuni,RJOI,IWK,,Asia/Tokyo,false,true
5596,RJOK,large_airport,Kochi Ryoma Airport,33.545217,133.670166,42,JP,Nankoku,RJOK,KCZ,,Asia/Tokyo,false,true
5597,RJOM,large_airport,Matsuyama Airport,33.826893,132.700114,25,JP,Matsuyama,RJOM,MYJ,,Asia/Tokyo,false,true
5598,RJOO,large_airport,Osaka Itami International Airport,34.780853,135.440829,50,JP,Osaka,RJOO,ITM,,Asia/Tokyo,false,true
5599,RJOR,medium_airport,Tottori Sand Dunes Conan Airport,35.530058,134.165023,65,JP,Tottori,RJOR,TTJ,,Asia/Tokyo,false,true
5600,RJOS,large_airport,Tokushima Awaodori Airport / JMSDF Tokushima Air Base,34.132559,134.607816,26,JP,Tokushima,RJOS,TKS,,Asia/Tokyo,false,true
5601,RJOT,large_airport,Takamatsu Airport,34.214963,134.015454,607,JP,Takamatsu,RJOT,TAK,,Asia/Tokyo,false,true
5602,RJOW,medium_airport,Iwami Airport,34.676399231,131.789993286,184,JP,Masuda,RJOW,IWJ,,Asia/Tokyo,false,true
5605,RJSA,large_airport,Aomori Airport,40.733777,140.689477,664,JP,Aomori,RJSA,AOJ,,Asia/Tokyo,false,true
5606,RJSC,medium_airport,Yamagata Airport,38.4119,140.371002,353,JP,Higashine,RJSC,GAJ,,Asia/Tokyo,false,true
5607,RJSD,medium_airport,Sado Airport,38.0601997375,138.414001465,88,JP,Sado,RJSD,SDS,,Asia/Tokyo,false,true
5608,RJSF,medium_airport,Fukushima Airport,37.22740173339844,140.43099975585938,1221,JP,Sukagawa,RJSF,FKS,,Asia/Tokyo,false,true
5610,RJSI,medium_airport,Iwate Hanamaki Airport,39.4286,141.134995,297,JP,Hanamaki,RJSI,HNA,,Asia/Tokyo,false,true
5611,RJSK,medium_airport,Akita Airport,39.615601,140.218994,313,JP,Akita,RJSK,AXT,,Asia/Tokyo,false,true
5612,RJSM,medium_airport,Misawa Airport / Misawa Air Base,40.703201,141.367996,119,JP,Misawa,RJSM,MSJ,,Asia/Tokyo,false,true
5613,RJSN,large_airport,Niigata Airport,37.954166,139.112189,29,JP,Niigata,RJSN,KIJ,,Asia/Tokyo,false,true
5614,RJSR,medium_airport,Odate Noshiro Airport,40.191898,140.371002,292,JP,Kitaakita,RJSR,ONJ,,Asia/Tokyo,false,true
5615,RJSS,large_airport,Sendai Airport,38.139702,140.917007,15,JP,Natori,RJSS,SDJ,,Asia/Tokyo,false,true
5617,RJSY,medium_airport,Shonai Airport,38.812199,139.787003,86,JP,Shonai,RJSY,SYO,,Asia/Tokyo,false,true
5620,RJTH,medium_airport,Hachijojima Airport,33.114843,139.785645,303,JP,Hachijojima,RJTH,HAC,,Asia/Tokyo,false,true
5624,RJTO,medium_airport,Oshima Airport,34.782001495399996,139.36000061,130,JP,Izu Oshima,RJTO,OIM,,Asia/Tokyo,false,true
5625,RJTQ,medium_airport,Miyakejima Airport,34.073600769,139.559997559,67,JP,Miyakejima,RJTQ,MYE,,Asia/Tokyo,false,true
5627,RJTT,large_airport,Tokyo Haneda International Airport,35.549678,139.786958,35,JP,Tokyo,RJTT,HND,,Asia/Tokyo,false,true
302303,RKJB,large_airport,Muan International Airport,34.991406,126.382814,35,KR,Muan (Piseo-ri),RKJB,MWX,,Asia/Seoul,false,true
5630,RKJJ,medium_airport,Gwangju Airport,35.123173,126.805444,39,KR,Gwangju,RKJJ,KWJ,,Asia/Seoul,false,true
5631,RKJK,medium_airport,Gunsan Airport / Gunsan Air Base,35.903801,126.615997,29,KR,Gunsan,RKJK,KUV,,Asia/Seoul,false,true
5634,RKJY,medium_airport,Yeosu Airport,34.84230041503906,127.61699676513672,53,KR,Yeosu,RKJY,RSU,,Asia/Seoul,false,true
5637,RKNW,medium_airport,Wonju Airport / Hoengseong Air Base (K-38/K-46),37.437113,127.960051,329,KR,Wonju,RKNW,WJU,,Asia/Seoul,false,true
5638,RKNY,large_airport,Yangyang International Airport,38.060481,128.669822,241,KR,Gonghang-ro,RKNY,YNY,,Asia/Seoul,false,true
5639,RKPC,large_airport,Jeju International Airport,33.512058,126.492548,118,KR,Jeju City,RKPC,CJU,,Asia/Seoul,false,true
5642,RKPK,large_airport,Gimhae International Airport,35.179501,128.938004,6,KR,Busan,RKPK,PUS,,Asia/Seoul,false,true
5643,RKPS,medium_airport,Sacheon Airport / Sacheon Air Base,35.088591,128.071747,25,KR,Sacheon,RKPS,HIN,,Asia/Seoul,false,true
5644,RKPU,medium_airport,Ulsan Airport,35.59349823,129.352005005,45,KR,Ulsan,RKPU,USN,,Asia/Seoul,false,true
5653,RKSI,large_airport,Incheon International Airport,37.469101,126.450996,23,KR,Seoul,RKSI,ICN,,Asia/Seoul,false,true
5656,RKSS,large_airport,Seoul Gimpo International Airport,37.5583,126.791,59,KR,Seoul,RKSS,GMP,,Asia/Seoul,false,true
5659,RKTH,medium_airport,Pohang Airport (G-815/K-3),35.987955,129.420383,70,KR,Pohang,RKTH,KPO,,Asia/Seoul,false,true
5661,RKTN,large_airport,Daegu International Airport,35.894394,128.656989,116,KR,Daegu,RKTN,TAE,,Asia/Seoul,false,true
5663,RKTU,large_airport,Cheongju International Airport/Cheongju Air Base (K-59/G-513),36.71556,127.500289,191,KR,Cheongju,RKTU,CJJ,,Asia/Seoul,false,true
5671,ROAH,large_airport,Naha International Airport,26.192437,127.639804,12,JP,Naha,ROAH,OKA,,Asia/Tokyo,false,true
327608,ROIG,medium_airport,New Ishigaki Airport,24.396389,124.245,102,JP,Ishigaki,ROIG,ISG,,Asia/Tokyo,false,true
5675,ROKJ,medium_airport,Kumejima Airport,26.363445,126.71384,23,JP,Kumejima,ROKJ,UEO,,Asia/Tokyo,false,true
5676,ROMD,medium_airport,Minamidaito Airport,25.8465,131.263,167,JP,Minamidaito,ROMD,MMD,,Asia/Tokyo,false,true
5677,ROMY,medium_airport,Miyako Airport,24.782801,125.294998,150,JP,Miyakojima,ROMY,MMY,,Asia/Tokyo,false,true
5679,RORK,medium_airport,Kitadaito Airport,25.9447002411,131.32699585,80,JP,Kitadaitōjima,RORK,KTD,,Asia/Tokyo,false,true
5680,RORS,medium_airport,Shimojishima Airport,24.8267,125.144997,54,JP,Miyakojima,RORS,SHI,,Asia/Tokyo,false,true
5681,RORT,medium_airport,Tarama Airport,24.653793,124.675453,36,JP,Tarama,RORT,TRA,,Asia/Tokyo,false,true
5682,RORY,medium_airport,Yoron Airport,27.043847,128.401648,52,JP,Yoron,RORY,RNJ,,Asia/Tokyo,false,true
5684,ROYN,medium_airport,Yonaguni Airport,24.467298,122.979827,70,JP,Yonaguni,ROYN,OGN,,Asia/Tokyo,false,true
5686,RPLB,large_airport,Subic Bay International Airport / Naval Air Station Cubi Point,14.794833,120.271883,64,PH,Olongapo,RPLB,SFS,,Asia/Manila,false,true
5687,RPLC,large_airport,Clark International Airport / Clark Air Base,15.186,120.559998,484,PH,Mabalacat,RPLC,CRK,,Asia/Manila,false,true
5688,RPLI,large_airport,Laoag International Airport,18.175089,120.531006,25,PH,Laoag City,RPLI,LAO,,Asia/Manila,false,true
336104,RPLK,large_airport,Bicol International Airport,13.111915,123.676829,319,PH,Legazpi,RPLK,DRP,,Asia/Manila,false,true
5689,RPLL,large_airport,Ninoy Aquino International Airport,14.5086,121.019997,75,PH,Manila (Pasay),RPLL,MNL,,Asia/Manila,false,true
5696,RPMC,medium_airport,Cotabato (Awang) Airport,7.164753,124.209938,189,PH,Datu Odin Sinsuat,RPMC,CBO,,Asia/Manila,false,true
5697,RPMD,large_airport,Francisco Bangoy International Airport,7.12552,125.646004,96,PH,Davao,RPMD,DVO,,Asia/Manila,false,true
5698,RPME,medium_airport,Bancasi Airport,8.9515,125.4788,141,PH,Butuan,RPME,BXU,,Asia/Manila,false,true
5700,RPMG,medium_airport,Dipolog Airport,8.601983,123.341875,12,PH,Dipolog,RPMG,DPL,,Asia/Manila,false,true
5701,RPMH,medium_airport,Camiguin Airport,9.253894,124.709115,53,PH,Mambajao,RPMH,CGM,,Asia/Manila,false,true
5703,RPMJ,medium_airport,Jolo Airport,6.05367,121.011002,118,PH,Jolo,RPMJ,JOL,,Asia/Manila,false,true
5705,RPMN,medium_airport,Sanga Sanga Airport,5.048196,119.743338,15,PH,Bongao,RPMN,TWT,,Asia/Manila,false,true
5706,RPMO,medium_airport,Labo Airport,8.17851,123.842003,75,PH,Ozamiz,RPMO,OZC,,Asia/Manila,false,true
5707,RPMP,medium_airport,Pagadian Airport,7.825632,123.459635,5,PH,Pagadian,RPMP,PAG,,Asia/Manila,false,true
5709,RPMR,large_airport,General Santos International Airport,6.057208,125.096243,505,PH,General Santos,RPMR,GES,,Asia/Manila,false,true
5710,RPMS,medium_airport,Surigao Airport,9.755838325629998,125.480947495,20,PH,Surigao City,RPMS,SUG,,Asia/Manila,false,true
308633,RPMY,large_airport,Laguindingan International Airport,8.612203,124.456496,190,PH,Laguindingan,RPMY,CGY,,Asia/Manila,false,true
5712,RPMZ,large_airport,Zamboanga International Airport,6.92242,122.059998,33,PH,Zamboanga,RPMZ,ZAM,,Asia/Manila,false,true
336116,RPSP,large_airport,Bohol-Panglao International Airport,9.573045,123.770143,42,PH,Panglao,RPSP,TAG,,Asia/Manila,false,true
5719,RPUH,medium_airport,San Jose Airport,12.361499786399998,121.04699707,14,PH,San Jose,RPUH,SJI,,Asia/Manila,false,true
5722,RPUN,medium_airport,Naga Airport,13.58489990234375,123.2699966430664,142,PH,Naga,RPUN,WNP,,Asia/Manila,false,true
5723,RPUO,medium_airport,Basco Airport,20.4513,121.980003,291,PH,Basco,RPUO,BSO,,Asia/Manila,false,true
5727,RPUT,medium_airport,Tuguegarao Airport,17.6433676823,121.733150482,70,PH,Tuguegarao City,RPUT,TUG,,Asia/Manila,false,true
5728,RPUV,medium_airport,Virac Airport,13.576399803161621,124.20600128173828,121,PH,Virac,RPUV,VRC,,Asia/Manila,false,true
5730,RPUY,medium_airport,Cauayan Airport,16.9298992157,121.752998352,200,PH,Cauayan City,RPUY,CYZ,,Asia/Manila,false,true
5732,RPVA,medium_airport,Daniel Z. Romualdez Airport,11.227761,125.027783,10,PH,Tacloban City,RPVA,TAC,,Asia/Manila,false,true
35178,RPVB,large_airport,Bacolod-Silay International Airport,10.776237,123.018879,82,PH,Bacolod City,RPVB,BCD,,Asia/Manila,false,true
5734,RPVC,medium_airport,Calbayog Airport,12.072574,124.54508,12,PH,Calbayog City,RPVC,CYP,,Asia/Manila,false,true
5735,RPVD,medium_airport,Sibulan Airport,9.334183,123.30191,15,PH,Dumaguete City,RPVD,DGT,,Asia/Manila,false,true
5736,RPVE,medium_airport,Godofredo P. Ramos Airport,11.9245,121.954002,7,PH,Caticlan,RPVE,MPH,,Asia/Manila,false,true
5737,RPVF,medium_airport,Catarman National Airport,12.50161,124.635258,6,PH,Catarman,RPVF,CRM,,Asia/Manila,false,true
5739,RPVI,large_airport,Iloilo International Airport,10.833017,122.493358,27,PH,Cabatuan,RPVI,ILO,,Asia/Manila,false,true
5740,RPVJ,medium_airport,Moises R. Espinosa Airport,12.369682,123.630095,49,PH,Masbate,RPVJ,MBT,,Asia/Manila,false,true
5741,RPVK,large_airport,Kalibo International Airport,11.6794,122.375999,14,PH,Kalibo,RPVK,KLO,,Asia/Manila,false,true
5742,RPVM,large_airport,Mactan Cebu International Airport,10.309261,123.97974,31,PH,Cebu City/Lapu-Lapu City,RPVM,CEB,,Asia/Manila,false,true
5744,RPVP,large_airport,Puerto Princesa International Airport / PAF Antonio Bautista Air Base,9.742044,118.75911,71,PH,Puerto Princesa,RPVP,PPS,,Asia/Manila,false,true
5745,RPVR,medium_airport,Roxas Airport,11.597700119018555,122.75199890136719,10,PH,Roxas City,RPVR,RXS,,Asia/Manila,false,true
5748,RPVU,medium_airport,Tugdan Airport,12.3109998703,122.084999084,10,PH,Tablas Island,RPVU,TBH,,Asia/Manila,false,true
5749,RPVV,medium_airport,Francisco B. Reyes (Busuanga) Airport,12.121865,120.100801,148,PH,Coron,RPVV,USU,,Asia/Manila,false,true
350214,RSI,large_airport,Red Sea International Airport,25.627975,37.088914,140,SA,Hanak,OERS,RSI,,Asia/Riyadh,false,true
5768,SAAP,medium_airport,General Urquiza Airport,-31.7948,-60.4804,242,AR,Parana,SAAP,PRA,,America/Argentina/Cordoba,false,true
5769,SAAR,large_airport,Rosario Islas Malvinas International Airport,-32.9036,-60.785,85,AR,Rosario,SAAR,ROS,,America/Argentina/Cordoba,false,true
5770,SAAV,medium_airport,Sauce Viejo Airport,-31.7117,-60.8117,55,AR,Santa Fe,SAAV,SFN,,America/Argentina/Cordoba,false,true
5771,SABE,large_airport,Aeroparque Jorge Newbery,-34.559419,-58.415536,18,AR,Buenos Aires,SABE,AEP,,America/Argentina/Buenos_Aires,false,true
5773,SACO,large_airport,Ingeniero Aeronáutico Ambrosio L.V. Taravella International Airport,-31.312346,-64.208329,1604,AR,Cordoba,SACO,COR,,America/Argentina/Cordoba,false,true
5781,SAEZ,large_airport,Ezeiza International Airport - Ministro Pistarini,-34.8222,-58.5358,67,AR,Buenos Aires (Ezeiza),SAEZ,EZE,,America/Argentina/Buenos_Aires,false,true
5786,SAME,large_airport,Governor Francisco Gabrielli International Airport,-32.831699,-68.7929,2310,AR,Mendoza,SAME,MDZ,,America/Argentina/Mendoza,false,true
5788,SAMR,medium_airport,Suboficial Ay Santiago Germano Airport,-34.588299,-68.4039,2470,AR,San Rafael,SAMR,AFA,,America/Argentina/Mendoza,false,true
5789,SANC,medium_airport,Coronel Felipe Varela International Airport,-28.593117,-65.7512,1522,AR,Catamarca,SANC,CTC,,America/Argentina/Catamarca,false,true
5790,SANE,medium_airport,Vicecomodoro Angel D. La Paz Aragonés Airport,-27.765556335399996,-64.3099975586,656,AR,Santiago del Estero,SANE,SDE,,America/Argentina/Cordoba,false,true
5792,SANL,medium_airport,Capitan V A Almonacid Airport,-29.381599,-66.795799,1437,AR,La Rioja,SANL,IRJ,,America/Argentina/La_Rioja,false,true
318304,SANR,medium_airport,Termas de Río Hondo international Airport,-27.4966,-64.93595,935,AR,Termas de Río Hondo,SANR,RHD,,America/Argentina/Cordoba,false,true
5794,SANT,large_airport,Teniente Benjamín Matienzo International Airport,-26.837397,-65.104195,1493,AR,San Miguel de Tucumán,SANT,TUC,,America/Argentina/Tucuman,false,true
5795,SANU,medium_airport,Domingo Faustino Sarmiento Airport,-31.571501,-68.418198,1958,AR,San Juan,SANU,UAQ,,America/Argentina/San_Juan,false,true
5802,SAOU,medium_airport,Brigadier Mayor D Cesar Raul Ojeda Airport,-33.273201,-66.3564,2328,AR,San Luis,SAOU,LUQ,,America/Argentina/San_Luis,false,true
5803,SARC,medium_airport,Corrientes Airport,-27.4455,-58.7619,202,AR,Corrientes,SARC,CNQ,,America/Argentina/Cordoba,false,true
5804,SARE,large_airport,Resistencia International Airport,-27.44991,-59.056125,173,AR,Resistencia,SARE,RES,,America/Argentina/Cordoba,false,true
5805,SARF,medium_airport,Formosa National Airport,-26.2127,-58.2281,193,AR,Formosa,SARF,FMA,,America/Argentina/Cordoba,false,true
5806,SARI,medium_airport,Cataratas Del Iguazú International Airport,-25.737301,-54.4734,916,AR,Puerto Iguazu,SARI,IGR,,America/Argentina/Cordoba,false,true
5809,SARP,medium_airport,Libertador Gral D Jose De San Martin Airport,-27.3858,-55.9707,430,AR,Posadas,SARP,PSS,,America/Argentina/Cordoba,false,true
5811,SASA,large_airport,Martín Miguel de Güemes International Airport,-24.856001,-65.486198,4088,AR,Salta,SASA,SLA,,America/Argentina/Salta,false,true
5812,SASJ,large_airport,Gobernador Horacio Guzman International Airport,-24.392799,-65.097801,3019,AR,San Salvador de Jujuy,SASJ,JUJ,,America/Argentina/Jujuy,false,true
5822,SAVC,large_airport,General Enrique Mosconi International Airport,-45.786941,-67.463355,189,AR,Comodoro Rivadavia,SAVC,CRD,,America/Argentina/Catamarca,false,true
5823,SAVE,medium_airport,Esquel Brigadier Antonio Parodi International Airport,-42.908001,-71.139503,2621,AR,Esquel,SAVE,EQS,,America/Argentina/Catamarca,false,true
5824,SAVH,medium_airport,Las Heras Airport,-46.538517,-68.965323,1082,AR,Las Heras,SAVH,LHS,,America/Argentina/Rio_Gallegos,false,true
5827,SAVT,medium_airport,Almirante Marco Andres Zar Airport,-43.2105,-65.2703,141,AR,Rawson,SAVT,REL,,America/Argentina/Catamarca,false,true
5828,SAVV,medium_airport,Gobernador Castello Airport,-40.8692,-63.0004,20,AR,Viedma / Carmen de Patagones,SAVV,VDM,,America/Argentina/Salta,false,true
5829,SAVY,medium_airport,El Tehuelche Airport,-42.7592,-65.1027,427,AR,Puerto Madryn,SAVY,PMY,,America/Argentina/Catamarca,false,true
5831,SAWC,medium_airport,El Calafate - Commander Armando Tola International Airport,-50.280267,-72.053401,669,AR,El Calafate,SAWC,FTE,,America/Argentina/Rio_Gallegos,false,true
5832,SAWD,medium_airport,Puerto Deseado Airport,-47.7353,-65.9041,268,AR,Puerto Deseado,SAWD,PUD,,America/Argentina/Rio_Gallegos,false,true
5833,SAWE,medium_airport,Gobernador Ramón Trejo Noel International Airport,-53.7777,-67.7494,65,AR,Rio Grande,SAWE,RGA,,America/Argentina/Ushuaia,false,true
5834,SAWG,large_airport,Piloto Civil Norberto Fernández International Airport,-51.608791,-69.308948,61,AR,Rio Gallegos,SAWG,RGL,,America/Argentina/Rio_Gallegos,false,true
5835,SAWH,medium_airport,Ushuaia - Malvinas Argentinas International Airport,-54.8433,-68.2958,102,AR,Ushuaia,SAWH,USH,,America/Argentina/Ushuaia,false,true
5838,SAWP,medium_airport,Perito Moreno Jalil Hamer Airport,-46.537899,-70.978699,1410,AR,Perito Moreno,SAWP,PMQ,,America/Argentina/Rio_Gallegos,false,true
5840,SAZB,medium_airport,Comandante Espora Airport,-38.725,-62.1693,246,AR,Bahía Blanca,SAZB,BHI,,America/Argentina/Buenos_Aires,false,true
5846,SAZL,medium_airport,Santa Teresita Airport,-36.5423,-56.7218,9,AR,Santa Teresita,SAZL,SST,,America/Argentina/Buenos_Aires,false,true
5847,SAZM,medium_airport,Ástor Piazzola International Airport,-37.9342,-57.5733,72,AR,Mar del Plata,SAZM,MDQ,,America/Argentina/Buenos_Aires,false,true
5848,SAZN,large_airport,Presidente Perón International Airport,-38.949001,-68.155701,895,AR,Neuquén,SAZN,NQN,,America/Argentina/Salta,false,true
5849,SAZO,medium_airport,Necochea Airport,-38.490746,-58.816337,72,AR,Necochea,SAZO,NEC,,America/Argentina/Buenos_Aires,false,true
5851,SAZR,medium_airport,Santa Rosa Airport,-36.588299,-64.275703,630,AR,Santa Rosa,SAZR,RSA,,America/Argentina/Salta,false,true
5852,SAZS,large_airport,Teniente Luis Candelaria International Airport,-41.151199,-71.157501,2774,AR,San Carlos de Bariloche,SAZS,BRC,,America/Argentina/Salta,false,true
5856,SAZY,medium_airport,Aviador C. Campos Airport,-40.075401,-71.137299,2569,AR,Chapelco/San Martin de los Andes,SAZY,CPC,,America/Argentina/Salta,false,true
32305,SBAE,medium_airport,Bauru/Arealva–Moussa Nakhal Tobias State Airport,-22.160755,-49.070325,1962,BR,Bauru,SBAE,JTC,,America/Sao_Paulo,false,true
5861,SBAQ,medium_airport,Araraquara Airport,-21.812,-48.132999,2334,BR,Araraquara,SBAQ,AQA,,America/Sao_Paulo,false,true
5862,SBAR,medium_airport,Aracaju - Santa Maria Airport,-10.98394,-37.072873,23,BR,Aracaju,SBAR,AJU,,America/Maceio,false,true
5864,SBAT,medium_airport,Piloto Osvaldo Marques Dias Airport,-9.866389,-56.106298,948,BR,Alta Floresta,SBAT,AFL,,America/Cuiaba,false,true
5865,SBAU,medium_airport,Araçatuba Airport,-21.141479,-50.424575,1358,BR,Araçatuba,SBAU,ARU,,America/Sao_Paulo,false,true
5866,SBAX,medium_airport,Romeu Zema Airport,-19.5632,-46.9604,3276,BR,Araxá,SBAX,AAX,,America/Sao_Paulo,false,true
5867,SBBE,large_airport,Val de Cans/Júlio Cezar Ribeiro International Airport,-1.379279,-48.476207,54,BR,Belém,SBBE,BEL,,America/Belem,false,true
5872,SBBR,large_airport,Presidente Juscelino Kubitschek International Airport,-15.869167,-47.920834,3497,BR,Brasília,SBBR,BSB,,America/Sao_Paulo,false,true
5875,SBBV,large_airport,Atlas Brasil Cantanhede International Airport,2.84615,-60.690648,276,BR,Boa Vista,SBBV,BVB,,America/Boa_Vista,false,true
5878,SBCA,medium_airport,Coronel Adalberto Mendes da Silva Airport,-25.000323,-53.501208,2481,BR,Cascavel,SBCA,CAC,,America/Sao_Paulo,false,true
5882,SBCF,large_airport,Tancredo Neves International Airport,-19.63571,-43.966928,2721,BR,Belo Horizonte,SBCF,CNF,,America/Sao_Paulo,false,true
5883,SBCG,medium_airport,Campo Grande Airport,-20.469998,-54.673988,1833,BR,Campo Grande,SBCG,CGR,,America/Campo_Grande,false,true
5884,SBCH,medium_airport,Serafin Enoss Bertaso Airport,-27.134199,-52.656601,2154,BR,Chapecó,SBCH,XAP,,America/Sao_Paulo,false,true
5886,SBCJ,medium_airport,Carajás Airport,-6.117841,-50.003372,2064,BR,Parauapebas,SBCJ,CKS,,America/Belem,false,true
5889,SBCP,medium_airport,Bartolomeu Lisandro Airport,-21.698299,-41.301701,59,BR,Campos dos Goytacazes,SBCP,CAW,,America/Sao_Paulo,false,true
5890,SBCR,medium_airport,Corumbá International Airport,-19.01193,-57.672772,463,BR,Corumbá,SBCR,CMG,,America/Campo_Grande,false,true
5891,SBCT,large_airport,Curitiba-Afonso Pena International Airport,-25.5285,-49.1758,2988,BR,Curitiba,SBCT,CWB,,America/Sao_Paulo,false,true
5893,SBCX,medium_airport,Hugo Cantergiani Regional Airport,-29.197183,-51.187647,2472,BR,Caxias Do Sul,SBCX,CXJ,,America/Sao_Paulo,false,true
5894,SBCY,large_airport,Várzea Grande–Marechal Rondon International Airport,-15.6529,-56.116699,617,BR,Cuiabá,SBCY,CGB,,America/Cuiaba,false,true
5895,SBCZ,medium_airport,Cruzeiro do Sul Airport,-7.59991,-72.769501,637,BR,Cruzeiro Do Sul,SBCZ,CZS,,America/Rio_Branco,false,true
5896,SBDN,medium_airport,Presidente Prudente Airport,-22.1751,-51.424599,1477,BR,Presidente Prudente,SBDN,PPB,,America/Sao_Paulo,false,true
5897,SBEG,large_airport,Eduardo Gomes International Airport,-3.03861,-60.049702,264,BR,Manaus,SBEG,MAO,,America/Manaus,false,true
5900,SBFI,large_airport,Cataratas International Airport,-25.594167,-54.489444,786,BR,Foz do Iguaçu,SBFI,IGU,,America/Sao_Paulo,false,true
5901,SBFL,large_airport,Hercílio Luz International Airport,-27.670279,-48.552502,16,BR,Florianópolis,SBFL,FLN,,America/Sao_Paulo,false,true
5902,SBFN,medium_airport,Fernando de Noronha Airport,-3.854534,-32.423017,193,BR,Fernando de Noronha,SBFN,FEN,,America/Noronha,false,true
5905,SBFZ,large_airport,Pinto Martins International Airport,-3.775833,-38.532222,83,BR,Fortaleza,SBFZ,FOR,,America/Fortaleza,false,true
5906,SBGL,large_airport,Rio de Janeiro Galeão – Tom Jobim International Airport,-22.809999,-43.250557,28,BR,Rio De Janeiro,SBGL,GIG,,America/Sao_Paulo,false,true
5908,SBGO,large_airport,Santa Genoveva International Airport,-16.632,-49.220699,2450,BR,Goiânia,SBGO,GYN,,America/Sao_Paulo,false,true
5910,SBGR,large_airport,São Paulo/Guarulhos–Governor André Franco Montoro International Airport,-23.431274,-46.469954,2461,BR,São Paulo,SBGR,GRU,,America/Sao_Paulo,false,true
5912,SBGV,medium_airport,Coronel Altino Machado Airport,-18.895882,-41.982869,561,BR,Governador Valadares,SBGV,GVR,,America/Sao_Paulo,false,true
5914,SBHT,medium_airport,Altamira Interstate Airport,-3.253144,-52.253938,368,BR,Altamira,SBHT,ATM,,America/Santarem,false,true
5916,SBIH,medium_airport,Itaituba Airport,-4.242131,-56.000651,110,BR,Itaituba,SBIH,ITB,,America/Santarem,false,true
5917,SBIL,medium_airport,Bahia - Jorge Amado Airport,-14.815929,-39.033458,15,BR,Ilhéus,SBIL,IOS,,America/Bahia,false,true
5918,SBIP,medium_airport,Usiminas Airport,-19.470699,-42.487598,786,BR,Ipatinga,SBIP,IPN,,America/Sao_Paulo,false,true
5920,SBIZ,medium_airport,Prefeito Renato Moreira Airport,-5.53129,-47.459999,430,BR,Imperatriz,SBIZ,IMP,,America/Fortaleza,false,true
323221,SBJE,medium_airport,Comandante Ariston Pessoa Airport,-2.906425,-40.357338,89,BR,Cruz,SBJE,JJD,,America/Fortaleza,false,true
5922,SBJF,medium_airport,Francisco de Assis Airport,-21.791482,-43.386072,2989,BR,Juiz de Fora,SBJF,JDF,,America/Sao_Paulo,false,true
5923,SBJP,large_airport,Presidente Castro Pinto International Airport,-7.148691,-34.950554,217,BR,João Pessoa,SBJP,JPA,,America/Fortaleza,false,true
5925,SBJV,medium_airport,Lauro Carneiro de Loyola Airport,-26.224501,-48.797401,15,BR,Joinville,SBJV,JOI,,America/Sao_Paulo,false,true
5926,SBKG,medium_airport,Presidente João Suassuna Airport,-7.269662,-35.896057,1646,BR,Campina Grande,SBKG,CPV,,America/Fortaleza,false,true
5927,SBKP,large_airport,Viracopos International Airport,-23.007404,-47.134502,2170,BR,Campinas,SBKP,VCP,,America/Sao_Paulo,false,true
5929,SBLJ,medium_airport,Lages Airport,-27.782101,-50.281502,3065,BR,Lages,SBLJ,LAJ,,America/Sao_Paulo,false,true
5931,SBLO,medium_airport,Governor José Richa Airport,-23.334375,-51.128365,1867,BR,Londrina,SBLO,LDB,,America/Sao_Paulo,false,true
5934,SBMA,medium_airport,João Correa da Rocha Airport,-5.36859,-49.138,357,BR,Marabá,SBMA,MAB,,America/Belem,false,true
5938,SBMG,medium_airport,Regional de Maringá - Sílvio Name Júnior Airport,-23.47606,-52.016187,1801,BR,Maringá,SBMG,MGF,,America/Sao_Paulo,false,true
5939,SBMK,medium_airport,Mário Ribeiro Airport,-16.706919,-43.818901,2191,BR,Montes Claros,SBMK,MOC,,America/Sao_Paulo,false,true
5940,SBML,medium_airport,Frank Miloye Milenkowichi–Marília State Airport,-22.196899,-49.926485,2134,BR,Marília,SBML,MII,,America/Sao_Paulo,false,true
5942,SBMO,large_airport,Zumbi dos Palmares International Airport,-9.512559,-35.791839,387,BR,Maceió,SBMO,MCZ,,America/Maceio,false,true
5943,SBMQ,medium_airport,Macapá - Alberto Alcolumbre International Airport,0.050664,-51.072201,56,BR,Macapá,SBMQ,MCP,,America/Belem,false,true
5944,SBMS,medium_airport,Dix-Sept Rosado Airport,-5.20192,-37.3643,76,BR,Mossoró,SBMS,MVF,,America/Fortaleza,false,true
5946,SBMY,medium_airport,Manicoré Airport,-5.81138,-61.278301,174,BR,Manicoré,SBMY,MNX,,America/Manaus,false,true
5947,SBNF,large_airport,Ministro Victor Konder International Airport,-26.879431,-48.650979,18,BR,Navegantes,SBNF,NVT,,America/Sao_Paulo,false,true
5948,SBNM,medium_airport,Santo Ângelo Airport,-28.282503,-54.169623,1056,BR,Santo Ângelo,SBNM,GEL,,America/Sao_Paulo,false,true
5951,SBPA,large_airport,Porto Alegre-Salgado Filho International Airport,-29.993984,-51.167482,11,BR,Porto Alegre,SBPA,POA,,America/Sao_Paulo,false,true
5952,SBPB,medium_airport,Parnaíba - Prefeito Doutor João Silva Filho International Airport,-2.89375,-41.731998,23,BR,Parnaíba,SBPB,PHB,,America/Fortaleza,false,true
5954,SBPF,medium_airport,Lauro Kurtz Airport,-28.243976,-52.32777,2380,BR,Passo Fundo,SBPF,PFB,,America/Sao_Paulo,false,true
517,SBPG,medium_airport,Ponta Grossa Airport - Comandante Antonio Amilton Beraldo,-25.184476,-50.143822,2588,BR,Ponta Grossa,SBPG,PGZ,,America/Sao_Paulo,false,true
5955,SBPJ,medium_airport,Brigadeiro Lysias Rodrigues Airport,-10.2915,-48.356998,774,BR,Palmas,SBPJ,PMW,,America/Araguaina,false,true
5956,SBPK,medium_airport,João Simões Lopes Neto International Airport,-31.717189,-52.327796,59,BR,Pelotas,SBPK,PET,,America/Sao_Paulo,false,true
5957,SBPL,medium_airport,Senador Nilo Coelho Airport,-9.362422,-40.569098,1263,BR,Petrolina,SBPL,PNZ,,America/Recife,false,true
5959,SBPP,medium_airport,Ponta Porã Airport,-22.549601,-55.702599,2156,BR,Ponta Porã,SBPP,PMG,,America/Campo_Grande,false,true
5961,SBPS,large_airport,Porto Seguro International Airport,-16.438426,-39.080584,169,BR,Porto Seguro,SBPS,BPS,,America/Bahia,false,true
5962,SBPV,large_airport,Governador Jorge Teixeira de Oliveira International Airport,-8.708491,-63.902338,295,BR,Porto Velho,SBPV,PVH,,America/Porto_Velho,false,true
5964,SBRB,large_airport,Rio Branco-Plácido de Castro International Airport,-9.869031,-67.893984,633,BR,Rio Branco,SBRB,RBR,,America/Rio_Branco,false,true
575,SBRD,medium_airport,Maestro Marinho Franco Airport,-16.584292,-54.724803,1467,BR,Rondonópolis,SBRD,ROO,,America/Cuiaba,false,true
5965,SBRF,large_airport,Recife/Guararapes - Gilberto Freyre International Airport,-8.12747,-34.922961,33,BR,Recife,SBRF,REC,,America/Recife,false,true
5967,SBRJ,large_airport,Santos Dumont Airport,-22.910397,-43.16282,11,BR,Rio de Janeiro,SBRJ,SDU,,America/Sao_Paulo,false,true
5968,SBRP,medium_airport,Leite Lopes Airport,-21.134314,-47.774053,1805,BR,Ribeirão Preto,SBRP,RAO,,America/Sao_Paulo,false,true
313262,SBSG,large_airport,Rio Grande do Norte/São Gonçalo do Amarante–Governador Aluízio Alves International Airport,-5.769822,-35.36661,273,BR,Natal,SBSG,NAT,,America/Fortaleza,false,true
5970,SBSJ,medium_airport,Professor Urbano Ernesto Stumpf Airport,-23.2292,-45.8615,2120,BR,São José Dos Campos,SBSJ,SJK,,America/Sao_Paulo,false,true
5971,SBSL,large_airport,Marechal Cunha Machado International Airport,-2.586386,-44.235008,178,BR,São Luís,SBSL,SLZ,,America/Fortaleza,false,true
5972,SBSM,medium_airport,Santa Maria Airport,-29.711399,-53.688202,287,BR,Santa Maria,SBSM,RIA,,America/Sao_Paulo,false,true
5973,SBSN,medium_airport,Santarém - Maestro Wilson Fonseca International Airport,-2.422423,-54.79306,198,BR,Santarém,SBSN,STM,,America/Santarem,false,true
5974,SBSP,large_airport,Congonhas–Deputado Freitas Nobre Airport,-23.627657,-46.654601,2631,BR,São Paulo,SBSP,CGH,,America/Sao_Paulo,false,true
5975,SBSR,medium_airport,Prof. Eribelto Manoel Reino State Airport,-20.817113,-49.406963,1784,BR,São José do Rio Preto,SBSR,SJP,,America/Sao_Paulo,false,true
5977,SBSV,large_airport,Deputado Luiz Eduardo Magalhães International Airport,-12.908611,-38.322498,64,BR,Salvador,SBSV,SSA,,America/Bahia,false,true
5979,SBTB,medium_airport,Trombetas Airport,-1.4896,-56.396801,167,BR,Oriximiná,SBTB,TMT,,America/Santarem,false,true
5982,SBTE,medium_airport,Senador Petrônio Portela Airport,-5.06025,-42.823712,219,BR,Teresina,SBTE,THE,,America/Fortaleza,false,true
5983,SBTF,medium_airport,Tefé Airport,-3.38294,-64.724098,186,BR,Tefé,SBTF,TFF,,America/Manaus,false,true
5988,SBTT,medium_airport,Tabatinga International Airport,-4.25567,-69.935799,263,BR,Tabatinga,SBTT,TBT,,America/Manaus,false,true
5989,SBTU,medium_airport,Tucuruí Airport,-3.78601,-49.720299,830,BR,Tucuruí,SBTU,TUR,,America/Belem,false,true
5990,SBUA,medium_airport,São Gabriel da Cachoeira Airport,-0.14835,-66.9855,249,BR,São Gabriel da Cachoeira,SBUA,SJL,,America/Manaus,false,true
5991,SBUF,medium_airport,Paulo Afonso Airport,-9.40088,-38.250599,883,BR,Paulo Afonso,SBUF,PAV,,America/Bahia,false,true
5992,SBUG,medium_airport,Rubem Berta Airport,-29.7822,-57.0382,256,BR,Uruguaiana,SBUG,URG,,America/Sao_Paulo,false,true
5993,SBUL,medium_airport,Ten. Cel. Aviador César Bombonato Airport,-18.883579,-48.225936,3094,BR,Uberlândia,SBUL,UDI,,America/Sao_Paulo,false,true
5995,SBUR,medium_airport,Mário de Almeida Franco Airport,-19.765036,-47.964805,2655,BR,Uberaba,SBUR,UBA,,America/Sao_Paulo,false,true
5997,SBVH,medium_airport,Brigadeiro Camarão Airport,-12.6944,-60.098301,2018,BR,Vilhena,SBVH,BVH,,America/Porto_Velho,false,true
5998,SBVT,large_airport,Eurico de Aguiar Salles International Airport,-20.258,-40.285,34,BR,Vitória,SBVT,VIX,,America/Sao_Paulo,false,true
308204,SBZM,medium_airport,Presidente Itamar Franco Airport,-21.513086,-43.173069,1348,BR,Juiz de Fora,SBZM,IZA,,America/Sao_Paulo,false,true
6001,SCAR,medium_airport,Chacalluta International Airport,-18.348499,-70.338699,167,CL,Arica,SCAR,ARI,,America/Santiago,false,true
6002,SCAT,medium_airport,Desierto de Atacama Airport,-27.2612,-70.779198,670,CL,Copiapo,SCAT,CPO,,America/Santiago,false,true
6003,SCBA,medium_airport,Balmaceda Airport,-45.915968,-71.689499,1722,CL,Balmaceda,SCBA,BBA,,America/Coyhaique,false,true
6007,SCCF,medium_airport,El Loa Airport,-22.498199,-68.903603,7543,CL,Calama,SCCF,CJC,,America/Santiago,false,true
6009,SCCI,large_airport,President Carlos Ibáñez International Airport,-53.002602,-70.854599,139,CL,Punta Arenas,SCCI,PUQ,,America/Punta_Arenas,false,true
6012,SCDA,large_airport,Diego Aracena International Airport,-20.536273,-70.181373,155,CL,Iquique,SCDA,IQQ,,America/Santiago,false,true
6015,SCEL,large_airport,Comodoro Arturo Merino Benítez International Airport,-33.393001556396484,-70.78579711914062,1555,CL,Santiago,SCEL,SCL,,America/Santiago,false,true
6017,SCES,medium_airport,Ricardo García Posada Airport,-26.3111,-69.765198,5240,CL,El Salvador,SCES,ESR,,America/Santiago,false,true
6018,SCFA,large_airport,Andrés Sabella Gálvez International Airport,-23.445274,-70.445232,455,CL,Antofagasta,SCFA,ANF,,America/Santiago,false,true
6025,SCIE,large_airport,Carriel Sur International Airport,-36.77235,-73.062828,26,CL,Concepcion,SCIE,CCP,,America/Santiago,false,true
6026,SCIP,large_airport,Mataveri International Airport,-27.165411,-109.421027,227,CL,Isla De Pascua,SCIP,IPC,,Pacific/Easter,false,true
6027,SCJO,medium_airport,Cañal Bajo Carlos Hott Siebert Airport,-40.611198,-73.060997,187,CL,Osorno,SCJO,ZOS,,America/Santiago,false,true
6031,SCNT,medium_airport,Lieutenant Julio Gallardo Airport,-51.67067,-72.529078,217,CL,Puerto Natales,SCNT,PNT,,America/Punta_Arenas,false,true
314783,SCQP,large_airport,La Araucanía International Airport,-38.9259,-72.6515,333,CL,Temuco,SCQP,ZCO,,America/Santiago,false,true
6040,SCSE,medium_airport,La Florida Airport,-29.916201,-71.199501,481,CL,La Serena-Coquimbo,SCSE,LSC,,America/Santiago,false,true
6043,SCTE,large_airport,El Tepual International Airport,-41.443093,-73.094065,294,CL,Puerto Montt,SCTE,PMC,,America/Santiago,false,true
6048,SCVD,medium_airport,Pichoy Airport,-39.6500015259,-73.0860977173,59,CL,Valdivia,SCVD,ZAL,,America/Santiago,false,true
6053,SECO,medium_airport,Francisco De Orellana Airport,-0.462886,-76.986801,834,EC,Coca,SECO,OCC,,America/Guayaquil,false,true
6054,SECU,medium_airport,Mariscal Lamar Airport,-2.88947,-78.984398,8306,EC,Cuenca,SECU,CUE,,America/Guayaquil,false,true
6055,SEGS,medium_airport,Seymour Galapagos Ecological Airport,-0.453758,-90.2659,207,EC,Isla Baltra,SEGS,GPS,,Pacific/Galapagos,false,true
6056,SEGU,large_airport,José Joaquín de Olmedo International Airport,-2.15742,-79.883598,19,EC,Guayaquil,SEGU,GYE,,America/Guayaquil,false,true
6061,SELT,medium_airport,Cotopaxi International Airport,-0.906833,-78.615799,9205,EC,Latacunga,SELT,LTX,,America/Guayaquil,false,true
6063,SEMC,medium_airport,Coronel E Carvajal Airport,-2.2991700172424316,-78.12079620361328,3452,EC,Macas,SEMC,XMS,,America/Guayaquil,false,true
6066,SEMT,medium_airport,Eloy Alfaro International Airport,-0.9460780024528503,-80.67880249023438,48,EC,Manta,SEMT,MEC,,America/Guayaquil,false,true
308273,SEQM,large_airport,Mariscal Sucre International Airport,-0.125399,-78.354306,7841,EC,Quito,SEQM,UIO,,America/Guayaquil,false,true
6075,SERO,medium_airport,Santa Rosa - Artillery Colonel Victor Larrea International Airport,-3.441986,-79.996957,20,EC,Santa Rosa,SERO,ETR,,America/Guayaquil,false,true
6076,SESA,large_airport,General Ulpiano Paez International Airport,-2.210057,-80.985067,18,EC,Salinas/La Libertad,SESA,SNC,,America/Guayaquil,false,true
6084,SETN,large_airport,Carlos Concha Torres International Airport,0.978519,-79.626602,32,EC,Tachina,SETN,ESM,,America/Guayaquil,false,true
6086,SETU,medium_airport,Lieutenant Colonel Luis A. Mantilla International Airport,0.809506,-77.708099,9649,EC,Tulcán,SETU,TUA,,America/Guayaquil,false,true
6088,SGAS,large_airport,Silvio Pettirossi International Airport,-25.240156,-57.519227,292,PY,Asunción,SGAS,ASU,,America/Asuncion,false,true
29851,SGEN,large_airport,Teniente Ramon A. Ayub Gonzalez International Airport,-27.227537,-55.837584,659,PY,Encarnación,SGEN,ENO,,America/Asuncion,false,true
6091,SGES,large_airport,Guaraní International Airport,-25.457186,-54.839544,846,PY,Ciudad del Este,SGES,AGT,,America/Asuncion,false,true
6099,SKAR,medium_airport,El Eden Airport,4.45278,-75.7664,3990,CO,Armenia,SKAR,AXM,,America/Bogota,false,true
6100,SKAS,medium_airport,Tres De Mayo Airport,0.505228,-76.5008,815,CO,Puerto Asís,SKAS,PUU,,America/Bogota,false,true
6102,SKBG,medium_airport,Palonegro Airport,7.1265,-73.1848,3897,CO,Bucaramanga,SKBG,BGA,,America/Bogota,false,true
6104,SKBO,large_airport,El Dorado International Airport,4.70159,-74.1469,8361,CO,Bogota,SKBO,BOG,,America/Bogota,false,true
6105,SKBQ,large_airport,Ernesto Cortissoz International Airport,10.8896,-74.7808,98,CO,Barranquilla,SKBQ,BAQ,,America/Bogota,false,true
6106,SKBS,medium_airport,José Celestino Mutis Airport,6.20292,-77.3947,80,CO,Bahía Solano,SKBS,BSC,,America/Bogota,false,true
6107,SKBU,medium_airport,Gerardo Tobar López Airport,3.81963,-76.9898,48,CO,Buenaventura,SKBU,BUN,,America/Bogota,false,true
6108,SKCC,medium_airport,Camilo Daza International Airport,7.92757,-72.5115,1096,CO,Cúcuta,SKCC,CUC,,America/Bogota,false,true
6109,SKCG,large_airport,Rafael Nuñez International Airport,10.4424,-75.513,4,CO,Cartagena,SKCG,CTG,,America/Bogota,false,true
6110,SKCL,large_airport,Alfonso Bonilla Aragon International Airport,3.542717,-76.381898,3162,CO,Cali,SKCL,CLO,,America/Bogota,false,true
6112,SKCO,medium_airport,La Florida Airport,1.81442,-78.7492,8,CO,Tumaco,SKCO,TCO,,America/Bogota,false,true
6115,SKCZ,medium_airport,Las Brujas Airport,9.33274,-75.2856,528,CO,Corozal,SKCZ,CZU,,America/Bogota,false,true
6117,SKEJ,medium_airport,Yariguíes Airport,7.02433,-73.8068,412,CO,Barrancabermeja,SKEJ,EJA,,America/Bogota,false,true
6118,SKFL,medium_airport,Gustavo Artunduaga Paredes Airport,1.58919,-75.5644,803,CO,Florencia,SKFL,FLA,,America/Bogota,false,true
6122,SKGP,medium_airport,Guapi Airport,2.57013,-77.897969,164,CO,Guapi,SKGP,GPI,,America/Bogota,false,true
6124,SKIB,medium_airport,Perales Airport,4.42161,-75.1333,2999,CO,Ibagué,SKIB,IBE,,America/Bogota,false,true
6126,SKIP,medium_airport,San Luis Airport,0.861946,-77.671783,9765,CO,Ipiales,SKIP,IPI,,America/Bogota,false,true
6127,SKLC,medium_airport,Antonio Roldán Betancur Airport,7.81196,-76.7164,46,CO,Carepa,SKLC,APO,,America/Bogota,false,true
6130,SKLT,medium_airport,Alfredo Vásquez Cobo International Airport,-4.191147,-69.942003,277,CO,Leticia,SKLT,LET,,America/Bogota,false,true
6132,SKMD,medium_airport,Enrique Olaya Herrera Airport,6.219686,-75.590597,4949,CO,Medellín,SKMD,EOH,,America/Bogota,false,true
6138,SKMR,medium_airport,Los Garzones Airport,8.82374,-75.8258,41,CO,Montería,SKMR,MTR,,America/Bogota,false,true
6139,SKMU,medium_airport,Fabio Alberto Leon Bentley Airport,1.25366,-70.2339,680,CO,Mitú,SKMU,MVP,,America/Bogota,false,true
6140,SKMZ,medium_airport,La Nubia Airport,5.0296,-75.4647,6871,CO,Manizales,SKMZ,MZL,,America/Bogota,false,true
6141,SKNV,medium_airport,Benito Salas Airport,2.95015,-75.294,1464,CO,Neiva,SKNV,NVA,,America/Bogota,false,true
6146,SKPC,medium_airport,German Olano Airport,6.18472,-67.4932,177,CO,Puerto Carreño,SKPC,PCR,,America/Bogota,false,true
6147,SKPD,medium_airport,Obando Cesar Gaviria Trujillo Airport,3.85353,-67.9062,460,CO,Puerto Inírida,SKPD,PDA,,America/Bogota,false,true
6148,SKPE,medium_airport,Matecaña International Airport,4.81267,-75.7395,4416,CO,Pereira,SKPE,PEI,,America/Bogota,false,true
6151,SKPP,medium_airport,Guillermo León Valencia Airport,2.454359,-76.609253,5687,CO,Popayán,SKPP,PPN,,America/Bogota,false,true
6154,SKPS,medium_airport,Antonio Nariño Airport,1.396722,-77.29093,5951,CO,Chachagüí,SKPS,PSO,,America/Bogota,false,true
6155,SKPV,medium_airport,El Embrujo Airport,13.357461,-81.357977,10,CO,Providencia,SKPV,PVA,,America/Bogota,false,true
6158,SKRG,large_airport,Jose Maria Córdova International Airport,6.16454,-75.4231,6955,CO,Medellín,SKRG,MDE,,America/Bogota,false,true
6159,SKRH,medium_airport,Almirante Padilla Airport,11.5262,-72.926,43,CO,Riohacha,SKRH,RCH,,America/Bogota,false,true
6160,SKSJ,medium_airport,Jorge E. Gonzalez Torres Airport,2.57969,-72.6394,605,CO,San José Del Guaviare,SKSJ,SJE,,America/Bogota,false,true
6161,SKSM,medium_airport,Simón Bolívar International Airport,11.1196,-74.2306,22,CO,Santa Marta,SKSM,SMR,,America/Bogota,false,true
6163,SKSP,large_airport,Gustavo Rojas Pinilla International Airport,12.5836,-81.7112,19,CO,San Andrés,SKSP,ADZ,,America/Bogota,false,true
6164,SKSV,medium_airport,Eduardo Falla Solano Airport,2.15217,-74.7663,920,CO,San Vicente Del Caguán,SKSV,SVI,,America/Bogota,false,true
6168,SKTM,medium_airport,Gustavo Vargas Airport,6.45108,-71.7603,1050,CO,Tame,SKTM,TME,,America/Bogota,false,true
6171,SKUC,medium_airport,Santiago Perez Airport,7.06888,-70.7369,420,CO,Arauca,SKUC,AUC,,America/Bogota,false,true
6172,SKUI,medium_airport,El Caraño Airport,5.69076,-76.6412,204,CO,Quibdó,SKUI,UIB,,America/Bogota,false,true
6176,SKVP,medium_airport,Alfonso López Pumarejo Airport,10.435,-73.2495,483,CO,Valledupar,SKVP,VUP,,America/Bogota,false,true
6177,SKVV,medium_airport,Vanguardia Airport,4.16787,-73.6138,1394,CO,Villavicencio,SKVV,VVC,,America/Bogota,false,true
6178,SKYP,medium_airport,El Alcaravan - Yopal Airport,5.31911,-72.384,1028,CO,Yopal,SKYP,EYP,,America/Bogota,false,true
333229,SLAL,large_airport,Alcantarí International Airport,-19.246835,-65.149611,10184,BO,Sucre,SLAL,SRE,,America/La_Paz,false,true
6180,SLCB,large_airport,Jorge Wilsterman International Airport,-17.421105,-66.177102,8360,BO,Cochabamba,SLCB,CBB,,America/La_Paz,false,true
6182,SLCO,medium_airport,Capitán Aníbal Arab Airport,-11.039109,-68.782774,889,BO,Cobija,SLCO,CIJ,,America/La_Paz,false,true
6183,SLET,medium_airport,El Trompillo Airport,-17.8115997314,-63.1715011597,1371,BO,Santa Cruz,SLET,SRZ,,America/La_Paz,false,true
512154,SLGM,medium_airport,Guayaramerín Airport,-10.88856,-65.380955,456,BO,Guayaramerín,SLGM,GYA,,America/La_Paz,false,true
6184,SLLP,large_airport,El Alto International Airport,-16.510272,-68.189416,13355,BO,La Paz / El Alto,SLLP,LPB,,America/La_Paz,false,true
6185,SLOR,large_airport,Juan Mendoza International Airport,-17.956151,-67.075829,12152,BO,Oruro,SLOR,ORU,,America/La_Paz,false,true
6187,SLPS,medium_airport,Capitán Av. Salvador Ogaya G. airport,-18.975301,-57.820599,440,BO,Puerto Suárez,SLPS,PSZ,,America/La_Paz,false,true
30334,SLRI,medium_airport,Capitán Av. Selin Zeitun Lopez Airport,-11.009355,-66.075468,462,BO,Riberalta,SLRI,RIB,,America/La_Paz,false,true
6190,SLTJ,medium_airport,Capitan Oriel Lea Plaza Airport,-21.5557,-64.701302,6079,BO,Tarija,SLTJ,TJA,,America/La_Paz,false,true
6191,SLTR,medium_airport,Teniente Av. Jorge Henrich Arauz Airport,-14.8187,-64.917999,509,BO,Trinidad,SLTR,TDD,,America/La_Paz,false,true
39473,SLUY,large_airport,Joya Andina International Airport,-20.441304,-66.857553,11136,BO,Quijarro,SLUY,UYU,,America/La_Paz,false,true
6193,SLVR,large_airport,Viru Viru International Airport,-17.6448,-63.135399,1224,BO,Santa Cruz,SLVR,VVI,,America/La_Paz,false,true
6195,SMJP,large_airport,Johan Adolf Pengel International Airport,5.45283,-55.187801,59,SR,Paramaribo,SMJP,PBM,,America/Paramaribo,false,true
6198,SOCA,large_airport,Cayenne – Félix Eboué Airport,4.819964,-52.361326,26,GF,Matoury,SOCA,CAY,,America/Cayenne,false,true
31941,SOOA,medium_airport,Maripasoula Airport,3.655907,-54.039431,406,GF,Maripasoula,SOOA,MPY,,America/Cayenne,false,true
31803,SOOM,medium_airport,Saint-Laurent-du-Maroni Airport,5.481891,-54.034964,16,GF,Saint-Laurent-du-Maroni,SOOM,LDX,,America/Cayenne,false,true
6205,SPCL,large_airport,Cap FAP David Abenzur Rengifo International Airport,-8.378064,-74.574495,513,PE,Pucallpa,SPCL,PCL,,America/Lima,false,true
6208,SPEO,medium_airport,FAP Lieutenant Jaime Andres de Montreuil Morales Airport,-9.14961,-78.523804,69,PE,Chimbote,SPEO,CHM,,America/Lima,false,true
6213,SPHI,large_airport,Capitán FAP José A. Quiñones González International Airport,-6.789223,-79.828254,97,PE,Chiclayo,SPHI,CIX,,America/Lima,false,true
6214,SPHO,medium_airport,Air Force Colonel Alfredo Mendivil Duarte Airport,-13.1548,-74.204399,8917,PE,Ayacucho,SPHO,AYP,,America/Lima,false,true
6217,SPIM,large_airport,Jorge Chávez International Airport,-12.0219,-77.114305,113,PE,Lima,SPJC,LIM,,America/Lima,false,true
6219,SPJE,medium_airport,Shumba Airport,-5.59248,-78.774002,2477,PE,Jaén,SPJE,JAE,,America/Lima,false,true
6221,SPJJ,medium_airport,Francisco Carle Airport,-11.7831001282,-75.47339630130001,11034,PE,Jauja,SPJJ,JAU,,America/Lima,false,true
6222,SPJL,large_airport,Inca Manco Capac International Airport,-15.467689,-70.15653,12552,PE,Juliaca,SPJL,JUL,,America/Lima,false,true
6223,SPJR,medium_airport,Mayor General FAP Armando Revoredo Iglesias Airport,-7.13918,-78.489403,8781,PE,Cajamarca,SPJR,CJA,,America/Lima,false,true
6224,SPLO,medium_airport,General Jorge Fernandez Maldon Airport,-17.695,-71.344002,72,PE,Ilo,SPLO,ILQ,,America/Lima,false,true
6226,SPME,medium_airport,Captain Pedro Canga Rodríguez International Airport,-3.552074,-80.381086,115,PE,Tumbes,SPME,TBP,,America/Lima,false,true
6228,SPMS,medium_airport,Moises Benzaquen Rengifo Airport,-5.89377,-76.118202,587,PE,Yurimaguas,SPMS,YMS,,America/Lima,false,true
6229,SPNC,medium_airport,Alferez Fap David Figueroa Fernandini Airport,-9.878809928894043,-76.20480346679688,6070,PE,Huánuco,SPNC,HUU,,America/Lima,false,true
6231,SPPY,medium_airport,Chachapoyas Airport,-6.201911,-77.856195,8333,PE,Chachapoyas,SPPY,CHH,,America/Lima,false,true
6232,SPQT,large_airport,Coronel FAP Francisco Secada Vignetta International Airport,-3.78474,-73.3088,306,PE,Iquitos,SPQT,IQT,,America/Lima,false,true
6233,SPQU,large_airport,Rodríguez Ballón International Airport,-16.340786,-71.569485,8405,PE,Arequipa,SPQU,AQP,,America/Lima,false,true
6235,SPRU,large_airport,Capitán FAP Carlos Martínez de Pinillos International Airport,-8.082382,-79.108821,106,PE,Trujillo,SPRU,TRU,,America/Lima,false,true
6237,SPST,medium_airport,Cadete FAP Guillermo Del Castillo Paredes Airport,-6.508739948272705,-76.37319946289062,869,PE,Tarapoto,SPST,TPP,,America/Lima,false,true
6238,SPTN,medium_airport,Coronel FAP Carlos Ciriani Santa Rosa International Airport,-18.053300857500002,-70.2758026123,1538,PE,Tacna,SPTN,TCQ,,America/Lima,false,true
6239,SPTU,medium_airport,Padre Aldamiz International Airport,-12.6135997772,-69.2285995483,659,PE,Puerto Maldonado,SPTU,PEM,,America/Lima,false,true
6240,SPUR,medium_airport,PAF Captain Guillermo Concha Iberico International Airport,-5.20575,-80.616402,120,PE,Piura,SPUR,PIU,,America/Lima,false,true
6241,SPYL,medium_airport,Captain Victor Montes Arias International Airport,-4.57664,-81.254097,282,PE,Talara,SPYL,TYL,,America/Lima,false,true
6242,SPZA,medium_airport,Maria Reiche Neuman Airport,-14.854,-74.961502,1860,PE,Nazca,SPZA,NZC,,America/Lima,false,true
6243,SPZO,large_airport,Alejandro Velasco Astete International Airport,-13.535699844400002,-71.9387969971,10860,PE,Cusco,SPZO,CUZ,,America/Lima,false,true
6246,SULS,medium_airport,Capitan Corbeta CA Curbelo International Airport,-34.855099,-55.094299,95,UY,Punta del Este,SULS,PDP,,America/Montevideo,false,true
6247,SUMU,large_airport,Carrasco General Cesáreo L. Berisso International Airport,-34.835647,-56.026497,105,UY,Ciudad de la Costa,SUMU,MVD,,America/Montevideo,false,true
32240,SURV,medium_airport,Pres. Gral. Óscar D. Gestido Binational Airport,-30.9746,-55.4762,712,UY,Rivera/Santana do Livramento,SURV,RVY,,America/Montevideo,false,true
6255,SVBC,large_airport,General José Antonio Anzoategui International Airport,10.111111,-64.692222,30,VE,Barcelona,SVBC,BLA,,America/Caracas,false,true
6256,SVBI,medium_airport,Barinas Airport,8.615,-70.214167,615,VE,Barinas,SVBI,BNS,,America/Caracas,false,true
6259,SVBM,large_airport,Jacinto Lara International Airport,10.042747,-69.35862,2042,VE,Barquisimeto,SVBM,BRM,,America/Caracas,false,true
6268,SVCN,medium_airport,Canaima Airport,6.231989,-62.85485,1450,VE,Canaima,SVCN,CAJ,,America/Caracas,false,true
6270,SVCP,medium_airport,General Francisco Bermúdez Airport,10.660014,-63.261681,33,VE,Carúpano,SVCP,CUP,,America/Caracas,false,true
6271,SVCR,medium_airport,José Leonardo Chirinos Airport,11.414944,-69.680901,52,VE,Coro,SVCR,CZE,,America/Caracas,false,true
6273,SVCU,medium_airport,Antonio José de Sucre Airport,10.450333,-64.13047,14,VE,Cumaná,SVCU,CUM,,America/Caracas,false,true
6292,SVJC,medium_airport,Josefa Camejo International Airport,11.780775,-70.151497,75,VE,Paraguaná,SVJC,LSP,,America/Caracas,false,true
6297,SVMC,large_airport,La Chinita International Airport,10.557542,-71.729307,239,VE,Maracaibo,SVMC,MAR,,America/Caracas,false,true
6299,SVMG,large_airport,Del Caribe Santiago Mariño International Airport,10.912603,-63.966599,74,VE,Isla Margarita,SVMG,PMV,,America/Caracas,false,true
6300,SVMI,large_airport,Maiquetía Simón Bolívar International Airport,10.602214,-66.991174,234,VE,Maiquetía,SVMI,CCS,,America/Caracas,false,true
6302,SVMT,medium_airport,José Tadeo Monagas International Airport,9.749023,-63.153348,224,VE,Maturín,SVMT,MUN,,America/Caracas,false,true
6315,SVPR,large_airport,General Manuel Carlos Piar International Airport,8.28853,-62.760399,472,VE,Guyana City,SVPR,PZO,,America/Caracas,false,true
6321,SVSA,medium_airport,Juan Vicente Gómez International Airport,7.840809,-72.439878,1312,VE,San Antonio del Tachira,SVSA,SVZ,,America/Caracas,false,true
6323,SVSE,medium_airport,Santa Elena de Uairén Airport,4.554699,-61.145234,2938,VE,Santa Elena de Uairén,SVSE,SNV,,America/Caracas,false,true
6325,SVSO,medium_airport,Mayor Buenaventura Vivas International Airport,7.56538,-72.035103,1083,VE,Santo Domingo,SVSO,STD,,America/Caracas,false,true
6328,SVST,medium_airport,San Tomé Airport,8.9451465606689,-64.151084899902,861,VE,El Tigre,SVST,SOM,,America/Caracas,false,true
6334,SVVA,large_airport,Arturo Michelena International Airport,10.149733,-67.928398,1411,VE,Valencia,SVVA,VLN,,America/Caracas,false,true
6335,SVVG,medium_airport,Juan Pablo Pérez Alfonso Airport,8.624139,-71.672668,250,VE,El Vigía,SVVG,VIG,,America/Caracas,false,true
6336,SVVL,medium_airport,Dr. Antonio Nicolás Briceño Airport,9.340478,-70.584061,2060,VE,Valera,SVVL,VLV,,America/Caracas,false,true
538,SWGN,medium_airport,Araguaína Airport,-7.22787,-48.240501,771,BR,Araguaína,SWGN,AUX,,America/Araguaina,false,true
6356,SYCJ,large_airport,Cheddi Jagan International Airport,6.49855,-58.254101,95,GY,Georgetown,SYCJ,GEO,,America/Guyana,false,true
41513,SYGO,medium_airport,Eugene F. Correia International Airport,6.805881,-58.107657,10,GY,Ogle,SYEC,OGL,,America/Guyana,false,true
43226,SYKA,medium_airport,Kaieteur Airport,5.177349,-59.48898,1520,GY,Kaieteur Falls,SYKA,KAI,,America/Guyana,false,true
6358,SYLT,medium_airport,Lethem Airport,3.37276,-59.789398,351,GY,Lethem,SYLT,LTM,,America/Guyana,false,true
6359,TAPA,large_airport,V. C. Bird International Airport,17.1367,-61.792702,62,AG,Osbourn,TAPA,ANU,,America/Antigua,false,true
6360,TBPB,large_airport,Grantley Adams International Airport,13.074667,-59.491034,169,BB,Bridgetown,TBPB,BGI,,America/Barbados,false,true
6361,TDCF,medium_airport,Canefield Airport,15.336693,-61.392108,13,DM,Canefield,TDCF,DCF,,America/Dominica,false,true
6362,TDPD,medium_airport,Douglas-Charles Airport,15.546673,-61.301082,73,DM,Marigot,TDPD,DOM,,America/Dominica,false,true
6363,TFFF,large_airport,Martinique Aimé Césaire International Airport,14.591,-61.003201,16,MQ,Fort-de-France,TFFF,FDF,,America/Martinique,false,true
6364,TFFG,medium_airport,Grand Case-l'Espérance Airport,18.100057,-63.047444,7,MF,Grand Case,TFFG,SFG,,America/Marigot,false,true
32249,TFFJ,medium_airport,St. Jean Airport,17.904398,-62.843333,49,BL,Gustavia,TFFJ,SBH,,America/St_Barthelemy,false,true
6365,TFFM,medium_airport,Marie-Galante Airport,15.868925,-61.270087,16,GP,Grand-Bourg,TFFM,GBJ,,America/Guadeloupe,false,true
6366,TFFR,large_airport,Maryse Condé International Airport,16.265443,-61.532754,36,GP,Pointe-à-Pitre,TFFR,PTP,,America/Guadeloupe,false,true
6367,TGPY,large_airport,Maurice Bishop International Airport,12.003996,-61.785302,41,GD,Saint George's,TGPY,GND,,America/Grenada,false,true
6369,TIST,large_airport,Cyril E. King Airport,18.337091,-64.977251,23,US,Charlotte Amalie,TIST,STT,VI,America/St_Thomas,true,true
6370,TISX,medium_airport,Henry E. Rohlsen Airport,17.701413,-64.802608,74,US,Christiansted,TISX,STX,VI,America/St_Thomas,true,true
6379,TJBQ,medium_airport,Rafael Hernández International Airport,18.4949,-67.129402,237,US,Aguadilla,TJBQ,BQN,PR,America/Puerto_Rico,true,true
42320,TJCP,medium_airport,Benjamin Rivera Noriega Airport,18.312954,-65.303893,49,US,Culebra,TJCP,CPX,PR,America/Puerto_Rico,true,true
6381,TJIG,medium_airport,Fernando Luis Ribas Dominicci Airport,18.45680046081543,-66.09809875488281,10,US,San Juan,TJIG,SIG,PR,America/Puerto_Rico,true,true
6382,TJMZ,medium_airport,Eugenio Maria De Hostos Airport,18.255699,-67.148499,28,US,Mayaguez,TJMZ,MAZ,PR,America/Puerto_Rico,true,true
6383,TJPS,medium_airport,Mercedita International Airport,18.008301,-66.563004,29,US,Ponce,TJPS,PSE,PR,America/Puerto_Rico,true,true
42321,TJRV,medium_airport,José Aponte de la Torre Airport,18.247262,-65.63979,38,US,Ceiba,TJRV,NRR,PR,America/Puerto_Rico,true,true
6384,TJSJ,large_airport,Luis Munoz Marin International Airport,18.4394,-66.001801,9,US,San Juan,TJSJ,SJU,PR,America/Puerto_Rico,true,true
6385,TJVQ,medium_airport,Antonio Rivera Rodriguez Airport,18.1348,-65.493599,49,US,Vieques,TJVQ,VQS,PR,America/Puerto_Rico,true,true
6386,TKPK,large_airport,Robert L. Bradshaw International Airport,17.310845,-62.719117,170,KN,Basseterre,TKPK,SKB,,America/St_Kitts,false,true
6387,TKPN,medium_airport,Vance W. Amory International Airport,17.2057,-62.589901,14,KN,Charlestown,TKPN,NEV,,America/St_Kitts,false,true
6388,TLPC,medium_airport,George F. L. Charles Airport,14.0202,-60.992901,22,LC,Castries,TLPC,SLU,,America/St_Lucia,false,true
6389,TLPL,large_airport,Hewanorra International Airport,13.7332,-60.952599,14,LC,Vieux Fort,TLPL,UVF,,America/St_Lucia,false,true
44383,TM-0002,medium_airport,Balkanabat International Airport,39.681052,54.206008,-26,TM,Balkanabat,UTAN,BKN,,Asia/Ashgabat,false,true
6402,TNCA,large_airport,Queen Beatrix International Airport,12.501056,-70.014281,60,AW,Oranjestad,TNCA,AUA,,America/Aruba,false,true
6403,TNCB,large_airport,Flamingo International Airport,12.131,-68.268501,20,BQ,Kralendijk,TNCB,BON,,America/Kralendijk,false,true
6404,TNCC,large_airport,Hato International Airport,12.1889,-68.959801,29,CW,Willemstad,TNCC,CUR,,America/Curacao,false,true
6405,TNCE,medium_airport,F. D. Roosevelt Airport,17.4965,-62.979401,129,BQ,Oranjestad,TNCE,EUX,,America/Kralendijk,false,true
6406,TNCM,large_airport,Princess Juliana International Airport,18.041,-63.108898,13,SX,Sint Maarten,TNCM,SXM,,America/Lower_Princes,false,true
32245,TNCS,medium_airport,Juancho E. Yrausquin Airport,17.64533,-63.220514,60,BQ,Zion's Hill,TNCS,SAB,,America/Kralendijk,false,true
6407,TQPF,medium_airport,Clayton J. Lloyd International Airport,18.204773,-63.05383,127,AI,The Valley,TQPF,AXA,,America/Anguilla,false,true
43074,TRPG,large_airport,John A. Osborne Airport,16.791835,-62.193204,550,MS,Gerald's Park,TRPG,MNI,,America/Montserrat,false,true
6409,TTCP,large_airport,A.N.R. Robinson International Airport,11.149571,-60.831298,38,TT,Scarborough,TTCP,TAB,,America/Port_of_Spain,false,true
6410,TTPP,large_airport,Piarco International Airport,10.59535,-61.337568,58,TT,Port of Spain,TTPP,POS,,America/Port_of_Spain,false,true
6411,TUPJ,large_airport,Terrance B. Lettsome International Airport,18.445492,-64.541707,15,VG,Beef Island,TUPJ,EIS,,America/Tortola,false,true
32575,TUPW,medium_airport,Virgin Gorda Airport,18.446634,-64.427932,9,VG,Spanish Town,TUPW,VIJ,,America/Tortola,false,true
322383,TVSA,large_airport,Argyle International Airport,13.159725,-61.148801,136,VC,Kingstown,TVSA,SVD,,America/St_Vincent,false,true
6412,TVSB,medium_airport,J F Mitchell Airport,12.9884,-61.262001,15,VC,Bequia,TVSB,BQU,,America/St_Vincent,false,true
6413,TVSC,medium_airport,Canouan Airport,12.699,-61.3424,11,VC,Canouan,TVSC,CIW,,America/St_Vincent,false,true
6414,TVSM,medium_airport,Mustique Airport,12.8879,-61.180199,8,VC,Lovell,TVSM,MQS,,America/St_Vincent,false,true
32542,TVSU,medium_airport,Union Island International Airport,12.600135,-61.411945,16,VC,Union Island,TVSU,UNI,,America/St_Vincent,false,true
6416,TXKF,large_airport,L.F. Wade International Airport,32.363802,-64.67824,12,BM,Hamilton,TXKF,BDA,,Atlantic/Bermuda,false,true
6421,UAAA,large_airport,Almaty International Airport,43.354267,77.042828,2234,KZ,Almaty,UAAA,ALA,,Asia/Almaty,false,true
6422,UAAH,medium_airport,Balkhash Airport,46.894246,75.004533,1446,KZ,Balkhash,UAAH,BXH,,Asia/Almaty,false,true
41868,UAAT,medium_airport,Taldykorgan Airport,45.12255,78.442758,1925,KZ,Taldykorgan,UAAT,TDK,,Asia/Almaty,false,true
6423,UACC,large_airport,Nursultan Nazarbayev International Airport,51.027035,71.467094,1165,KZ,Astana,UACC,NQZ,,Asia/Almaty,false,true
31768,UACK,large_airport,Kokshetau International Airport,53.329102,69.594597,900,KZ,Kokshetau,UACK,KOV,,Asia/Almaty,false,true
32495,UACP,large_airport,Petropavl International Airport,54.775622,69.187415,453,KZ,Petropavl,UACP,PPK,,Asia/Almaty,false,true
6424,UADD,large_airport,Taraz International Airport,42.8536,71.303596,2184,KZ,Taraz,UADD,DMB,,Asia/Almaty,false,true
6426,UAFM,large_airport,Manas International Airport,43.061298,74.4776,2058,KG,Bishkek,UCFM,BSZ,,Asia/Bishkek,false,true
6427,UAFO,large_airport,Osh International Airport,40.609001,72.793297,2927,KG,Osh,UCFO,OSS,,Asia/Bishkek,false,true
32496,UAFP,medium_airport,Karakol International Airport,42.508099,78.407799,5590,KG,Karakol,UCFK,IKG,,Asia/Bishkek,false,true
6429,UAII,large_airport,Shymkent International Airport,42.365021,69.47564,1385,KZ,Shymkent,UAII,CIT,,Asia/Almaty,false,true
337747,UAIT,large_airport,Hazrat Sultan International Airport,43.311087,68.550352,951,KZ,Turkıstan,UAIT,HSA,,Asia/Almaty,false,true
6430,UAKD,large_airport,Zhezkazgan National Airport,47.708953,67.738094,1250,KZ,Zhezkazgan,UAKD,DZN,,Asia/Almaty,false,true
6431,UAKK,large_airport,Sary-Arka Airport,49.670799,73.334396,1765,KZ,Karaganda,UAKK,KGF,,Asia/Almaty,false,true
44336,UAOL,large_airport,Baikonur Krayniy International Airport,45.621994,63.210773,317,KZ,Baikonur,UAOL,BXY,,Asia/Qyzylorda,false,true
31794,UAOO,large_airport,Korkyt Ata International Airport,44.706902,65.592499,433,KZ,Kyzylorda,UAOO,KZO,,Asia/Qyzylorda,false,true
6432,UARR,large_airport,Manshuk Mametova International Airport,51.151976,51.543652,125,KZ,Uralsk,UARR,URA,,Asia/Oral,false,true
6433,UASK,large_airport,Oskemen International Airport,50.035033,82.496057,939,KZ,Ust-Kamenogorsk (Oskemen),UASK,UKK,,Asia/Almaty,false,true
6434,UASP,large_airport,Pavlodar International Airport,52.194982,77.073088,410,KZ,Pavlodar,UASP,PWQ,,Asia/Almaty,false,true
6435,UASS,large_airport,Semei International Airport,50.351295,80.234398,761,KZ,Semey,UASS,PLX,,Asia/Almaty,false,true
6436,UATE,large_airport,Aktau International Airport,43.860093,51.09086,73,KZ,Aktau,UATE,SCO,,Asia/Aqtau,false,true
6437,UATG,large_airport,Atyrau International Airport,47.121318,51.820343,-72,KZ,Atyrau,UATG,GUW,,Asia/Atyrau,false,true
6438,UATT,large_airport,Aktobe International Airport,50.248116,57.204144,738,KZ,Aktobe,UATT,AKX,,Asia/Aqtobe,false,true
6439,UAUU,large_airport,Kostanay International Airport,53.206902,63.550301,595,KZ,Kostanay,UAUU,KSN,,Asia/Qostanay,false,true
6440,UBBB,large_airport,Heydar Aliyev International Airport,40.47278,50.050931,10,AZ,Baku,UBBB,GYD,,Asia/Baku,false,true
6441,UBBG,large_airport,Ganja International Airport,40.738692,46.320383,1083,AZ,Ganja,UBBG,GNJ,,Asia/Baku,false,true
6442,UBBN,large_airport,Nakhchivan International Airport,39.188801,45.458401,2863,AZ,Nakhchivan,UBBN,NAJ,,Asia/Baku,false,true
300740,UBBQ,medium_airport,Gabala International Airport,40.808617,47.725389,935,AZ,Gabala,UBBQ,GBB,,Asia/Baku,false,true
607870,UBLC,medium_airport,Lachin International Airport,39.883787,46.363137,5577,AZ,Lachin,UBLC,LHL,,Asia/Baku,false,true
6425,UCFL,large_airport,Issyk-Kul International Airport,42.585584,76.701181,5425,KG,Tamchy,UCFL,IKU,,Asia/Bishkek,false,true
6444,UDSG,large_airport,Shirak International Airport,40.750401,43.859299,5000,AM,Gyumri,UDSG,LWN,,Asia/Yerevan,false,true
6446,UDYZ,large_airport,Zvartnots International Airport,40.148941,44.397887,2838,AM,Yerevan,UDYZ,EVN,,Asia/Yerevan,false,true
6447,UEEE,large_airport,Platon Oyunsky Yakutsk International Airport,62.0933,129.770996,325,RU,Yakutsk,UEEE,YKS,,Asia/Yakutsk,false,true
5751,UELL,medium_airport,Chulman Airport,56.913898468018,124.91400146484,2812,RU,Neryungri,UELL,NER,,Asia/Yakutsk,false,true
32509,UEMA,medium_airport,Moma Airport,66.450861,143.261551,656,RU,Khonuu,UEMA,MQJ,,Asia/Srednekolymsk,false,true
32510,UEMO,medium_airport,Olyokminsk Airport,60.401833,120.476094,656,RU,Olyokminsk,UEMO,OLZ,,Asia/Yakutsk,false,true
44662,UEMT,medium_airport,Ust-Nera Airport,64.550003,143.115005,1805,RU,Ust-Nera,UEMT,USR,,Asia/Ust-Nera,false,true
43006,UENW,medium_airport,Vilyuisk Airport,63.756668,121.693336,361,RU,Vilyuisk,UENW,VYI,,Asia/Yakutsk,false,true
32512,UERL,medium_airport,Lensk Airport,60.723594,114.825319,801,RU,Lensk,UERL,ULK,,Asia/Yakutsk,false,true
6448,UERP,medium_airport,Polyarny Airport,66.400398,112.029999,1660,RU,Yakutia,UERP,PYJ,,Asia/Yakutsk,false,true
6449,UERR,medium_airport,Mirny Airport,62.534698486328125,114.03900146484375,1156,RU,Mirny,UERR,MJZ,,Asia/Yakutsk,false,true
44870,UERS,medium_airport,Saskylakh Airport,71.927902,114.080002,,RU,Saskylakh,UERS,SYS,,Asia/Yakutsk,false,true
316761,UESK,medium_airport,Srednekolymsk Airport,67.4805,153.7364,60,RU,Srednekolymsk,,SEK,,Asia/Srednekolymsk,false,true
32514,UESO,medium_airport,Chokurdakh Airport,70.6231,147.901993,151,RU,Chokurdah,UESO,CKH,,Asia/Srednekolymsk,false,true
30870,UESS,medium_airport,Cherskiy Airport,68.740601,161.337997,20,RU,Cherskiy,UESS,CYX,,Asia/Srednekolymsk,false,true
6450,UEST,medium_airport,Tiksi Airport,71.697700500488,128.90299987793,26,RU,Tiksi,UEST,IKS,,Asia/Yakutsk,false,true
42980,UESU,medium_airport,Zyryanka Airport,65.7485,150.8889,140,RU,Zyryanka,UESU,ZKP,,Asia/Srednekolymsk,false,true
43684,UEVV,medium_airport,Zhigansk Airport,66.7965011597,123.361000061,292,RU,Zhigansk,UEVV,ZIX,,Asia/Yakutsk,false,true
315271,UG-0002,medium_airport,Savannah Airstrip,-0.7165,29.6997,3600,UG,Kihihi,,KHX,,Africa/Kampala,false,true
6451,UGKO,large_airport,David the Builder Kutaisi International Airport,42.177448,42.485353,223,GE,Kopitnari,UGKO,KUT,,Asia/Tbilisi,false,true
6452,UGSB,large_airport,Alexander Kartveli Batumi International Airport,41.60939,41.600315,105,GE,Batumi,UGSB,BUS,,Asia/Tbilisi,false,true
3092,UGSS,medium_airport,Vladislav Ardzinba Sukhum International Airport,42.8582,41.128101,53,GE,Sukhumi,UGSS,SUI,,Asia/Tbilisi,false,true
6453,UGTB,large_airport,Tbilisi International Airport,41.669201,44.9547,1624,GE,Tbilisi,UGTB,TBS,,Asia/Tbilisi,false,true
6454,UHBB,medium_airport,Ignatyevo Airport,50.426723,127.415502,638,RU,Blagoveschensk,UHBB,BQS,,Asia/Yakutsk,false,true
6455,UHHH,medium_airport,Khabarovsk Novy Airport,48.528338,135.188588,244,RU,Khabarovsk,UHHH,KHV,,Asia/Vladivostok,false,true
31790,UHKK,medium_airport,Komsomolsk-on-Amur Airport,50.409,136.934006,92,RU,Komsomolsk-on-Amur,UHKK,KXK,,Asia/Vladivostok,false,true
6456,UHMA,medium_airport,Ugolny Yuri Ryktheu Airport,64.734902,177.740997,194,RU,Anadyr,UHMA,DYR,,Asia/Anadyr,false,true
44473,UHMK,medium_airport,Keperveem Airport,67.845001,166.139999,623,RU,Keperveem,UHMK,KPW,,Asia/Anadyr,false,true
6458,UHMM,medium_airport,Sokol Airport,59.9109992980957,150.72000122070312,574,RU,Magadan,UHMM,GDX,,Asia/Magadan,false,true
6459,UHMP,medium_airport,Pevek Airport,69.783302,170.597,11,RU,Apapelgino,UHMP,PWE,,Asia/Anadyr,false,true
44611,UHNN,medium_airport,Nikolayevsk-na-Amure Airport,53.154999,140.649994,170,RU,Nikolayevsk-na-Amure Airport,UHNN,NLI,,Asia/Vladivostok,false,true
35177,UHOO,medium_airport,Okhotsk Airport,59.410065,143.056503,45,RU,Okhotsk,UHOO,OHO,,Asia/Vladivostok,false,true
6460,UHPP,large_airport,Yelizovo Airport,53.168716,158.451068,131,RU,Petropavlovsk-Kamchatsky,UHPP,PKC,,Asia/Kamchatka,false,true
6461,UHSS,large_airport,Yuzhno-Sakhalinsk International Airport,46.885461,142.717466,59,RU,Yuzhno-Sakhalinsk,UHSS,UUS,,Asia/Sakhalin,false,true
6462,UHWW,large_airport,Vladivostok International Airport,43.396256,132.148155,59,RU,Artyom,UHWW,VVO,,Asia/Vladivostok,false,true
6463,UIAA,large_airport,Chita-Kadala International Airport,52.024841,113.305839,2272,RU,Chita,UIAA,HTA,,Asia/Chita,false,true
6464,UIBB,medium_airport,Bratsk Airport,56.3696,101.701822,1610,RU,Bratsk,UIBB,BTK,,Asia/Irkutsk,false,true
6465,UIII,large_airport,Irkutsk International Airport,52.266707,104.395563,1675,RU,Irkutsk,UIII,IKT,,Asia/Irkutsk,false,true
42930,UITT,medium_airport,Ust-Kut Airport,56.856701,105.730003,2188,RU,Ust-Kut,UITT,UKX,,Asia/Irkutsk,false,true
6466,UIUU,large_airport,Baikal International Airport,51.808614,107.439652,1690,RU,Ulan Ude,UIUU,UUD,,Asia/Irkutsk,false,true
6488,ULAA,medium_airport,Talagi Airport,64.60030364990234,40.71670150756836,62,RU,Archangelsk,ULAA,ARH,,Europe/Moscow,false,true
32040,ULAM,medium_airport,Naryan Mar Airport,67.639999,53.121899,36,RU,Naryan Mar,ULAM,NNM,,Europe/Moscow,false,true
30643,ULDD,medium_airport,Amderma Airport,69.763712,61.556711,13,RU,Amderma,ULDD,AMV,,Europe/Moscow,false,true
31780,ULKK,medium_airport,Kotlas Airport,61.235801696777344,46.6974983215332,184,RU,Kotlas,ULKK,KSZ,,Europe/Moscow,false,true
6489,ULLI,large_airport,Pulkovo Airport,59.800301,30.262501,78,RU,St. Petersburg,ULLI,LED,,Europe/Moscow,false,true
6490,ULMM,large_airport,Emperor Nicholas II Murmansk Airport,68.7817,32.750801,266,RU,Murmansk,ULMM,MMK,,Europe/Moscow,false,true
6491,ULOO,medium_airport,Princess Olga Pskov International Airport,57.781316,28.39384,154,RU,Pskov,ULOO,PKV,,Europe/Moscow,false,true
6492,ULPB,medium_airport,Petrozavodsk Airport,61.885201,34.154701,151,RU,Petrozavodsk,ULPB,PES,,Europe/Moscow,false,true
30819,ULWC,medium_airport,Cherepovets Airport,59.273601532,38.015800476100004,377,RU,Cherepovets,ULWC,CEE,,Europe/Moscow,false,true
42994,ULWU,medium_airport,Velikiy Ustyug Airport,60.7883,46.259998,331,RU,Velikiy Ustyug,ULWU,VUS,,Europe/Moscow,false,true
6495,UMBB,large_airport,Brest International Airport,52.108138,23.89676,468,BY,Brest,UMBB,BQT,,Europe/Minsk,false,true
6496,UMGG,medium_airport,Gomel Airport,52.527000427246094,31.016700744628906,472,BY,Gomel,UMGG,GME,,Europe/Minsk,false,true
6498,UMKK,large_airport,Khrabrovo Airport,54.89161,20.598559,42,RU,Kaliningrad,UMKK,KGD,,Europe/Kaliningrad,false,true
6501,UMMS,large_airport,Minsk National Airport,53.888071,28.039964,670,BY,Minsk,UMMS,MSQ,,Europe/Minsk,false,true
6502,UMOO,medium_airport,Mogilev Airport,53.954898834228516,30.09510040283203,637,BY,Mogilev,UMOO,MVQ,,Europe/Minsk,false,true
6503,UNAA,large_airport,Abakan International Airport,53.740002,91.385002,831,RU,Abakan,UNAA,ABA,,Asia/Krasnoyarsk,false,true
6504,UNBB,large_airport,Barnaul Gherman Titov International Airport,53.361285,83.539701,837,RU,Barnaul,UNBB,BAX,,Asia/Barnaul,false,true
6505,UNEE,large_airport,Alexei Leonov Kemerovo International Airport,55.2701,86.107201,863,RU,Kemerovo,UNEE,KEJ,,Asia/Novokuznetsk,false,true
30995,UNII,medium_airport,Yeniseysk Airport,58.474201,92.112503,253,RU,Yeniseysk,UNII,EIE,,Asia/Krasnoyarsk,false,true
42956,UNIS,medium_airport,Severo-Yeniseysk Airport,60.373299,93.011703,1706,RU,Severo-Yeniseysk,UNIS,VEO,,Asia/Krasnoyarsk,false,true
32544,UNIW,medium_airport,Vanavara Airport,60.356229,102.309641,892,RU,Vanavara,UNIW,VAQ,,Asia/Krasnoyarsk,false,true
6506,UNKL,large_airport,Krasnoyarsk International Airport,56.175743,92.485788,942,RU,Krasnoyarsk,UNKL,KJA,,Asia/Krasnoyarsk,false,true
44425,UNKM,medium_airport,Krasnoyarsk Cheremshanka Airport,56.177584,92.545881,833,RU,Krasnoyarsk,UNKM,KCY,,Asia/Krasnoyarsk,false,true
31793,UNKY,medium_airport,Kyzyl Airport,51.669399,94.400597,2123,RU,Kyzyl,UNKY,KYZ,,Asia/Krasnoyarsk,false,true
6507,UNNT,large_airport,Novosibirsk Tolmachevo Airport,55.019756,82.618675,365,RU,Novosibirsk,UNNT,OVB,,Asia/Novosibirsk,false,true
6508,UNOO,large_airport,Omsk Central Airport,54.963124,73.312418,311,RU,Omsk,UNOO,OMS,,Asia/Omsk,false,true
32468,UNTT,large_airport,Tomsk Kamov Airport,56.380299,85.208298,597,RU,Tomsk,UNTT,TOF,,Asia/Tomsk,false,true
32045,UNWW,medium_airport,Spichenkovo Airport,53.811401,86.877197,1024,RU,Novokuznetsk,UNWW,NOZ,,Asia/Novokuznetsk,false,true
6509,UOHH,medium_airport,Khatanga Airport,71.97810363769531,102.49099731445312,95,RU,Khatanga,UOHH,HTG,,Asia/Krasnoyarsk,false,true
31660,UOII,medium_airport,Igarka Airport,67.437202,86.621902,82,RU,Igarka,UOII,IAA,,Asia/Krasnoyarsk,false,true
6510,UOOO,large_airport,Alykel International Airport,69.307951,87.325906,574,RU,Norilsk,UOOO,NSK,,Asia/Krasnoyarsk,false,true
31522,URKG,medium_airport,Gelendzhik Airport,44.5820926295,38.0124807358,98,RU,Gelendzhik,URKG,GDZ,,Europe/Moscow,false,true
6512,URKK,large_airport,Krasnodar Pashkovsky International Airport,45.034465,39.174215,118,RU,Krasnodar,URKK,KRR,,Europe/Moscow,false,true
42924,URMG,large_airport,Akhmat Kadyrov Grozny International Airport,43.388106,45.699772,548,RU,Grozny,URMG,GRV,,Europe/Moscow,false,true
6513,URML,large_airport,Makhachkala Uytash International Airport,42.816799,47.652302,12,RU,Makhachkala,URML,MCX,,Europe/Moscow,false,true
6514,URMM,large_airport,Mineralnye Vody Airport,44.225101,43.081902,1054,RU,Mineralnyye Vody,URMM,MRV,,Europe/Moscow,false,true
6515,URMN,medium_airport,Nalchik Airport,43.512901,43.6366,1461,RU,Nalchik,URMN,NAL,,Europe/Moscow,false,true
6516,URMO,medium_airport,Vladikavkaz Beslan International Airport,43.205101,44.606602,1673,RU,Beslan,URMO,OGZ,,Europe/Moscow,false,true
43689,URMS,medium_airport,Magas Airport,43.323268,45.012568,1165,RU,Sunzha,URMS,IGT,,Europe/Moscow,false,true
6517,URMT,medium_airport,Stavropol Shpakovskoye Airport,45.10919952392578,42.11280059814453,1486,RU,Stavropol,URMT,STW,,Europe/Moscow,false,true
6519,URSS,large_airport,Sochi International Airport,43.449902,39.9566,89,RU,Sochi,URSS,AER,,Europe/Moscow,false,true
6520,URWA,large_airport,Astrakhan Narimanovo Boris M. Kustodiev International Airport,46.282843,48.010511,-65,RU,Astrakhan,URWA,ASF,,Europe/Astrakhan,false,true
6521,URWI,medium_airport,Elista Airport,46.373901,44.330898,501,RU,Elista,URWI,ESL,,Europe/Moscow,false,true
6522,URWW,large_airport,Volgograd International Airport,48.78134,44.339194,482,RU,Volgograd,URWW,VOG,,Europe/Volgograd,false,true
26370,USCC,large_airport,Kurchatov Chelyabinsk International Airport,55.303141,61.504927,769,RU,Chelyabinsk,USCC,CEK,,Asia/Yekaterinburg,false,true
26371,USCM,large_airport,Magnitogorsk International Airport,53.391991,58.755235,1430,RU,Magnitogorsk,USCM,MQF,,Asia/Yekaterinburg,false,true
327554,USDA,medium_airport,Sabetta International Airport,71.219167,72.052222,46,RU,Sabetta,USDA,SBT,,Asia/Yekaterinburg,false,true
343470,USDB,medium_airport,Bovanenkovo Airport,70.315278,68.333611,24,RU,Bovanenkovo,USDB,BVJ,,Asia/Yekaterinburg,false,true
26372,USDD,medium_airport,Salekhard Airport,66.5907974243164,66.61100006103516,218,RU,Salekhard,USDD,SLY,,Asia/Yekaterinburg,false,true
26373,USHH,medium_airport,Khanty Mansiysk Airport,61.0285,69.086098,76,RU,Khanty-Mansiysk,USHH,HMA,,Asia/Yekaterinburg,false,true
42944,USHN,medium_airport,Nyagan Airport,62.110001,65.614998,361,RU,Nyagan,USHN,NYA,,Asia/Yekaterinburg,false,true
43692,USHQ,medium_airport,Beloyarskiy Airport,63.686901,66.698601,82,RU,,USHQ,EYK,,Asia/Yekaterinburg,false,true
32554,USHS,medium_airport,Sovetskiy Airport,61.326622009277344,63.60191345214844,351,RU,Sovetskiy,USHS,OVS,,Asia/Yekaterinburg,false,true
32548,USHU,medium_airport,Uray Airport,60.103298,64.826698,190,RU,Uray,USHU,URJ,,Asia/Yekaterinburg,false,true
31670,USII,medium_airport,Izhevsk Airport,56.834524,53.462172,531,RU,Izhevsk,USII,IJK,,Europe/Samara,false,true
42945,USKK,medium_airport,Pobedilovo Airport,58.503883,49.347831,479,RU,Kirov,USKK,KVX,,Europe/Kirov,false,true
35175,USMM,medium_airport,Nadym Airport,65.48090362548828,72.69889831542969,49,RU,Nadym,USMM,NYM,,Asia/Yekaterinburg,false,true
32057,USMU,medium_airport,Novy Urengoy Airport,66.06939697265625,76.52030181884766,210,RU,Novy Urengoy,USMU,NUX,,Asia/Yekaterinburg,false,true
26374,USNN,large_airport,Nizhnevartovsk Airport,60.949299,76.483597,177,RU,Nizhnevartovsk,USNN,NJC,,Asia/Yekaterinburg,false,true
26375,USPP,large_airport,Perm International Airport,57.914501,56.021198,404,RU,Perm,USPP,PEE,,Asia/Yekaterinburg,false,true
26376,USRK,medium_airport,Kogalym International Airport,62.190399169921875,74.53379821777344,220,RU,Kogalym,USRK,KGP,,Asia/Yekaterinburg,false,true
35176,USRO,medium_airport,Noyabrsk Airport,63.18330001831055,75.2699966430664,446,RU,Noyabrsk,USRO,NOJ,,Asia/Yekaterinburg,false,true
26377,USRR,large_airport,Surgut International Airport,61.340501,73.405782,200,RU,Surgut,USRR,SGC,,Asia/Yekaterinburg,false,true
26378,USSS,large_airport,Koltsovo Airport,56.743099212646,60.802700042725,764,RU,Yekaterinburg,USSS,SVX,,Asia/Yekaterinburg,false,true
342469,USTJ,medium_airport,Tobolsk Remezov Airport,58.059712,68.347997,167,RU,Tobolsk,USTJ,RMZ,,Asia/Yekaterinburg,false,true
26379,USTR,large_airport,Roshchino International Airport,57.178984,65.327696,378,RU,Tyumen,USTR,TJM,,Asia/Yekaterinburg,false,true
31773,USUU,medium_airport,Kurgan Airport,55.4753,65.415604,240,RU,Kurgan,USUU,KRO,,Asia/Yekaterinburg,false,true
26380,UTAA,large_airport,Ashgabat International Airport,37.986801,58.361,692,TM,Ashgabat,UTAA,ASB,,Asia/Ashgabat,false,true
26381,UTAK,medium_airport,Turkmenbaşy International Airport,40.062833,53.005085,279,TM,Turkmenbaşy,UTAK,KRW,,Asia/Ashgabat,false,true
26382,UTAM,medium_airport,Mary International Airport,37.62353,61.895668,728,TM,Mary,UTAM,MYP,,Asia/Ashgabat,false,true
26383,UTAT,large_airport,Dashoguz International Airport,41.759853,59.836149,272,TM,Daşoguz,UTAT,TAZ,,Asia/Ashgabat,false,true
26384,UTAV,large_airport,Türkmenabat International Airport,38.930662,63.563982,649,TM,Türkmenabat,UTAV,CRZ,,Asia/Ashgabat,false,true
26385,UTDD,large_airport,Dushanbe International Airport,38.543746,68.822977,2575,TJ,Dushanbe,UTDD,DYU,,Asia/Dushanbe,false,true
6377,UTDK,large_airport,Kulob International Airport,37.988098,69.805,2293,TJ,Kulob,UTDK,TJU,,Asia/Dushanbe,false,true
26386,UTDL,large_airport,Khujand International Airport,40.215401,69.694702,1450,TJ,Khujand,UTDL,LBD,,Asia/Dushanbe,false,true
32556,UTDT,large_airport,Bokhtar International Airport,37.866315,68.864475,1473,TJ,Bokhtar,UTDT,KQT,,Asia/Dushanbe,false,true
32038,UTFN,large_airport,Namangan International Airport,40.984622,71.5578,1555,UZ,Namangan,UZFN,NMA,,Asia/Tashkent,false,true
30672,UTKA,medium_airport,Andijan International Airport,40.727699,72.293999,1515,UZ,Andijan,UZFA,AZN,,Asia/Tashkent,false,true
31118,UTKF,medium_airport,Fergana International Airport,40.358799,71.745003,1980,UZ,Fergana,UZFF,FEG,,Asia/Tashkent,false,true
32013,UTNN,large_airport,Nukus International Airport,42.4884,59.623299,246,UZ,Nukus,UZNN,NCU,,Asia/Samarkand,false,true
26387,UTNU,large_airport,Urgench International Airport,41.58274,60.64338,320,UZ,Urgench,UZNU,UGC,,Asia/Samarkand,false,true
32561,UTSA,medium_airport,Navoi International Airport,40.117599,65.172658,1140,UZ,Navoi,UZSA,NVI,,Asia/Samarkand,false,true
26388,UTSB,large_airport,Bukhara International Airport,39.775319,64.482279,751,UZ,Bukhara,UZSB,BHK,,Asia/Samarkand,false,true
26390,UTSS,large_airport,Samarkand International Airport,39.701842,66.981467,2224,UZ,Samarkand,UZSS,SKD,,Asia/Samarkand,false,true
26391,UTST,medium_airport,Termez Airport,37.287261,67.311869,1027,UZ,Termez,UZST,TMJ,,Asia/Samarkand,false,true
41687,UTTP,medium_airport,Tashkent-Khumo International Airport,41.312889,69.395535,1574,UZ,Tashkent,UZTP,TVT,,Asia/Tashkent,false,true
26392,UTTT,large_airport,Tashkent International Airport,41.2579,69.281197,1417,UZ,Tashkent,UZTT,TAS,,Asia/Tashkent,false,true
598248,UTTZ,medium_airport,Zomin Airport,40.01402,68.41103,1760,UZ,Zomin,UZTZ,OMN,,Asia/Tashkent,false,true
31761,UUBA,medium_airport,Kostroma Sokerkino Airport,57.796902,41.019402,446,RU,Kostroma,UUBA,KMW,,Europe/Moscow,false,true
31690,UUBI,medium_airport,Ivanovo South Airport,56.93939971923828,40.940799713134766,410,RU,Ivanovo,UUBI,IWA,,Europe/Moscow,false,true
42967,UUBW,large_airport,Zhukovsky International Airport,55.553299,38.150002,377,RU,Moscow,UUBW,ZIA,,Europe/Moscow,false,true
26394,UUDD,large_airport,Domodedovo International Airport,55.408798,37.9063,588,RU,Moscow,UUDD,DME,,Europe/Moscow,false,true
26395,UUDL,large_airport,Golden Ring Yaroslavl International Airport,57.560699,40.157398,287,RU,Tunoshna,UUDL,IAR,,Europe/Moscow,false,true
26396,UUEE,large_airport,Sheremetyevo International Airport,55.976858,37.41121,622,RU,Moscow,UUEE,SVO,,Europe/Moscow,false,true
26400,UUOO,medium_airport,Voronezh International Airport,51.814324,39.230948,514,RU,Voronezh,UUOO,VOZ,,Europe/Moscow,false,true
26401,UUWW,large_airport,Vnukovo International Airport,55.591499,37.261501,685,RU,Moscow,UUWW,VKO,,Europe/Moscow,false,true
32506,UUYH,medium_airport,Ukhta Airport,63.566898,53.804699,482,RU,Ukhta,UUYH,UCT,,Europe/Moscow,false,true
32154,UUYP,medium_airport,Pechora Airport,65.121101,57.130798,98,RU,Pechora,UUYP,PEX,,Europe/Moscow,false,true
32555,UUYS,medium_airport,Usinsk Airport,66.0047,57.367199,262,RU,Usinsk,UUYS,USK,,Europe/Moscow,false,true
32581,UUYW,medium_airport,Vorkuta Airport,67.488602,63.993099,604,RU,Vorkuta,UUYW,VKT,,Europe/Moscow,false,true
26402,UUYY,medium_airport,Syktyvkar Airport,61.64699935913086,50.84510040283203,342,RU,Syktyvkar,UUYY,SCW,,Europe/Moscow,false,true
26403,UWGG,large_airport,Nizhny Novgorod / Strigino International Airport,56.227351,43.785152,256,RU,Nizhny Novgorod,UWGG,GOJ,,Europe/Moscow,false,true
35174,UWKB,medium_airport,Bugulma Airport,54.641184,52.800229,991,RU,Bugulma,UWKB,UUA,,Europe/Moscow,false,true
26404,UWKD,large_airport,Kazan International Airport,55.606201,49.278702,411,RU,Kazan,UWKD,KZN,,Europe/Moscow,false,true
26405,UWKE,medium_airport,Begishevo Airport,55.564701,52.092499,643,RU,Nizhnekamsk,UWKE,NBC,,Europe/Moscow,false,true
26406,UWKS,medium_airport,Cheboksary Airport,56.090302,47.347301,558,RU,Cheboksary,UWKS,CSY,,Europe/Moscow,false,true
35104,UWLL,medium_airport,Ulyanovsk Baratayevka Airport,54.27016,48.225569,449,RU,Ulyanovsk,UWLL,ULV,,Europe/Ulyanovsk,false,true
26407,UWLW,medium_airport,Ulyanovsk Vostochny Airport,54.401001,48.8027,252,RU,Cherdakly,UWLW,ULY,,Europe/Ulyanovsk,false,true
26408,UWOO,medium_airport,Orenburg Central Airport,51.792668,55.457229,387,RU,Orenburg,UWOO,REN,,Asia/Yekaterinburg,false,true
26409,UWOR,medium_airport,Orsk Airport,51.072498,58.5956,909,RU,Orsk,UWOR,OSW,,Asia/Yekaterinburg,false,true
32155,UWPP,medium_airport,Penza Airport,53.1106,45.021099,614,RU,Penza,UWPP,PEZ,,Europe/Moscow,false,true
42965,UWPS,large_airport,Saransk International Airport,54.12513,45.212257,676,RU,Saransk,UWPS,SKX,,Europe/Moscow,false,true
30804,UWSB,medium_airport,Balakovo Airport,51.858299,47.745602,95,RU,Balakovo,UWSB,BWO,,Europe/Saratov,false,true
339001,UWSG,large_airport,Gagarin International Airport,51.712778,46.171111,103,RU,Saratov,UWSG,GSV,,Europe/Saratov,false,true
26411,UWUU,large_airport,Ufa International Airport,54.557499,55.874401,449,RU,Ufa,UWUU,UFA,,Asia/Yekaterinburg,false,true
26412,UWWW,large_airport,Kurumoch International Airport,53.504902,50.164299,477,RU,Samara,UWWW,KUF,,Europe/Samara,false,true
3288,VA1G,medium_airport,"Rewa Airport, Chorhata, REWA",24.503401,81.220299,1000,IN,Rewa,VERW,REW,,Asia/Kolkata,false,true
3299,VA2C,medium_airport,Gondia Airport,21.526817,80.290347,987,IN,Gondia,VAGD,GDB,,Asia/Kolkata,false,true
26431,VAAH,large_airport,Sardar Vallabh Patel International Airport,23.0772,72.634697,189,IN,Ahmedabad,VAAH,AMD,,Asia/Kolkata,false,true
26433,VAAU,medium_airport,Aurangabad Airport,19.862875,75.396312,1911,IN,Aurangabad,VAAU,IXU,,Asia/Kolkata,false,true
26434,VABB,large_airport,Chhatrapati Shivaji Maharaj International Airport,19.088699,72.867897,39,IN,Mumbai,VABB,BOM,,Asia/Kolkata,false,true
26436,VABJ,medium_airport,Bhuj Airport,23.2877998352,69.6701965332,268,IN,Bhuj,VABJ,BHJ,,Asia/Kolkata,false,true
26437,VABM,medium_airport,Belagavi Airport,15.8593,74.618301,2487,IN,Belgaum,VOBM,IXG,,Asia/Kolkata,false,true
26438,VABO,large_airport,Vadodara International Airport,22.336201,73.226303,129,IN,Vadodara,VABO,BDQ,,Asia/Kolkata,false,true
26439,VABP,large_airport,Raja Bhoj International Airport,23.2875,77.337402,1711,IN,Bhopal,VABP,BHO,,Asia/Kolkata,false,true
26440,VABV,medium_airport,Bhavnagar Airport,21.752199173,72.1852035522,44,IN,Bhavnagar,VABV,BHU,,Asia/Kolkata,false,true
26445,VAHB,medium_airport,Hubballi Airport,15.361084,75.082096,2171,IN,Hubballi,VOHB,HBX,,Asia/Kolkata,false,true
512065,VAHS,large_airport,Rajkot International Airport,22.378824,71.039391,647,IN,Rajkot,VAHS,HSR,,Asia/Kolkata,false,true
26446,VAID,large_airport,Devi Ahilya Bai Holkar International Airport,22.721404,75.80051,1850,IN,Indore,VAID,IDR,,Asia/Kolkata,false,true
26447,VAJB,medium_airport,Jabalpur Airport,23.177799,80.052002,1624,IN,Jabalpur,VAJB,JLR,,Asia/Kolkata,false,true
26448,VAJM,medium_airport,Jamnagar Airport,22.465499877929688,70.01260375976562,69,IN,Jamnagar,VAJM,JGA,,Asia/Kolkata,false,true
26449,VAKE,medium_airport,Kandla Airport,23.1127,70.100304,96,IN,Kandla,VAKE,IXY,,Asia/Kolkata,false,true
26450,VAKJ,medium_airport,Khajuraho Airport,24.8172,79.918602,728,IN,Khajuraho,VEKO,HJR,,Asia/Kolkata,false,true
26451,VAKP,medium_airport,Kolhapur Airport,16.6647,74.289398,1996,IN,Kolhapur,VAKP,KLH,,Asia/Kolkata,false,true
26452,VAKS,medium_airport,Keshod Airport,21.317101,70.270401,167,IN,Keshod,VAKS,IXK,,Asia/Kolkata,false,true
3341,VALT,medium_airport,Murod Kond Airport,18.411501,76.464699,2136,IN,Latur,VALT,LTU,,Asia/Kolkata,false,true
30180,VAND,medium_airport,Nanded Airport,19.1833,77.316704,1250,IN,Nanded,VAND,NDC,,Asia/Kolkata,false,true
26453,VANP,large_airport,Dr. Babasaheb Ambedkar International Airport,21.092199,79.047203,1033,IN,Nagpur,VANP,NAG,,Asia/Kolkata,false,true
3301,VAOZ,large_airport,Nashik International Airport,20.119101,73.912903,1900,IN,Nashik,VAOZ,ISK,,Asia/Kolkata,false,true
26455,VAPO,large_airport,Pune International Airport,18.5821,73.919701,1942,IN,Pune,VAPO,PNQ,,Asia/Kolkata,false,true
26456,VAPR,medium_airport,Porbandar Airport,21.649524,69.656405,23,IN,Porbandar,VAPR,PBD,,Asia/Kolkata,false,true
26459,VARP,medium_airport,Swami Vivekananda Airport,21.180401,81.7388,1041,IN,Raipur,VERP,RPR,,Asia/Kolkata,false,true
327452,VASD,large_airport,Shirdi International Airport,19.689211,74.373655,1926,IN,Kakadi,VASD,SAG,,Asia/Kolkata,false,true
26461,VASU,large_airport,Surat International Airport,21.115531,72.743251,16,IN,Surat,VASU,STV,,Asia/Kolkata,false,true
26462,VAUD,medium_airport,Maharana Pratap Airport,24.617700576799997,73.89610290530001,1684,IN,Udaipur,VAUD,UDR,,Asia/Kolkata,false,true
26463,VCBI,large_airport,Bandaranaike International Colombo Airport,7.180759906768799,79.88410186767578,30,LK,Colombo,VCBI,CMB,,Asia/Colombo,false,true
26465,VCCB,medium_airport,Batticaloa International Airport,7.705073,81.677163,20,LK,Batticaloa,VCCB,BTC,,Asia/Colombo,false,true
26466,VCCC,large_airport,Colombo Ratmalana International Airport,6.821638,79.885859,22,LK,Colombo,VCCC,RML,,Asia/Colombo,false,true
26468,VCCJ,large_airport,Jaffna International Airport,9.79233,80.070099,33,LK,Jaffna,VCCJ,JAF,,Asia/Colombo,false,true
26469,VCCK,medium_airport,Koggala Airport,5.993680000305176,80.32029724121094,10,LK,Galle,VCCK,KCT,,Asia/Colombo,false,true
26471,VCCT,medium_airport,China Bay Airport,8.539159,81.18128,6,LK,Trincomalee,VCCT,TRR,,Asia/Colombo,false,true
309579,VCRI,medium_airport,Mattala Rajapaksa International Airport,6.283878,81.124163,157,LK,Mattala,VCRI,HRI,,Asia/Colombo,false,true
26473,VDBG,medium_airport,Battambang Airport,13.0956,103.223999,59,KH,Battambang,VDBG,BBM,,Asia/Phnom_Penh,false,true
513482,VDSA,large_airport,Siem Reap-Angkor International Airport,13.36974,104.223831,191,KH,Siem Reap,VDSA,SAI,,Asia/Phnom_Penh,false,true
26478,VDSV,large_airport,Sihanouk International Airport,10.570557,103.632067,33,KH,Preah Sihanouk,VDSV,KOS,,Asia/Phnom_Penh,false,true
26489,VEAT,medium_airport,Agartala - Maharaja Bir Bikram Airport,23.886999,91.240402,46,IN,Agartala,VEAT,IXA,,Asia/Kolkata,false,true
26491,VEBD,large_airport,Bagdogra Airport,26.6812,88.328598,412,IN,Siliguri,VEBD,IXB,,Asia/Kolkata,false,true
26492,VEBI,medium_airport,Shillong Airport,25.70359992980957,91.97869873046875,2910,IN,Shillong,VEBI,SHL,,Asia/Kolkata,false,true
26545,VEBN,large_airport,Lal Bahadur Shastri International Airport,25.452171,82.862549,266,IN,Varanasi,VEBN,VNS,,Asia/Kolkata,false,true
26494,VEBS,large_airport,Biju Patnaik International Airport,20.251021,85.814747,138,IN,Bhubaneswar,VEBS,BBI,,Asia/Kolkata,false,true
26435,VEBU,medium_airport,Bilaspur Airport,21.9884,82.111,899,IN,Bilaspur,VEBU,PAB,,Asia/Kolkata,false,true
26496,VECC,large_airport,Netaji Subhash Chandra Bose International Airport,22.654012,88.44765,16,IN,Kolkata,VECC,CCU,,Asia/Kolkata,false,true
317982,VEDG,medium_airport,Kazi Nazrul Islam Airport,23.6225,87.243,300,IN,Durgapur,VEDG,RDP,,Asia/Kolkata,false,true
3319,VEDH,medium_airport,Darbhanga Airport,26.192801,85.916901,156,IN,Darbhanga,VEDH,DBR,,Asia/Kolkata,false,true
26500,VEGK,medium_airport,Gorakhpur Airport,26.739700317399997,83.4496994019,259,IN,Gorakhpur,VEGK,GOP,,Asia/Kolkata,false,true
26501,VEGT,large_airport,Lokpriya Gopinath Bordoloi International Airport,26.106654,91.585226,162,IN,Guwahati,VEGT,GAU,,Asia/Kolkata,false,true
26502,VEGY,medium_airport,Gaya Airport,24.744301,84.951202,380,IN,Gaya,VEGY,GAY,,Asia/Kolkata,false,true
26504,VEIM,large_airport,Bir Tikendrajit International Airport,24.76,93.896698,2540,IN,Imphal,VEIM,IMF,,Asia/Kolkata,false,true
26507,VEJT,medium_airport,Jorhat Airport,26.730456,94.175416,311,IN,Jorhat,VEJT,JRH,,Asia/Kolkata,false,true
26509,VEKU,medium_airport,Silchar Airport,24.9129009247,92.97869873050001,352,IN,Silchar,VEKU,IXS,,Asia/Kolkata,false,true
26510,VELP,medium_airport,Lengpui Airport,23.840599,92.619698,1398,IN,Aizawl (Lengpui),VELP,AJL,,Asia/Kolkata,false,true
26511,VELR,medium_airport,Lilabari North Lakhimpur Airport,27.295682,94.097266,330,IN,Lilabari,VELR,IXI,,Asia/Kolkata,false,true
26512,VEMN,medium_airport,Dibrugarh Airport,27.4839000702,95.0168991089,362,IN,Dibrugarh,VEMN,DIB,,Asia/Kolkata,false,true
26513,VEMR,medium_airport,Dimapur Airport,25.883899688699998,93.77110290530001,487,IN,Dimapur,VEMR,DMU,,Asia/Kolkata,false,true
26517,VEPT,medium_airport,Jay Prakash Narayan Airport,25.591299,85.087997,170,IN,Patna,VEPT,PAT,,Asia/Kolkata,false,true
26519,VERC,medium_airport,Birsa Munda Airport,23.314300537100003,85.3217010498,2148,IN,Ranchi,VERC,IXR,,Asia/Kolkata,false,true
26521,VETZ,medium_airport,Tezpur Airport,26.7091007232666,92.78469848632812,240,IN,,VETZ,TEZ,,Asia/Kolkata,false,true
26522,VEUK,medium_airport,Utkela Airport,20.097778,83.183333,685,IN,Bhawanipatna,VEUK,UKE,,Asia/Kolkata,false,true
26525,VGBR,medium_airport,Barisal Airport,22.801001,90.301201,23,BD,Barisal,VGBR,BZL,,Asia/Dhaka,false,true
26526,VGCB,medium_airport,Cox's Bazar Airport,21.457517,91.963263,12,BD,Cox's Bazar,VGCB,CXB,,Asia/Dhaka,false,true
26527,VGEG,large_airport,Shah Amanat International Airport,22.249599,91.813301,12,BD,Chattogram (Chittagong),VGEG,CGP,,Asia/Dhaka,false,true
26534,VGHS,large_airport,Hazrat Shahjalal International Airport,23.843347,90.397783,30,BD,Dhaka,VGHS,DAC,,Asia/Dhaka,false,true
26529,VGJR,medium_airport,Jessore Airport,23.1838,89.160797,20,BD,Jashore (Jessore),VGJR,JSR,,Asia/Dhaka,false,true
26530,VGRJ,medium_airport,Shah Makhdum Airport,24.437201,88.616501,64,BD,Rajshahi,VGRJ,RJH,,Asia/Dhaka,false,true
26531,VGSD,medium_airport,Saidpur Airport,25.759199,88.908897,125,BD,Saidpur,VGSD,SPD,,Asia/Dhaka,false,true
26532,VGSY,large_airport,Osmany International Airport,24.963993,91.864749,50,BD,Sylhet,VGSY,ZYL,,Asia/Dhaka,false,true
26535,VHHH,large_airport,Hong Kong International Airport,22.31184,113.914862,28,HK,Hong Kong,VHHH,HKG,,Asia/Hong_Kong,false,true
26537,VIAG,medium_airport,Agra Airport / Agra Air Force Station,27.157975,77.961025,551,IN,Agra,VIAG,AGR,,Asia/Kolkata,false,true
26538,VIAL,medium_airport,Prayagraj Airport,25.4401,81.733902,322,IN,Allahabad,VEAB,IXD,,Asia/Kolkata,false,true
26540,VIAR,large_airport,Sri Guru Ram Das Ji International Airport,31.7096,74.797302,756,IN,Amritsar,VIAR,ATQ,,Asia/Kolkata,false,true
26546,VIBR,medium_airport,Kullu Manali Airport,31.876699,77.154404,3573,IN,Bhuntar,VIBR,KUU,,Asia/Kolkata,false,true
26549,VIBY,medium_airport,Bareilly Air Force Station,28.4221,79.450798,580,IN,Bareilly,VIBY,BEK,,Asia/Kolkata,false,true
26550,VICG,large_airport,Shaheed Bhagat Singh International Airport,30.6735,76.788498,1012,IN,Chandigarh,VICG,IXC,,Asia/Kolkata,false,true
26551,VICX,medium_airport,Kanpur Airport,26.404301,80.410103,410,IN,Kanpur,VECX,KNU,,Asia/Kolkata,false,true
26554,VIDN,medium_airport,Dehradun Jolly Grant Airport,30.189243,78.176651,1831,IN,Dehradun (Jauligrant),VIDN,DED,,Asia/Kolkata,false,true
26555,VIDP,large_airport,Indira Gandhi International Airport,28.55563,77.09519,777,IN,New Delhi,VIDP,DEL,,Asia/Kolkata,false,true
26557,VIGG,medium_airport,Kangra Airport,32.164902,76.263018,2525,IN,Kangra,VIGG,DHM,,Asia/Kolkata,false,true
26558,VIGR,medium_airport,Gwalior Airport,26.29330062866211,78.22779846191406,617,IN,Gwalior,VIGR,GWL,,Asia/Kolkata,false,true
26559,VIHR,large_airport,Maharaja Agrasen International Airport,29.186065,75.74142,700,IN,Hisar,VIHR,HSS,,Asia/Kolkata,false,true
26560,VIHX,large_airport,Halwara International Airport,30.748501,75.629799,790,IN,Halwara,VIHX,HWR,,Asia/Kolkata,false,true
26562,VIJO,medium_airport,Jodhpur Airport,26.251100540161133,73.04889678955078,717,IN,Jodhpur,VIJO,JDH,,Asia/Kolkata,false,true
26563,VIJP,large_airport,Jaipur International Airport,26.8242,75.812202,1263,IN,Jaipur,VIJP,JAI,,Asia/Kolkata,false,true
26564,VIJR,medium_airport,Jaisalmer Airport,26.8887,70.864998,751,IN,,VIJR,JSA,,Asia/Kolkata,false,true
26565,VIJU,medium_airport,Jammu Airport,32.688849,74.838152,996,IN,Jammu,VIJU,IXJ,,Asia/Kolkata,false,true
327453,VIKG,medium_airport,Kishangarh Airport Ajmer,26.591007,74.812956,,IN,Ajmer (Kishangarh),VIKG,KQH,,Asia/Kolkata,false,true
26569,VILH,medium_airport,Leh Kushok Bakula Rimpochee Airport,34.135899,77.546501,10682,IN,Leh,VILH,IXL,,Asia/Kolkata,false,true
26570,VILK,large_airport,Chaudhary Charan Singh International Airport,26.760599,80.889297,410,IN,Lucknow,VILK,LKO,,Asia/Kolkata,false,true
558007,VIMB,medium_airport,Moradabad Airport,28.81746,78.92187,637,IN,Moradabad,VIMB,MZS,,Asia/Kolkata,false,true
26571,VIPK,medium_airport,Pathankot Airport,32.233611,75.634444,1017,IN,Pathankot,VIPK,IXP,,Asia/Kolkata,false,true
26573,VIPT,medium_airport,Pantnagar Airport,29.0334,79.473701,769,IN,Pantnagar,VIPT,PGH,,Asia/Kolkata,false,true
26578,VISR,large_airport,Srinagar International Airport,33.987099,74.7742,5429,IN,Srinagar,VISR,SXR,,Asia/Kolkata,false,true
26583,VLLB,large_airport,Luang Phabang International Airport,19.904273,102.167191,955,LA,Luang Phabang,VLLB,LPQ,,Asia/Vientiane,false,true
26584,VLPS,large_airport,Pakse International Airport,15.133973,105.779871,351,LA,Pakse,VLPS,PKZ,,Asia/Vientiane,false,true
26588,VLVT,large_airport,Wattay International Airport,17.985052,102.566692,564,LA,Vientiane,VLVT,VTE,,Asia/Vientiane,false,true
26589,VMMC,large_airport,Macau International Airport,22.149599,113.592003,20,MO,Nossa Senhora do Carmo,VMMC,MFM,,Asia/Macau,false,true
26593,VNBW,large_airport,Gautam Buddha International Airport,27.504636,83.410381,358,NP,Siddharthanagar (Bhairahawa),VNBW,BWA,,Asia/Kathmandu,false,true
26595,VNJP,medium_airport,Janakpur Airport,26.708799,85.922401,256,NP,Janakpur,VNJP,JKR,,Asia/Kathmandu,false,true
26596,VNKT,large_airport,Tribhuvan International Airport,27.6966,85.3591,4390,NP,Kathmandu,VNKT,KTM,,Asia/Kathmandu,false,true
28150,VNLK,medium_airport,Tenzing-Hillary Airport,27.686768,86.729479,9380,NP,Lukla,VNLK,LUA,,Asia/Kathmandu,false,true
26597,VNNG,medium_airport,Nepalgunj Airport,28.1036,81.667,540,NP,Nepalgunj,VNNG,KEP,,Asia/Kathmandu,false,true
26598,VNPK,medium_airport,Pokhara Domestic Airport,28.200621,83.981203,2712,NP,Pokhara,VNPK,PKR,,Asia/Kathmandu,false,true
308293,VNTJ,medium_airport,Taplejung Airport,27.3509,87.69525,7990,NP,Taplejung,VNTJ,TPJ,,Asia/Kathmandu,false,true
26600,VNVT,medium_airport,Biratnagar Airport,26.48150062561035,87.26399993896484,236,NP,Biratnagar,VNVT,BIR,,Asia/Kathmandu,false,true
26602,VOAT,medium_airport,Agatti Airport,10.8237,72.176003,14,IN,Agatti,VOAT,AGX,,Asia/Kolkata,false,true
35145,VOBL,large_airport,Kempegowda International Airport Bengaluru,13.1979,77.706299,3000,IN,Bengaluru,VOBL,BLR,,Asia/Kolkata,false,true
26606,VOBZ,large_airport,Vijayawada International Airport,16.530011,80.804888,82,IN,Vijayawada,VOBZ,VGA,,Asia/Kolkata,false,true
26607,VOCB,large_airport,Coimbatore International Airport,11.03,77.043404,1324,IN,Coimbatore,VOCB,CJB,,Asia/Kolkata,false,true
26609,VOCI,large_airport,Cochin International Airport,10.151047,76.400838,30,IN,Kochi,VOCI,COK,,Asia/Kolkata,false,true
26610,VOCL,large_airport,Calicut International Airport,11.135996,75.955152,342,IN,Calicut,VOCL,CCJ,,Asia/Kolkata,false,true
26611,VOCP,medium_airport,Kadapa Airport,14.513154,78.769183,430,IN,Kadapa,VOCP,CDP,,Asia/Kolkata,false,true
342094,VOGA,large_airport,Manohar International Airport,15.744257,73.860625,552,IN,Mopa,VOGA,GOX,,Asia/Kolkata,false,true
26444,VOGO,large_airport,Goa Dabolim International Airport,15.380062,73.833328,150,IN,Vasco da Gama,VOGO,GOI,,Asia/Kolkata,false,true
35141,VOHS,large_airport,Rajiv Gandhi International Airport,17.231318,78.429855,2024,IN,Hyderabad,VOHS,HYD,,Asia/Kolkata,false,true
329504,VOKN,large_airport,Kannur International Airport,11.916343,75.544979,330,IN,Kannur,VOKN,CNN,,Asia/Kolkata,false,true
340146,VOKU,medium_airport,Kurnool Airport,15.716288,78.16923,920,IN,Orvakal,VOKU,KJB,,Asia/Kolkata,false,true
26616,VOMD,medium_airport,Madurai Airport,9.83450984955,78.09339904790001,459,IN,Madurai,VOMD,IXM,,Asia/Kolkata,false,true
26617,VOML,large_airport,Mangaluru International Airport,12.95471,74.886812,337,IN,Mangaluru,VOML,IXE,,Asia/Kolkata,false,true
26618,VOMM,large_airport,Chennai International Airport,12.990005,80.169296,52,IN,Chennai,VOMM,MAA,,Asia/Kolkata,false,true
31996,VOMY,medium_airport,Mysore Airport,12.229751,76.653683,2349,IN,Mysore,VOMY,MYQ,,Asia/Kolkata,false,true
26620,VOPB,large_airport,Veer Savarkar International Airport / INS Utkrosh,11.640194,92.72902,13,IN,Port Blair,VOPB,IXZ,,Asia/Kolkata,false,true
26621,VOPC,medium_airport,Pondicherry Airport,11.968,79.812,134,IN,Puducherry (Pondicherry),VOPC,PNY,,Asia/Kolkata,false,true
26623,VORY,medium_airport,Rajahmundry Airport,17.105799,81.813204,151,IN,Madhurapudi,VORY,RJA,,Asia/Kolkata,false,true
26627,VOTP,large_airport,Tirupati International Airport,13.631988,79.539869,350,IN,Tirupati,VOTP,TIR,,Asia/Kolkata,false,true
26628,VOTR,large_airport,Tiruchirappalli International Airport,10.762915,78.717741,288,IN,Tiruchirappalli,VOTR,TRZ,,Asia/Kolkata,false,true
26629,VOTV,large_airport,Thiruvananthapuram International Airport,8.481889,76.920029,15,IN,Thiruvananthapuram,VOTV,TRV,,Asia/Kolkata,false,true
610317,VOVI,large_airport,Alluri Sitarama Raju International Airport (Vizag),17.971512,83.503617,188,IN,Visakhapatnam,VOVI,VTZ,,Asia/Kolkata,false,true
26632,VQPR,large_airport,Paro International Airport,27.4032,89.424599,7364,BT,Paro,VQPR,PBH,,Asia/Thimphu,false,true
335882,VRDA,medium_airport,Maafaru International Airport,5.817407,73.468404,6,MV,Noonu Atoll,VRDA,NMF,,Indian/Maldives,false,true
26633,VRMG,large_airport,Gan International Airport,-0.692975,73.152627,6,MV,Gan,VRMG,GAN,,Indian/Maldives,false,true
26634,VRMH,large_airport,Hanimaadhoo International Airport,6.743235,73.167072,4,MV,Haa Dhaalu Atoll,VRMH,HAQ,,Indian/Maldives,false,true
26635,VRMK,medium_airport,Kadhdhoo Airport,1.8591699600219727,73.52189636230469,4,MV,Kadhdhoo,VRMK,KDO,,Indian/Maldives,false,true
26636,VRMM,large_airport,Velana International Airport,4.19183,73.529099,6,MV,Malé,VRMM,MLE,,Indian/Maldives,false,true
26637,VRMT,medium_airport,Kaadedhdhoo Airport,0.488131,72.996902,2,MV,Huvadhu Atoll,VRMT,KDM,,Indian/Maldives,false,true
301316,VRMV,medium_airport,Villa International Airport Maamigili,3.471751,72.832633,6,MV,Maamigili,VRMV,VAM,,Indian/Maldives,false,true
26638,VTBD,large_airport,Don Mueang International Airport,13.9126,100.607002,9,TH,Bangkok,VTBD,DMK,,Asia/Bangkok,false,true
26643,VTBO,medium_airport,Trat Airport,12.2746,102.319,105,TH,Laem Ngop,VTBO,TDX,,Asia/Bangkok,false,true
28118,VTBS,large_airport,Suvarnabhumi Airport,13.6811,100.747002,5,TH,Bangkok,VTBS,BKK,,Asia/Bangkok,false,true
26645,VTBU,large_airport,U-Tapao–Rayong–Pattaya International Airport,12.6799,101.004997,42,TH,Rayong,VTBU,UTP,,Asia/Bangkok,false,true
26647,VTCC,large_airport,Chiang Mai International Airport,18.766799926799997,98.962600708,1036,TH,Chiang Mai,VTCC,CNX,,Asia/Bangkok,false,true
26648,VTCH,medium_airport,Mae Hong Son Airport,19.3013,97.9758,929,TH,Mae Hong Son,VTCH,HGN,,Asia/Bangkok,false,true
26649,VTCL,medium_airport,Lampang Airport,18.27090072631836,99.50420379638672,811,TH,,VTCL,LPT,,Asia/Bangkok,false,true
26650,VTCN,medium_airport,Nan Airport,18.807899475097656,100.78299713134766,685,TH,,VTCN,NNT,,Asia/Bangkok,false,true
26653,VTCT,large_airport,Mae Fah Luang - Chiang Rai International Airport,19.952299,99.882896,1280,TH,Chiang Rai,VTCT,CEI,,Asia/Bangkok,false,true
26654,VTPB,medium_airport,Phetchabun Airport,16.6760005951,101.194999695,450,TH,,VTPB,PHY,,Asia/Bangkok,false,true
26655,VTPH,medium_airport,Hua Hin Airport,12.6361999512,99.951499939,62,TH,Hua Hin,VTPH,HHQ,,Asia/Bangkok,false,true
26658,VTPM,medium_airport,Mae Sot Airport,16.699899673461914,98.54509735107422,690,TH,,VTPM,MAQ,,Asia/Bangkok,false,true
26660,VTPO,medium_airport,Sukhothai Airport,17.238000869750977,99.81819915771484,179,TH,,VTPO,THS,,Asia/Bangkok,false,true
26661,VTPP,medium_airport,Phitsanulok Airport,16.7829,100.278999,154,TH,Phitsanulok,VTPP,PHS,,Asia/Bangkok,false,true
26665,VTSB,medium_airport,Surat Thani Airport,9.13259983063,99.135597229,20,TH,Surat Thani,VTSB,URT,,Asia/Bangkok,false,true
26666,VTSC,medium_airport,Narathiwat Airport,6.5199198722839355,101.74299621582031,16,TH,,VTSC,NAW,,Asia/Bangkok,false,true
26667,VTSE,medium_airport,Chumphon Airport,10.7112,99.361702,18,TH,Chumphon,VTSE,CJM,,Asia/Bangkok,false,true
26668,VTSF,medium_airport,Nakhon Si Thammarat Airport,8.539620399475098,99.9447021484375,13,TH,Nakhon Si Thammarat,VTSF,NST,,Asia/Bangkok,false,true
26669,VTSG,large_airport,Krabi International Airport,8.095591,98.988955,82,TH,Krabi,VTSG,KBV,,Asia/Bangkok,false,true
26672,VTSM,large_airport,Samui International Airport,9.54779,100.061996,64,TH,Na Thon (Ko Samui Island),VTSM,USM,,Asia/Bangkok,false,true
26674,VTSP,large_airport,Phuket International Airport,8.113257,98.3174,82,TH,Phuket,VTSP,HKT,,Asia/Bangkok,false,true
26675,VTSR,medium_airport,Ranong Airport,9.77762,98.585503,57,TH,Ranong,VTSR,UNN,,Asia/Bangkok,false,true
26676,VTSS,large_airport,Hat Yai International Airport,6.93321,100.392998,90,TH,Hat Yai,VTSS,HDY,,Asia/Bangkok,false,true
26677,VTST,medium_airport,Trang Airport,7.50874,99.6166,67,TH,Trang,VTST,TST,,Asia/Bangkok,false,true
26678,VTUD,large_airport,Udon Thani International Airport,17.386186,102.788577,579,TH,Udon Thani,VTUD,UTH,,Asia/Bangkok,false,true
26679,VTUI,medium_airport,Sakon Nakhon Airport,17.195100784301758,104.11900329589844,529,TH,,VTUI,SNO,,Asia/Bangkok,false,true
26680,VTUJ,medium_airport,Surin Airport,14.868300437927,103.49800109863,478,TH,Surin,VTUJ,PXR,,Asia/Bangkok,false,true
26681,VTUK,medium_airport,Khon Kaen Airport,16.466600418099997,102.783996582,670,TH,Khon Kaen,VTUK,KKC,,Asia/Bangkok,false,true
26682,VTUL,medium_airport,Loei Airport,17.43910026550293,101.72200012207031,860,TH,,VTUL,LOE,,Asia/Bangkok,false,true
26684,VTUO,medium_airport,Buri Ram Airport,15.2295,103.252998,590,TH,Buriram,VTUO,BFV,,Asia/Bangkok,false,true
26687,VTUU,medium_airport,Ubon Ratchathani Airport,15.2512998581,104.870002747,406,TH,Ubon Ratchathani,VTUU,UBP,,Asia/Bangkok,false,true
26688,VTUV,medium_airport,Roi Et Airport,16.1168,103.774002,451,TH,Roi Et,VTUV,ROI,,Asia/Bangkok,false,true
26689,VTUW,medium_airport,Nakhon Phanom Airport,17.383801,104.642998,587,TH,Nakhon Phanom,VTUW,KOP,,Asia/Bangkok,false,true
26690,VVBM,medium_airport,Buon Ma Thuot Airport,12.668299675,108.120002747,1729,VN,Buon Ma Thuot,VVBM,BMV,,Asia/Ho_Chi_Minh,false,true
26692,VVCI,large_airport,Cat Bi International Airport,20.817428,106.724315,6,VN,Haiphong (Hai An),VVCI,HPH,,Asia/Bangkok,false,true
301824,VVCM,medium_airport,Cà Mau Airport,9.177667,105.177778,6,VN,Ca Mau City,VVCM,CAH,,Asia/Ho_Chi_Minh,false,true
26693,VVCR,large_airport,Cam Ranh International Airport / Cam Ranh Air Base,11.9982,109.219002,40,VN,Nha Trang/nha Trang aiurportCam Ranh,VVCR,CXR,,Asia/Ho_Chi_Minh,false,true
26694,VVCS,medium_airport,Con Dao Airport,8.73183,106.633003,20,VN,Con Dao,VVCS,VCS,,Asia/Ho_Chi_Minh,false,true
26695,VVCT,large_airport,Can Tho International Airport,10.083397,105.709371,9,VN,Can Tho,VVCT,VCA,,Asia/Ho_Chi_Minh,false,true
26696,VVDB,medium_airport,Dien Bien Phu Airport,21.3974990845,103.008003235,1611,VN,Dien Bien Phu,VVDB,DIN,,Asia/Bangkok,false,true
35144,VVDH,medium_airport,Dong Hoi Airport,17.515,106.590556,59,VN,Dong Hoi,VVDH,VDH,,Asia/Bangkok,false,true
30923,VVDL,medium_airport,Lien Khuong Airport,11.750556,108.366997,3156,VN,Da Lat,VVDL,DLI,,Asia/Ho_Chi_Minh,false,true
26697,VVDN,large_airport,Da Nang International Airport,16.0439,108.198997,33,VN,Da Nang,VVDN,DAD,,Asia/Ho_Chi_Minh,false,true
26700,VVNB,large_airport,Noi Bai International Airport,21.221201,105.806999,39,VN,Hanoi (Soc Son),VVNB,HAN,,Asia/Bangkok,false,true
26702,VVPB,medium_airport,Phu Bai International Airport,16.400628,107.703094,48,VN,Huế,VVPB,HUI,,Asia/Ho_Chi_Minh,false,true
26703,VVPC,medium_airport,Phu Cat Airport,13.955,109.042,80,VN,Quy Nohn,VVPC,UIH,,Asia/Ho_Chi_Minh,false,true
26704,VVPK,medium_airport,Pleiku Airport,14.004500389099121,108.01699829101562,2434,VN,Pleiku,VVPK,PXU,,Asia/Ho_Chi_Minh,false,true
26705,VVPQ,large_airport,Phú Quốc International Airport,10.169783,103.99353,37,VN,Phu Quoc Island,VVPQ,PQC,,Asia/Ho_Chi_Minh,false,true
32580,VVRG,medium_airport,Rach Gia Airport,9.95802997234,105.132379532,7,VN,Rach Gia,VVRG,VKG,,Asia/Ho_Chi_Minh,false,true
26707,VVTH,medium_airport,Dong Tac Airport,13.0496,109.334,20,VN,Tuy Hoa,VVTH,TBB,,Asia/Ho_Chi_Minh,false,true
26708,VVTS,large_airport,Tan Son Nhat International Airport,10.8188,106.652,33,VN,Ho Chi Minh City,VVTS,SGN,,Asia/Ho_Chi_Minh,false,true
332254,VVVD,medium_airport,Van Don International Airport,21.120693,107.41539,24,VN,Van Don,VVVD,VDO,,Asia/Bangkok,false,true
26709,VVVH,medium_airport,Vinh Airport,18.7376003265,105.67099762,23,VN,Vinh,VVVH,VII,,Asia/Bangkok,false,true
26716,VYDW,medium_airport,Dawei Airport,14.1039,98.203598,84,MM,Dawei,VYDW,TVY,,Asia/Yangon,false,true
509451,VYHH,medium_airport,Heho Airport,20.74714,96.792029,3858,MM,Heho,VYHH,HEH,,Asia/Yangon,false,true
26720,VYKG,medium_airport,Kengtung Airport,21.301599502563477,99.63600158691406,2798,MM,Kengtung,VYKG,KET,,Asia/Yangon,false,true
26722,VYKP,medium_airport,Kyaukpyu Airport,19.42639923095703,93.53479766845703,20,MM,Kyaukpyu,VYKP,KYP,,Asia/Yangon,false,true
26723,VYKT,medium_airport,Kawthoung Airport,10.049300193786621,98.53800201416016,180,MM,Kawthoung,VYKT,KAW,,Asia/Yangon,false,true
26724,VYLK,medium_airport,Loikaw Airport,19.691499710083008,97.21479797363281,2940,MM,Loikaw,VYLK,LIW,,Asia/Yangon,false,true
26725,VYLS,medium_airport,Lashio Airport,22.9778995513916,97.752197265625,2450,MM,Lashio,VYLS,LSH,,Asia/Yangon,false,true
26727,VYMD,large_airport,Mandalay International Airport,21.702199935913086,95.97789764404297,300,MM,Mandalay,VYMD,MDL,,Asia/Yangon,false,true
26728,VYME,medium_airport,Myeik Airport,12.439800262451172,98.62149810791016,75,MM,Mkeik,VYME,MGZ,,Asia/Yangon,false,true
26729,VYMK,medium_airport,Myitkyina Airport,25.3836,97.351898,475,MM,Myitkyina,VYMK,MYT,,Asia/Yangon,false,true
26732,VYMS,medium_airport,Mong Hsat Airport,20.516799926757812,99.25679779052734,1875,MM,Mong Hsat,VYMS,MOG,,Asia/Yangon,false,true
26717,VYNT,large_airport,Nay Pyi Taw International Airport,19.623501,96.200996,302,MM,Naypyitaw,VYNT,NYT,,Asia/Yangon,false,true
26737,VYPT,medium_airport,Putao Airport,27.32990074157715,97.42630004882812,1500,MM,Putao,VYPT,PBU,,Asia/Yangon,false,true
26740,VYSW,medium_airport,Sittwe Airport,20.133165,92.870693,27,MM,Sittwe,VYSW,AKY,,Asia/Yangon,false,true
26741,VYTD,medium_airport,Thandwe Airport,18.4606990814209,94.30010223388672,20,MM,Thandwe,VYTD,SNW,,Asia/Yangon,false,true
26742,VYTL,medium_airport,Tachileik Airport,20.483800888061523,99.9354019165039,1280,MM,Tachileik,VYTL,THL,,Asia/Yangon,false,true
26744,VYYY,large_airport,Yangon International Airport,16.907300949099998,96.1332015991,109,MM,Yangon,VYYY,RGN,,Asia/Yangon,false,true
26745,WAAA,large_airport,Sultan Hasanuddin International Airport,-5.075539,119.553702,47,ID,Makassar,WAAA,UPG,,Asia/Makassar,false,true
26746,WABB,medium_airport,Frans Kaisiepo Airport,-1.19002,136.108002,46,ID,Biak,WABB,BIK,,Asia/Jayapura,false,true
26748,WABP,medium_airport,Mozes Kilangin Airport,-4.52978,136.887388,103,ID,Timika,WAYY,TIM,,Asia/Jayapura,false,true
26750,WADB,medium_airport,Sultan Muhammad Salahuddin Airport,-8.537184,118.685002,3,ID,Bima,WADB,BMU,,Asia/Makassar,false,true
26751,WADD,large_airport,Denpasar I Gusti Ngurah Rai International Airport,-8.748409,115.167123,14,ID,"Kuta, Badung",WADD,DPS,,Asia/Makassar,false,true
299629,WADL,large_airport,Lombok International Airport,-8.759962,116.278169,319,ID,"Mataram (Pujut, Lombok Tengah)",WADL,LOP,,Asia/Makassar,false,true
26773,WAEE,medium_airport,Sultan Babullah Airport,0.831012,127.381611,49,ID,Ternate,WAEE,TTE,,Asia/Jayapura,false,true
352892,WAFB,medium_airport,Toraja Airport,-3.184359,119.919104,2884,ID,Toraja,WAFB,TRT,,Asia/Makassar,false,true
26769,WAFF,medium_airport,Mutiara - SIS Al-Jufrie Airport,-0.916462,119.908647,284,ID,Palu,WAFF,PLW,,Asia/Makassar,false,true
26780,WAGG,medium_airport,Tjilik Riwut Airport,-2.227146,113.943388,82,ID,Palangkaraya,WAGG,PKY,,Asia/Pontianak,false,true
332202,WAHI,large_airport,Yogyakarta International Airport,-7.905338,110.057264,24,ID,Yogyakarta,WAHI,YIA,,Asia/Jakarta,false,true
26833,WAHL,medium_airport,Tunggul Wulung Airport,-7.64506,109.033997,69,ID,Cilacap,WAHL,CXP,,Asia/Jakarta,false,true
26755,WAJJ,large_airport,Dortheys Hiyo Eluay International Airport,-2.579627,140.519857,289,ID,Sentani,WAJJ,DJJ,,Asia/Jayapura,false,true
41428,WAJO,medium_airport,Oksibil Airport,-4.9071,140.6277,4315,ID,Oksibil,WAJO,OKL,,Asia/Jayapura,false,true
26757,WAKK,medium_airport,Mopah International Airport,-8.523898,140.419693,10,ID,Merauke,WAKK,MKQ,,Asia/Jayapura,false,true
41437,WAKT,medium_airport,Tanah Merah Airport,-6.09669,140.303521,57,ID,Tanah Merah,WAKT,TMH,,Asia/Jayapura,false,true
26760,WALL,large_airport,Sultan Aji Muhammad Sulaiman Sepinggan International Airport,-1.268342,116.89452,12,ID,Balikpapan,WALL,BPN,,Asia/Makassar,false,true
26762,WALR,medium_airport,Juwata International Airport / Suharnoko Harbani AFB,3.325145,117.564169,23,ID,Tarakan,WAQQ,TRK,,Asia/Makassar,false,true
26763,WALS,medium_airport,Aji Pangeran Tumenggung Pranoto International Airport,-0.374478,117.250128,82,ID,Samarinda,WALS,AAP,,Asia/Makassar,false,true
26768,WAMH,medium_airport,Naha Airport,3.68478,125.527162,16,ID,"Tabukan Utara, Sangihe Islands",WAMH,NAH,,Asia/Makassar,false,true
26770,WAMM,large_airport,Sam Ratulangi International Airport,1.548591,124.92625,264,ID,Manado,WAMM,MDC,,Asia/Makassar,false,true
26778,WAON,medium_airport,Warukin Airport,-2.21656,115.435997,197,ID,Tanta-Tabalong,WAON,TJG,,Asia/Makassar,false,true
26779,WAOO,large_airport,Syamsudin Noor International Airport,-3.440112,114.761209,66,ID,Banjarbaru,WAOO,BDJ,,Asia/Makassar,false,true
333039,WAPF,medium_airport,Karel Sadsuitubun Airport,-5.760278,132.759444,78,ID,Langgur,WAPF,LUV,,Asia/Jayapura,false,true
525059,WAPN,medium_airport,Namniwel Airport,-3.143159,126.976469,7,ID,Namniwel,WAPN,NAM,,Asia/Jayapura,false,true
26784,WAPP,large_airport,Pattimura International Airport,-3.71026,128.089005,33,ID,Ambon,WAPP,AMQ,,Asia/Jayapura,false,true
26759,WAQT,medium_airport,Kalimarau Airport,2.14776,117.430705,59,ID,Tanjung Redeb - Borneo Island,WAQT,BEJ,,Asia/Makassar,false,true
26785,WARA,medium_airport,Abdul Rachman Saleh Airport,-7.929099,112.714233,1726,ID,Malang,WARA,MLG,,Asia/Jakarta,false,true
26787,WARJ,medium_airport,Adisutjipto International Airport,-7.78818,110.431999,379,ID,Yogyakarta,WAHH,JOG,,Asia/Jakarta,false,true
26788,WARQ,large_airport,Adisoemarmo International Airport,-7.516044,110.757492,421,ID,Surakarta,WAHQ,SOC,,Asia/Jakarta,false,true
26789,WARR,large_airport,Juanda International Airport,-7.37983,112.787003,9,ID,Surabaya,WARR,SUB,,Asia/Jakarta,false,true
26790,WARS,large_airport,Jenderal Ahmad Yani Airport,-6.970732,110.373244,10,ID,Semarang,WAHS,SRG,,Asia/Jakarta,false,true
26791,WASF,medium_airport,Fakfak Airport,-2.920508,132.267011,462,ID,Fakfak,WASF,FKQ,,Asia/Jayapura,false,true
26792,WASK,medium_airport,Utarom Airport,-3.6446,133.695116,19,ID,Kaimana,WASK,KNG,,Asia/Jayapura,false,true
26794,WASR,medium_airport,Rendani Airport,-0.891833,134.048996,23,ID,Manokwari,WAUU,MKW,,Asia/Jayapura,false,true
32634,WASS,medium_airport,Domine Eduard Osok Airport,-0.894,131.287,10,ID,Sorong,WASS,SOQ,,Asia/Jayapura,false,true
26801,WATT,medium_airport,El Tari Airport,-10.1716,123.670998,335,ID,Kupang,WATT,KOE,,Asia/Makassar,false,true
26756,WAVV,medium_airport,Wamena Airport,-4.097324,138.952417,5435,ID,Wamena,WAVV,WMX,,Asia/Jayapura,false,true
333072,WAWD,medium_airport,Matahora Airport,-5.292123,123.636233,88,ID,Wangi-wangi Island,WAWD,WNI,,Asia/Makassar,false,true
505052,WAWP,medium_airport,Sangia Nibandera Airport,-4.338158,121.524047,40,ID,Kolaka,WAWP,KXB,,Asia/Makassar,false,true
26807,WBGB,medium_airport,Bintulu Airport,3.12385010719,113.019996643,74,MY,Bintulu,WBGB,BTU,,Asia/Kuching,false,true
26808,WBGG,large_airport,Kuching International Airport,1.487364,110.352859,89,MY,Kuching,WBGG,KCH,,Asia/Kuching,false,true
26809,WBGJ,medium_airport,Limbang Airport,4.808300018310547,115.01000213623047,14,MY,Limbang,WBGJ,LMN,,Asia/Kuching,false,true
350992,WBGK,medium_airport,Mukah Airport,2.881944,112.043333,20,MY,Mukah,WBGK,MKM,,Asia/Kuching,false,true
26810,WBGM,medium_airport,Marudi Airport,4.178734,114.330318,103,MY,Marudi,WBGM,MUR,,Asia/Kuching,false,true
26811,WBGR,medium_airport,Miri Airport,4.32201,113.987,59,MY,Miri,WBGR,MYY,,Asia/Kuching,false,true
26812,WBGS,medium_airport,Sibu Airport,2.2616,111.985001,122,MY,Sibu,WBGS,SBW,,Asia/Kuching,false,true
30682,WBGZ,medium_airport,Bario Airport,3.734648,115.478548,3350,MY,Bario,WBGZ,BBN,,Asia/Kuching,false,true
26813,WBKD,medium_airport,Lahad Datu Airport,5.03241,118.32376,45,MY,Lahad Datu,WBKD,LDU,,Asia/Kuching,false,true
26814,WBKK,large_airport,Kota Kinabalu International Airport,5.932743,116.049324,10,MY,Kota Kinabalu,WBKK,BKI,,Asia/Kuching,false,true
26815,WBKL,medium_airport,Labuan Airport,5.301667,115.248333,101,MY,Labuan,WBKL,LBU,,Asia/Kuching,false,true
26816,WBKS,medium_airport,Sandakan Airport,5.900899887084961,118.05899810791016,46,MY,Sandakan,WBKS,SDK,,Asia/Kuching,false,true
26817,WBKW,medium_airport,Tawau Airport,4.31338,118.12152,57,MY,Tawau,WBKW,TWU,,Asia/Kuching,false,true
26818,WBMU,medium_airport,Mulu Airport,4.048329830169678,114.80500030517578,80,MY,Mulu,WBMU,MZV,,Asia/Kuching,false,true
26819,WBSB,large_airport,Brunei International Airport,4.9442,114.928001,73,BN,Bandar Seri Begawan,WBSB,BWN,,Asia/Brunei,false,true
26821,WIBB,medium_airport,Sultan Syarif Kasim II International Airport / Roesmin Nurjadin AFB,0.458647,101.444321,102,ID,Pekanbaru,WIBB,PKU,,Asia/Jakarta,false,true
26822,WIBD,medium_airport,Pinang Kampai Airport,1.609026,101.433493,55,ID,Dumai,WIBD,DUM,,Asia/Jakarta,false,true
333068,WICA,medium_airport,Kertajati International Airport,-6.647384,108.165561,134,ID,Kertajati,WICA,KJT,,Asia/Jakarta,false,true
26824,WICC,medium_airport,Husein Sastranegara International Airport,-6.90063,107.575996,2436,ID,Bandung,WICC,BDO,,Asia/Jakarta,false,true
26828,WIDD,large_airport,Hang Nadim International Airport,1.12103,104.119003,126,ID,Batam,WIDD,BTH,,Asia/Jakarta,false,true
26830,WIDN,medium_airport,Raja Haji Fisabilillah International Airport,0.92397,104.53341,52,ID,Tanjung Pinang-Bintan Island,WIDN,TNJ,,Asia/Jakarta,false,true
26832,WIHH,large_airport,Halim Perdanakusuma International Airport,-6.266989,106.890318,84,ID,Jakarta,WIHH,HLP,,Asia/Jakarta,false,true
26835,WIII,large_airport,Soekarno-Hatta International Airport,-6.12557,106.655998,34,ID,Jakarta,WIII,CGK,,Asia/Jakarta,false,true
26827,WILL,medium_airport,Radin Inten II International Airport,-5.246803,105.182531,282,ID,Bandar Lampung,WILL,TKG,,Asia/Jakarta,false,true
26836,WIMB,medium_airport,Binaka Airport,1.166275,97.705196,20,ID,Gunungsitoli,WIMB,GNS,,Asia/Jakarta,false,true
309577,WIMM,large_airport,Kualanamu International Airport,3.637847,98.870566,23,ID,Beringin,WIMM,KNO,,Asia/Jakarta,false,true
26841,WIMS,medium_airport,Dr. Ferdinand Lumban Tobing Airport,1.557127,98.887145,33,ID,Sibolga (Pinangsori),WIMS,FLZ,,Asia/Jakarta,false,true
507992,WIMU,medium_airport,Alas Leuser Airport,3.391456,97.863726,419,ID,Kutacane,WIMU,LSR,,Asia/Jakarta,false,true
26843,WIOG,medium_airport,Nanga Pinoh Airport,-0.34864,111.746155,123,ID,Nanga Pinoh-Borneo Island,WIOG,NPO,,Asia/Pontianak,false,true
26844,WIOK,medium_airport,Rahadi Osman Airport,-1.817165,109.963469,46,ID,Ketapang,WIOK,KTG,,Asia/Pontianak,false,true
26846,WION,medium_airport,Ranai Airport,3.90871,108.388,7,ID,Ranai-Natuna Besar Island,WIDO,NTX,,Asia/Jakarta,false,true
26847,WIOO,large_airport,Supadio International Airport,-0.152258,109.404493,10,ID,Pontianak,WIOO,PNK,,Asia/Pontianak,false,true
26848,WIOP,medium_airport,Pangsuma Airport,0.834579,112.940217,297,ID,Putussibau-Borneo Island,WIOP,PSU,,Asia/Pontianak,false,true
525696,WIOS,medium_airport,Tebelian Airport,-0.045214,111.458049,97,ID,Sintang,WIOS,SQG,,Asia/Pontianak,false,true
26852,WIPK,medium_airport,Depati Amir Airport,-2.1622,106.139,109,ID,Pangkal Pinang,WIKK,PGK,,Asia/Jakarta,false,true
26853,WIPL,medium_airport,Fatmawati Soekarno Airport,-3.8637,102.338997,50,ID,Bengkulu,WIGG,BKS,,Asia/Jakarta,false,true
26855,WIPP,medium_airport,Sultan Mahmud Badaruddin II Airport,-2.897653,104.698147,49,ID,Palembang,WIPP,PLM,,Asia/Jakarta,false,true
26856,WIPQ,medium_airport,Pendopo Airport,-3.2860701084136963,103.87999725341797,184,ID,Talang Gudang-Sumatra Island,WIPQ,PDO,,Asia/Jakarta,false,true
26858,WIPT,large_airport,Minangkabau International Airport,-0.785964,100.280384,18,ID,Padang (Katapiang),WIEE,PDG,,Asia/Jakarta,false,true
31889,WITC,medium_airport,Cut Nyak Dhien Airport,4.040998,96.253312,10,ID,Kuala Pesisir,WITC,MEQ,,Asia/Jakarta,false,true
333093,WITK,medium_airport,Rembele Airport,4.72113,96.851943,4648,ID,Takengon,WITK,TXE,,Asia/Jakarta,false,true
26862,WITT,large_airport,Sultan Iskandar Muda International Airport,5.525087,95.41997,65,ID,Banda Aceh,WITT,BTJ,,Asia/Jakarta,false,true
26864,WMBT,medium_airport,Tioman Airport,2.81818,104.160004,15,MY,Tioman Island,WMBT,TOD,,Asia/Kuala_Lumpur,false,true
26866,WMKA,medium_airport,Sultan Abdul Halim Airport,6.189670085906982,100.39800262451172,15,MY,Alor Satar,WMKA,AOR,,Asia/Kuala_Lumpur,false,true
26868,WMKC,medium_airport,Sultan Ismail Petra Airport,6.1668500900268555,102.29299926757812,16,MY,Kota Baharu,WMKC,KBR,,Asia/Kuala_Lumpur,false,true
26869,WMKD,medium_airport,Kuantan Airport,3.7753899097442627,103.20899963378906,58,MY,Kuantan,WMKD,KUA,,Asia/Kuala_Lumpur,false,true
26872,WMKI,large_airport,Sultan Azlan Shah Airport,4.56733,101.091643,130,MY,Ipoh,WMKI,IPH,,Asia/Kuala_Lumpur,false,true
26873,WMKJ,large_airport,Senai International Airport,1.64131,103.669998,135,MY,Johor Bahru,WMKJ,JHB,,Asia/Kuala_Lumpur,false,true
26874,WMKK,large_airport,Kuala Lumpur International Airport,2.74558,101.709999,69,MY,Sepang,WMKK,KUL,,Asia/Kuala_Lumpur,false,true
26875,WMKL,large_airport,Langkawi International Airport,6.32973,99.728699,29,MY,Langkawi,WMKL,LGK,,Asia/Kuala_Lumpur,false,true
26876,WMKM,medium_airport,Malacca International Airport,2.265613,102.252778,35,MY,Malacca,WMKM,MKZ,,Asia/Kuala_Lumpur,false,true
26877,WMKN,medium_airport,Sultan Mahmud Airport,5.3826398849487305,103.10299682617188,21,MY,Kuala Terengganu,WMKN,TGG,,Asia/Kuala_Lumpur,false,true
26878,WMKP,large_airport,Penang International Airport,5.296303,100.276185,11,MY,Penang,WMKP,PEN,,Asia/Kuala_Lumpur,false,true
26879,WMSA,large_airport,Sultan Abdul Aziz Shah International Airport,3.13058,101.549004,90,MY,Subang,WMSA,SZB,,Asia/Kuala_Lumpur,false,true
26880,WPDB,medium_airport,"Commander in Chief of FALINTIL, Kay Rala Xanana Gusmão, International Airport",-9.301856,125.286302,96,TL,Suai,WPDB,UAI,,Asia/Dili,false,true
26881,WPDL,large_airport,Presidente Nicolau Lobato International Airport,-8.546562,125.524507,154,TL,Dili,WPDL,DIL,,Asia/Dili,false,true
26882,WPEC,medium_airport,Baucau Airport,-8.486479,126.399981,1771,TL,Baucau,WPEC,BCH,,Asia/Dili,false,true
35138,WPOC,large_airport,Oecusse Route of the Sandalwood International Airport,-9.198419,124.337873,,TL,Oecussi-Ambeno,WPOC,OEC,,Asia/Dili,false,true
26886,WSSL,medium_airport,Seletar Airport,1.41555,103.86673,36,SG,Seletar,WSSL,XSP,,Asia/Singapore,false,true
26887,WSSS,large_airport,Singapore Changi Airport,1.35019,103.994003,22,SG,Singapore,WSSS,SIN,,Asia/Singapore,false,true
26888,YABA,medium_airport,Albany Airport,-34.943333,117.808889,233,AU,Albany,YABA,ALH,,Australia/Perth,false,true
26893,YARM,medium_airport,Armidale Airport,-30.528099060099997,151.617004395,3556,AU,Armidale,YARM,ARM,,Australia/Sydney,false,true
26895,YAYE,medium_airport,Ayers Rock Connellan Airport,-25.185913,130.97703,1626,AU,Yulara,YAYE,AYQ,,Australia/Darwin,false,true
26899,YBAR,medium_airport,Barcaldine Airport,-23.566268,145.302086,878,AU,Barcaldine,YBAR,BCI,,Australia/Brisbane,false,true
26900,YBAS,medium_airport,Alice Springs Airport,-23.806588,133.903427,1789,AU,Alice Springs,YBAS,ASP,,Australia/Darwin,false,true
26901,YBBN,large_airport,Brisbane International Airport,-27.384199142456055,153.11700439453125,13,AU,Brisbane,YBBN,BNE,,Australia/Brisbane,false,true
26902,YBCG,large_airport,Gold Coast Airport,-28.165962,153.506641,21,AU,Gold Coast,YBCG,OOL,,Australia/Sydney,false,true
26903,YBCK,medium_airport,Blackall Airport,-24.431678,145.429716,928,AU,Blackall,YBCK,BKQ,,Australia/Brisbane,false,true
26904,YBCS,large_airport,Cairns International Airport,-16.878921,145.74948,10,AU,Cairns,YBCS,CNS,,Australia/Brisbane,false,true
26905,YBCV,medium_airport,Charleville Airport,-26.4132995605,146.261993408,1003,AU,Charleville,YBCV,CTL,,Australia/Brisbane,false,true
26907,YBDV,medium_airport,Birdsville Airport,-25.897499084472656,139.34800720214844,159,AU,,YBDV,BVI,,Australia/Brisbane,false,true
26908,YBHI,medium_airport,Broken Hill Airport,-32.0013999939,141.472000122,958,AU,Broken Hill,YBHI,BHQ,,Australia/Broken_Hill,false,true
26909,YBHM,medium_airport,Hamilton Island Airport,-20.3581008911,148.95199585,15,AU,Hamilton Island,YBHM,HTI,,Australia/Lindeman,false,true
26910,YBIE,medium_airport,Bedourie Airport,-24.3461,139.460007,300,AU,Bedourie,YBIE,BEU,,Australia/Brisbane,false,true
26912,YBKE,medium_airport,Bourke Airport,-30.039199829101562,145.95199584960938,352,AU,,YBKE,BRK,,Australia/Sydney,false,true
26917,YBMA,medium_airport,Mount Isa Airport,-20.66638,139.488468,1121,AU,Mount Isa,YBMA,ISA,,Australia/Brisbane,false,true
26919,YBMK,medium_airport,Mackay Airport,-21.170816,149.182588,19,AU,Mackay,YBMK,MKY,,Australia/Brisbane,false,true
26920,YBNA,medium_airport,Ballina Byron Gateway Airport,-28.833236,153.561471,7,AU,Ballina,YBNA,BNK,,Australia/Sydney,false,true
26922,YBOK,medium_airport,Oakey Army Aviation Centre,-27.409262,151.736727,1335,AU,,YBOK,OKY,,Australia/Brisbane,false,true
26923,YBOU,medium_airport,Boulia Airport,-22.913299560546875,139.89999389648438,542,AU,,YBOU,BQL,,Australia/Brisbane,false,true
26924,YBPN,medium_airport,Proserpine Whitsunday Coast Airport,-20.494416,148.553583,82,AU,Proserpine,YBPN,PPP,,Australia/Brisbane,false,true
26925,YBRK,medium_airport,Rockhampton Airport,-23.380019,150.475359,34,AU,Rockhampton,YBRK,ROK,,Australia/Brisbane,false,true
26927,YBRM,large_airport,Broome International Airport,-17.949194,122.2283,56,AU,Broome,YBRM,BME,,Australia/Perth,false,true
26918,YBSU,large_airport,Sunshine Coast Airport,-26.593324,153.08319,15,AU,Maroochydore,YBSU,MCY,,Australia/Brisbane,false,true
26932,YBTH,medium_airport,Bathurst Airport,-33.406817,149.651161,2435,AU,Bathurst,YBTH,BHS,,Australia/Sydney,false,true
26934,YBTL,medium_airport,Townsville Airport / RAAF Base Townsville,-19.252904,146.766512,18,AU,Townsville,YBTL,TSV,,Australia/Brisbane,false,true
26936,YBUD,medium_airport,Bundaberg Airport,-24.905039,152.322612,107,AU,Bundaberg,YBUD,BDB,,Australia/Brisbane,false,true
26939,YBWP,medium_airport,Weipa Airport,-12.677493,141.922618,63,AU,Weipa,YBWP,WEI,,Australia/Brisbane,false,true
315119,YBWW,large_airport,Toowoomba Wellcamp Airport,-27.558332,151.793335,1509,AU,Toowoomba,YBWW,WTB,,Australia/Brisbane,false,true
26941,YCAR,medium_airport,Carnarvon Airport,-24.884337,113.666393,13,AU,Carnarvon,YCAR,CVQ,,Australia/Perth,false,true
26943,YCBA,medium_airport,Cobar Airport,-31.538299560546875,145.79400634765625,724,AU,,YCBA,CAZ,,Australia/Sydney,false,true
26946,YCBP,medium_airport,Coober Pedy Airport,-29.038312,134.722166,740,AU,Coober Pedy,YCBP,CPD,,Australia/Adelaide,false,true
26948,YCCY,medium_airport,Cloncurry Airport,-20.668600082399998,140.503997803,616,AU,Cloncurry,YCCY,CNJ,,Australia/Brisbane,false,true
26950,YCDU,medium_airport,Ceduna Airport,-32.13059997558594,133.7100067138672,77,AU,,YCDU,CED,,Australia/Adelaide,false,true
27132,YCFS,medium_airport,Coffs Harbour Airport,-30.320601,153.115997,18,AU,Coffs Harbour,YCFS,CFS,,Australia/Sydney,false,true
26955,YCKN,medium_airport,Cooktown Airport,-15.443649,145.183221,26,AU,,YCKN,CTN,,Australia/Brisbane,false,true
26957,YCMU,medium_airport,Cunnamulla Airport,-28.030000686645508,145.6219940185547,630,AU,,YCMU,CMA,,Australia/Brisbane,false,true
26959,YCNM,medium_airport,Coonamble Airport,-30.980946,148.377833,604,AU,,YCNM,CNB,,Australia/Sydney,false,true
26961,YCOE,medium_airport,Coen Airport,-13.761133,143.113311,532,AU,Coen,YCOE,CUQ,,Australia/Brisbane,false,true
26962,YCOM,medium_airport,Cooma Snowy Mountains Airport,-36.300445,148.972408,3088,AU,Cooma,YCOM,OOM,,Australia/Sydney,false,true
26975,YDPO,medium_airport,Devonport Airport,-41.1697006226,146.429992676,33,AU,Devonport,YDPO,DPO,,Australia/Hobart,false,true
26980,YELD,medium_airport,Elcho Island Airport,-12.019399642899998,135.570999146,101,AU,Elcho Island,YELD,ELC,,Australia/Darwin,false,true
26981,YEML,medium_airport,Emerald Airport,-23.5674991608,148.179000854,624,AU,Emerald,YEML,EMD,,Australia/Brisbane,false,true
26982,YESP,medium_airport,Esperance Airport,-33.684399,121.822998,470,AU,Esperance,YESP,EPR,,Australia/Perth,false,true
26986,YFTZ,medium_airport,Fitzroy Crossing Airport,-18.183596,125.559783,368,AU,,YFTZ,FIZ,,Australia/Perth,false,true
26991,YGEL,medium_airport,Geraldton Airport,-28.796101,114.707001,121,AU,Moonyoonooka,YGEL,GET,,Australia/Perth,false,true
26994,YGLA,medium_airport,Gladstone Airport,-23.869763,151.225439,64,AU,Gladstone,YGLA,GLT,,Australia/Brisbane,false,true
26998,YGTE,medium_airport,Groote Eylandt Airport,-13.972405,136.458553,53,AU,Groote Eylandt,YGTE,GTE,,Australia/Darwin,false,true
26999,YGTH,medium_airport,Griffith Airport,-34.2508010864,146.067001343,439,AU,Griffith,YGTH,GFF,,Australia/Sydney,false,true
27003,YHBA,medium_airport,Hervey Bay Airport,-25.320127,152.880662,60,AU,Hervey Bay,YHBA,HVB,,Australia/Brisbane,false,true
27004,YHID,medium_airport,Horn Island Airport,-10.585636,142.29277,43,AU,Horn,YHID,HID,,Australia/Brisbane,false,true
27008,YHOT,medium_airport,Mount Hotham Airport,-37.0475006104,147.333999634,4260,AU,Mount Hotham,YHOT,MHU,,Australia/Melbourne,false,true
27023,YKII,medium_airport,King Island Airport,-39.877498626708984,143.8780059814453,132,AU,,YKII,KNS,,Australia/Hobart,false,true
27026,YKOW,medium_airport,Kowanyama Airport,-15.485369,141.752572,35,AU,Kowanyama,YKOW,KWM,,Australia/Brisbane,false,true
27028,YKSC,medium_airport,Kingscote Airport,-35.71390151977539,137.52099609375,24,AU,,YKSC,KGC,,Australia/Adelaide,false,true
27032,YLEO,medium_airport,Leonora Airport,-28.87809944152832,121.31500244140625,1217,AU,Leonora,YLEO,LNO,,Australia/Perth,false,true
27034,YLHR,medium_airport,Lockhart River Airport,-12.7869,143.304993,77,AU,Lockhart River,YLHR,IRG,,Australia/Brisbane,false,true
27035,YLIS,medium_airport,Lismore Airport,-28.830689,153.258419,35,AU,Lismore,YLIS,LSY,,Australia/Sydney,false,true
27037,YLRD,medium_airport,Lightning Ridge Airport,-29.452857,147.977146,540,AU,,YLRD,LHG,,Australia/Sydney,false,true
27038,YLRE,medium_airport,Longreach Airport,-23.43202,144.277492,627,AU,Longreach,YLRE,LRE,,Australia/Brisbane,false,true
27039,YLST,medium_airport,Leinster Airport,-27.843299865722656,120.7030029296875,1631,AU,,YLST,LER,,Australia/Perth,false,true
27043,YMAV,large_airport,Melbourne Avalon International Airport,-38.040269,144.467196,35,AU,Geelong/Melbourne,YMAV,AVV,,Australia/Melbourne,false,true
27044,YMAY,medium_airport,Albury Airport,-36.066758,146.959148,539,AU,East Albury,YMAY,ABX,,Australia/Sydney,false,true
27050,YMEK,medium_airport,Meekatharra Airport,-26.6117000579834,118.5479965209961,1713,AU,,YMEK,MKR,,Australia/Perth,false,true
27051,YMEN,medium_airport,Melbourne Essendon Airport,-37.7281,144.901993,282,AU,Essendon Fields,YMEN,MEB,,Australia/Melbourne,false,true
27052,YMER,medium_airport,Merimbula Airport,-36.9085998535,149.901000977,7,AU,Merimbula,YMER,MIM,,Australia/Sydney,false,true
27055,YMGD,medium_airport,Maningrida Airport,-12.0560998917,134.23399353,123,AU,Maningrida,YMGD,MNG,,Australia/Darwin,false,true
27058,YMHB,large_airport,Hobart International Airport,-42.837032,147.513022,13,AU,Hobart (Cambridge),YMHB,HBA,,Australia/Hobart,false,true
27060,YMIA,medium_airport,Mildura Airport,-34.229198455799995,142.085998535,167,AU,Mildura,YMIA,MQL,,Australia/Melbourne,false,true
27063,YMLT,medium_airport,Launceston Airport,-41.544935,147.210785,562,AU,Launceston (Western Junction),YMLT,LST,,Australia/Hobart,false,true
27064,YMMB,medium_airport,Melbourne Moorabbin Airport,-37.977765,145.099799,50,AU,Melbourne,YMMB,MBW,,Australia/Melbourne,false,true
27066,YMML,large_airport,Melbourne Airport,-37.670732,144.837898,434,AU,Melbourne,YMML,MEL,,Australia/Melbourne,false,true
27071,YMOG,medium_airport,Mount Magnet Airport,-28.116100311279297,117.84200286865234,1354,AU,,YMOG,MMG,,Australia/Perth,false,true
27072,YMOR,medium_airport,Moree Airport,-29.498899459799997,149.845001221,701,AU,Moree,YMOR,MRZ,,Australia/Sydney,false,true
27074,YMRB,medium_airport,Moranbah Airport,-22.057800293,148.07699585,770,AU,Moranbah,YMRB,MOV,,Australia/Brisbane,false,true
27075,YMRY,medium_airport,Moruya Airport,-35.8978004456,150.143997192,14,AU,Moruya,YMRY,MYA,,Australia/Sydney,false,true
507498,YMTG,medium_airport,Mount Gambier Airport,-37.744382,140.780561,,AU,Mount Gambier,YMTG,MGB,,Australia/Adelaide,false,true
27081,YNAR,medium_airport,Narrandera Airport,-34.7022018433,146.511993408,474,AU,Narrandera,YNAR,NRA,,Australia/Sydney,false,true
27082,YNBR,medium_airport,Narrabri Airport,-30.3192005157,149.82699585,788,AU,Narrabri,YNBR,NAA,,Australia/Sydney,false,true
27088,YNTN,medium_airport,Normanton Airport,-17.68409,141.069664,73,AU,Normanton,YNTN,NTN,,Australia/Brisbane,false,true
27090,YNWN,medium_airport,Newman Airport,-23.417800903299998,119.803001404,1724,AU,Newman,YNWN,ZNE,,Australia/Perth,false,true
27096,YPAD,large_airport,Adelaide International Airport,-34.947512,138.533393,20,AU,Adelaide,YPAD,ADL,,Australia/Adelaide,false,true
27097,YPAG,medium_airport,Port Augusta Airport,-32.506900787353516,137.7169952392578,56,AU,,YPAG,PUG,,Australia/Adelaide,false,true
27099,YPBO,medium_airport,Paraburdoo Airport,-23.1711006165,117.745002747,1406,AU,Paraburdoo,YPBO,PBO,,Australia/Perth,false,true
27100,YPCC,large_airport,Cocos (Keeling) Islands Airport,-12.192218,96.834103,10,CC,West Island,YPCC,CCK,,Indian/Cocos,false,true
27101,YPDN,large_airport,Darwin International Airport / RAAF Darwin,-12.41497,130.88185,103,AU,Darwin,YPDN,DRW,,Australia/Darwin,false,true
27104,YPGV,medium_airport,Gove Airport,-12.269399642899998,136.817993164,192,AU,Nhulunbuy,YPGV,GOV,,Australia/Darwin,false,true
27107,YPKA,medium_airport,Karratha Airport,-20.712200164799995,116.773002625,29,AU,Karratha,YPKA,KTA,,Australia/Perth,false,true
27108,YPKG,medium_airport,Kalgoorlie Boulder Airport,-30.791543,121.464586,1203,AU,Broadwood,YPKG,KGI,,Australia/Perth,false,true
27109,YPKS,medium_airport,Parkes Airport,-33.131401062,148.238998413,1069,AU,Parkes,YPKS,PKE,,Australia/Sydney,false,true
27111,YPKU,medium_airport,East Kimberley Regional (Kununurra) Airport,-15.7781,128.707993,145,AU,Kununurra,YPKU,KNX,,Australia/Perth,false,true
27112,YPLC,medium_airport,Port Lincoln Airport,-34.6053009033,135.880004883,36,AU,Port Lincoln,YPLC,PLO,,Australia/Adelaide,false,true
27113,YPLM,medium_airport,Learmonth Airport,-22.235201,114.090024,19,AU,Exmouth,YPLM,LEA,,Australia/Perth,false,true
27115,YPMQ,medium_airport,Port Macquarie Airport,-31.4358005524,152.863006592,12,AU,Port Macquarie,YPMQ,PQQ,,Australia/Sydney,false,true
27116,YPOD,medium_airport,Portland Airport,-38.31809997558594,141.4709930419922,265,AU,,YPOD,PTJ,,Australia/Melbourne,false,true
27117,YPPD,large_airport,Port Hedland International Airport,-20.382787,118.629789,33,AU,Port Hedland,YPPD,PHE,,Australia/Perth,false,true
27119,YPPH,large_airport,Perth International Airport,-31.94029998779297,115.96700286865234,67,AU,Perth,YPPH,PER,,Australia/Perth,false,true
27122,YPXM,medium_airport,Christmas Island International Airport,-10.450387,105.6911,916,CX,Flying Fish Cove,YPXM,XCH,,Indian/Christmas,false,true
27124,YQLP,medium_airport,Quilpie Airport,-26.609176,144.253746,655,AU,,YQLP,ULP,,Australia/Brisbane,false,true
27128,YROM,medium_airport,Roma Airport,-26.545000076300003,148.774993896,1032,AU,Roma,YROM,RMA,,Australia/Brisbane,false,true
27131,YSCB,medium_airport,Canberra Airport,-35.3069,149.195007,1886,AU,Canberra,YSCB,CBR,,Australia/Sydney,false,true
27135,YSDU,medium_airport,Dubbo City Regional Airport,-32.2167015076,148.574996948,935,AU,Dubbo,YSDU,DBO,,Australia/Sydney,false,true
27137,YSHK,medium_airport,Shark Bay Airport,-25.897294,113.575802,111,AU,Denham,YSHK,MJK,,Australia/Perth,false,true
27140,YSNB,medium_airport,Snake Bay Airport,-11.417674,130.648481,173,AU,Milikapiti,YSNK,SNB,,Australia/Darwin,false,true
27141,YSNF,medium_airport,Norfolk Island International Airport,-29.041759,167.939474,371,NF,Burnt Pine,YSNF,NLK,,Pacific/Norfolk,false,true
27145,YSSY,large_airport,Sydney Kingsford Smith International Airport,-33.946098,151.177002,21,AU,Sydney (Mascot),YSSY,SYD,,Australia/Sydney,false,true
27147,YSTW,medium_airport,Tamworth Airport,-31.077898,150.845484,1334,AU,Tamworth,YSTW,TMW,,Australia/Sydney,false,true
27148,YSWG,medium_airport,Wagga Wagga Airport,-35.163484,147.46832,724,AU,Forest Hill,YSWG,WGA,,Australia/Sydney,false,true
27154,YTGM,medium_airport,Thargomindah Airport,-27.986368,143.812065,433,AU,Thargomindah,YTGM,XTG,,Australia/Brisbane,false,true
27158,YTNG,medium_airport,Thangool Airport,-24.494863,150.577967,644,AU,Biloela,YTNG,THG,,Australia/Brisbane,false,true
27159,YTNK,medium_airport,Tennant Creek Airport,-19.6343994140625,134.18299865722656,1236,AU,Tennant Creek,YTNK,TCA,,Australia/Darwin,false,true
27168,YWDH,medium_airport,Windorah Airport,-25.410641,142.668428,452,AU,Windorah,YWDH,WNR,,Australia/Brisbane,false,true
27170,YWHA,medium_airport,Whyalla Airport,-33.05889892578125,137.51400756835938,41,AU,Whyalla,YWHA,WYA,,Australia/Adelaide,false,true
27174,YWLG,medium_airport,Walgett Airport,-30.032801,148.126007,439,AU,,YWLG,WGE,,Australia/Sydney,false,true
27175,YWLM,large_airport,Newcastle Airport,-32.796114,151.835025,31,AU,Williamtown,YWLM,NTL,,Australia/Sydney,false,true
27176,YWLU,medium_airport,Wiluna Airport,-26.632691,120.221906,1649,AU,,YWLU,WUN,,Australia/Perth,false,true
27180,YWTN,medium_airport,Winton Airport,-22.36359977722168,143.08599853515625,638,AU,,YWTN,WIN,,Australia/Brisbane,false,true
27184,YWYY,medium_airport,Wynyard Airport,-40.997039,145.726,62,AU,Burnie,YWYY,BWT,,Australia/Hobart,false,true
27188,ZBAA,large_airport,Beijing Capital International Airport,40.077349,116.596702,116,CN,Beijing,ZBAA,PEK,,Asia/Shanghai,false,true
330820,ZBAD,large_airport,Beijing Daxing International Airport,39.501289,116.413967,98,CN,Beijing,ZBAD,PKX,,Asia/Shanghai,false,true
327347,ZBCD,medium_airport,Chengde Puning Airport,41.1225,118.073889,,CN,Chengde,ZBCD,CDE,,Asia/Shanghai,false,true
30829,ZBCF,medium_airport,Chifeng Yulong Airport,42.159723,118.840971,2018,CN,Chifeng,ZBCF,CIF,,Asia/Shanghai,false,true
318174,ZBDH,medium_airport,Qinhuangdao Beidaihe Airport,39.666384,119.061384,46,CN,Qinhuangdao (Changli),ZBDH,BPE,,Asia/Shanghai,false,true
300513,ZBDS,large_airport,Ordos Ejin Horo International Airport,39.493514,109.8599,4557,CN,Ordos,ZBDS,DSN,,Asia/Shanghai,false,true
30876,ZBDT,large_airport,Datong Yungang International Airport,40.06139,113.480509,3442,CN,Datong,ZBDT,DAT,,Asia/Shanghai,false,true
300671,ZBER,medium_airport,Erenhot Saiwusu International Airport,43.424079,112.091081,3301,CN,Erenhot,ZBER,ERL,,Asia/Shanghai,false,true
315854,ZBES,medium_airport,Arxan Yi'ershi Airport,47.3106,119.9117,2925,CN,Arxan,ZBES,YIE,,Asia/Shanghai,false,true
300860,ZBHD,medium_airport,Handan Airport,36.524824,114.424126,229,CN,Handan,ZBHD,HDG,,Asia/Shanghai,false,true
27189,ZBHH,large_airport,Hohhot Baita International Airport,40.849658,111.824598,3556,CN,Hohhot,ZBHH,HET,,Asia/Shanghai,false,true
327443,ZBHZ,medium_airport,Holingol Huolinhe Airport,45.487222,119.407222,,CN,Holingol,ZBHZ,HUO,,Asia/Shanghai,false,true
27190,ZBLA,large_airport,Hulunbuir Hailar Airport,49.208616,119.822301,2169,CN,Hailar,ZBLA,HLD,,Asia/Shanghai,false,true
323216,ZBLF,medium_airport,Linfen Yaodu Airport,36.132629,111.641236,1483,CN,Linfen (Yaodu),ZBLF,LFQ,,Asia/Shanghai,false,true
327444,ZBLL,medium_airport,Lüliang Dawu Airport,37.683333,111.142778,,CN,Lüliang,ZBLL,LLV,,Asia/Shanghai,false,true
322165,ZBMZ,medium_airport,Manzhouli Xijiao Airport,49.566667,117.33,2231,CN,Manzhouli,ZBMZ,NZH,,Asia/Shanghai,false,true
30679,ZBOW,large_airport,Baotou Donghe International Airport,40.560001,109.997002,3321,CN,Baotou,ZBOW,BAV,,Asia/Shanghai,false,true
526860,ZBSG,medium_airport,Shuozhou Zirun Airport,39.273241,112.691552,,CN,Shuozhou,ZBSG,SZH,,Asia/Shanghai,false,true
27191,ZBSJ,large_airport,Shijiazhuang Zhengding International Airport,38.280701,114.696999,233,CN,Shijiazhuang,ZBSJ,SJW,,Asia/Shanghai,false,true
27192,ZBTJ,large_airport,Tianjin Binhai International Airport,39.124401092499994,117.346000671,10,CN,Tianjin,ZBTJ,TSN,,Asia/Shanghai,false,true
32440,ZBTL,medium_airport,Tongliao Airport,43.556702,122.199997,2395,CN,Tongliao,ZBTL,TGO,,Asia/Shanghai,false,true
327445,ZBUC,medium_airport,Ulanqab Jining Airport,41.130266,113.107274,,CN,Ulanqab,ZBUC,UCB,,Asia/Shanghai,false,true
308728,ZBUH,medium_airport,Wuhai Airport,39.7934,106.7993,3650,CN,Wuhai,ZBUH,WUA,,Asia/Shanghai,false,true
32700,ZBXH,medium_airport,Xilinhot Airport,43.91559982299805,115.96399688720703,,CN,Xilinhot,ZBXH,XIL,,Asia/Shanghai,false,true
300455,ZBYC,large_airport,Yuncheng Yanhu International Airport,35.117823,111.034023,1242,CN,Yuncheng (Yanhu),ZBYC,YCU,,Asia/Shanghai,false,true
27193,ZBYN,large_airport,Taiyuan Wusu International Airport,37.746899,112.627998,2575,CN,Taiyuan,ZBYN,TYN,,Asia/Shanghai,false,true
314499,ZBYZ,medium_airport,Bayannur Tianjitai Airport,40.926358,107.74093,3400,CN,Bayannur,ZBYZ,RLK,,Asia/Shanghai,false,true
44100,ZBZJ,medium_airport,Zhangjiakou Ningyuan Airport,40.738664,114.933395,2347,CN,Zhangjiakou,ZBZJ,ZQZ,,Asia/Shanghai,false,true
323666,ZBZL,medium_airport,Zhalantun Genghis Khan Airport,47.865942,122.768662,928,CN,Zhalantun,ZBZL,NZL,,Asia/Shanghai,false,true
30708,ZGBH,medium_airport,Beihai Fucheng Airport,21.538659,109.293683,75,CN,Beihai,ZGBH,BHY,,Asia/Shanghai,false,true
44160,ZGBS,medium_airport,Baise (Bose) Bama Airport,23.7206,106.959999,490,CN,Baise (Tianyang),ZGBS,AEB,,Asia/Shanghai,false,true
30825,ZGCD,medium_airport,Changde Taohuayuan Airport,28.9189,111.639999,128,CN,Changde (Dingcheng),ZGCD,CGD,,Asia/Shanghai,false,true
300890,ZGCJ,medium_airport,Huaihua Zhijiang Airport,27.443087,109.704666,882,CN,Huaihua,ZGCJ,HJJ,,Asia/Shanghai,false,true
352634,ZGCZ,medium_airport,Chenzhou Beihu Airport,25.753419,112.845404,1071,CN,Chenzhou,ZGCZ,HCZ,,Asia/Shanghai,false,true
30958,ZGDY,large_airport,Zhangjiajie Hehua International Airport,29.104749,110.442786,8530,CN,Zhangjiajie (Yongding),ZGDY,DYG,,Asia/Shanghai,false,true
44139,ZGFS,medium_airport,Foshan Shadi Airport,23.0825,113.070833,6,CN,Foshan (Nanhai),ZGFS,FUO,,Asia/Shanghai,false,true
27194,ZGGG,large_airport,Guangzhou Baiyun International Airport,23.392401,113.299004,50,CN,Guangzhou (Huadu),ZGGG,CAN,,Asia/Shanghai,false,true
27195,ZGHA,large_airport,Changsha Huanghua International Airport,28.189199,113.220001,217,CN,Changsha (Changsha),ZGHA,CSX,,Asia/Shanghai,false,true
318152,ZGHC,medium_airport,Hechi Jinchengjiang Airport,24.804344,107.710819,2221,CN,Hechi (Jinchengjiang),ZGHC,HCJ,,Asia/Shanghai,false,true
44146,ZGHZ,medium_airport,Huizhou Pingtan Airport,23.049999,114.599998,50,CN,Huizhou (Pingtan),ZGHZ,HUZ,,Asia/Shanghai,false,true
27196,ZGKL,large_airport,Guilin Liangjiang International Airport,25.219828,110.039553,570,CN,Guilin (Lingui),ZGKL,KWL,,Asia/Shanghai,false,true
308238,ZGLG,medium_airport,Yongzhou Lingling Airport,26.338661,111.610043,340,CN,Yongzhou,ZGLG,LLF,,Asia/Shanghai,false,true
27197,ZGNN,large_airport,Nanning Wuxu International Airport,22.598071,108.181922,421,CN,Nanning (Jiangnan),ZGNN,NNG,,Asia/Shanghai,false,true
32400,ZGOW,large_airport,Jieyang Chaoshan International Airport,23.552,116.5033,,CN,Jieyang (Rongcheng),ZGOW,SWA,,Asia/Shanghai,false,true
30593,ZGSD,large_airport,Zhuhai Jinwan Airport,22.006399,113.375999,23,CN,Zhuhai (Jinwan),ZGSD,ZUH,,Asia/Shanghai,false,true
327446,ZGSY,medium_airport,Shaoyang Wugang Airport,26.806123,110.641042,1444,CN,Shaoyang (Wugang),ZGSY,WGN,,Asia/Shanghai,false,true
27198,ZGSZ,large_airport,Shenzhen Bao'an International Airport,22.639474,113.803262,13,CN,Shenzhen,ZGSZ,SZX,,Asia/Shanghai,false,true
336110,ZGWZ,medium_airport,Wuzhou Xijiang Airport,23.40316,111.09331,357,CN,Tangbu,ZGWZ,WUZ,,Asia/Shanghai,false,true
344100,ZGYL,medium_airport,Yulin Fumian Airport,22.433042,110.119996,328,CN,Yulin,ZGYL,YLX,,Asia/Shanghai,false,true
325171,ZGYY,medium_airport,Yueyang Sanhe Airport,29.311699,113.281574,230,CN,Yueyang (Yueyanglou),ZGYY,YYA,,Asia/Shanghai,false,true
31874,ZGZH,medium_airport,Liuzhou Bailian Airport / Bailian Air Base,24.2075,109.390999,295,CN,Liuzhou (Liujiang),ZGZH,LZH,,Asia/Shanghai,false,true
354995,ZGZJ,large_airport,Zhanjiang Wuchuan International Airport,21.481667,110.590278,,CN,Zhanjiang,ZGZJ,ZHA,,Asia/Shanghai,false,true
27199,ZHCC,large_airport,Zhengzhou Xinzheng International Airport,34.526497,113.849165,495,CN,Zhengzhou,ZHCC,CGO,,Asia/Shanghai,false,true
347108,ZHEC,large_airport,Ezhou Huahu International Airport,30.341178,115.03926,86,CN,Ezhou,ZHEC,EHU,,Asia/Shanghai,false,true
31006,ZHES,medium_airport,Enshi Xujiaping Airport,30.320299,109.485001,1605,CN,Enshi (Enshi),ZHES,ENH,,Asia/Shanghai,false,true
27200,ZHHH,large_airport,Wuhan Tianhe International Airport,30.774798,114.213723,113,CN,Wuhan (Huangpi),ZHHH,WUH,,Asia/Shanghai,false,true
347636,ZHJZ,medium_airport,Jingzhou Shashi Airport,30.29281,112.44854,95,CN,Jingzhou (Shashi),ZHJZ,SHS,,Asia/Shanghai,false,true
31870,ZHLY,large_airport,Luoyang Beijiao Airport,34.7411,112.388,840,CN,Luoyang (Laocheng),ZHLY,LYA,,Asia/Shanghai,false,true
319811,ZHSN,medium_airport,Shennongjia Hongping Airport,31.626,110.34,8365,CN,Shennongjia (Hongping),ZHSN,HPG,,Asia/Shanghai,false,true
318173,ZHSY,medium_airport,Shiyan Wudangshan Airport,32.592889,110.906296,,CN,Shiyan (Maojian),ZHSY,WDS,,Asia/Shanghai,false,true
32697,ZHXF,medium_airport,Xiangyang Liuji Airport,32.152222,112.291666,234,CN,Xiangyang (Xiangzhou),ZHXF,XFN,,Asia/Shanghai,false,true
323907,ZHXY,medium_airport,Xinyang Minggang Airport,32.540819,114.079141,312,CN,Xinyang,ZHXY,XAI,,Asia/Shanghai,false,true
32723,ZHYC,medium_airport,Yichang Sanxia Airport,30.554132,111.482563,673,CN,Yichang (Xiaoting),ZHYC,YIH,,Asia/Shanghai,false,true
27201,ZJHK,large_airport,Haikou Meilan International Airport,19.9349,110.459,75,CN,Haikou (Meilan),ZJHK,HAK,,Asia/Shanghai,false,true
323220,ZJQH,medium_airport,Qionghai Bo'ao Airport,19.140951,110.452766,30,CN,Qionghai (Basuo),ZJQH,BAR,,Asia/Shanghai,false,true
27202,ZJSY,large_airport,Sanya Phoenix International Airport,18.3029,109.412003,92,CN,Sanya (Tianya),ZJSY,SYX,,Asia/Shanghai,false,true
35242,ZKHM,medium_airport,Orang (Chongjin) Airport,41.428538,129.647555,12,KP,Hoemun-ri,ZKHM,RGO,,Asia/Pyongyang,false,true
27203,ZKPY,large_airport,Pyongyang Sunan International Airport,39.224098,125.669998,117,KP,Pyongyang,ZKPY,FNJ,,Asia/Pyongyang,false,true
35218,ZKSD,medium_airport,Sondok Airport,39.745201,127.473999,12,KP,Sŏndŏng-ni,ZKSD,DSO,,Asia/Pyongyang,false,true
35213,ZKWS,medium_airport,Wonsan Kalma Airport,39.165219,127.487931,7,KP,Wonsan,ZKWS,WOS,,Asia/Pyongyang,false,true
30929,ZLDH,large_airport,Dunhuang Mogao International Airport,40.161953,94.812827,,CN,Dunhuang,ZLDH,DNH,,Asia/Shanghai,false,true
318171,ZLDL,medium_airport,Haixi Delingha Airport,37.125286,97.268658,9843,CN,Delingha,ZLDL,HXD,,Asia/Shanghai,false,true
319715,ZLGL,medium_airport,Golog Maqên Airport,34.418066,100.301144,12426,CN,Golog (Maqên),ZLGL,GMQ,,Asia/Shanghai,false,true
35308,ZLGM,medium_airport,Golmud Airport,36.4006,94.786102,9334,CN,Golmud,ZLGM,GOQ,,Asia/Shanghai,false,true
300741,ZLGY,medium_airport,Guyuan Liupanshan Airport,36.078889,106.216944,5727,CN,Guyuan (Yuanzhou),ZLGY,GYU,,Asia/Shanghai,false,true
319417,ZLHX,medium_airport,Huatugou Airport,38.201645,90.837843,2945,CN,Mengnai,ZLHX,HTT,,Asia/Shanghai,false,true
31659,ZLHZ,medium_airport,Hanzhong Chenggu Airport,33.133527,107.203817,,CN,Hanzhong (Chenggu),ZLHZ,HZG,,Asia/Shanghai,false,true
298989,ZLIC,large_airport,Yinchuan Hedong International Airport,38.322758,106.393214,3743,CN,Yinchuan,ZLIC,INC,,Asia/Shanghai,false,true
301010,ZLJC,medium_airport,Jinchang Jinchuan Airport,38.542222,102.348333,4740,CN,Jinchang,ZLJC,JIC,,Asia/Shanghai,false,true
31699,ZLJQ,large_airport,Jiayuguan International Airport,39.859052,98.339344,5112,CN,Jiayuguan,ZLJQ,JGN,,Asia/Shanghai,false,true
27204,ZLLL,large_airport,Lanzhou Zhongchuan International Airport,36.515202,103.620003,6388,CN,Lanzhou (Yongdeng),ZLLL,LHW,,Asia/Shanghai,false,true
327544,ZLLN,medium_airport,Longnan Chengzhou Airport,33.789918,105.790014,3707,CN,Longnan (Cheng),ZLLN,LNL,,Asia/Shanghai,false,true
31685,ZLQY,medium_airport,Qingyang Xifeng Airport,35.802638,107.598896,,CN,Qingyang (Xifeng),ZLQY,IQN,,Asia/Shanghai,false,true
44208,ZLTS,medium_airport,Tianshui Maijishan Airport,34.5601,105.860343,3590,CN,Tianshui (Maiji),ZLTS,THQ,,Asia/Shanghai,false,true
312986,ZLXH,medium_airport,Gannan Xiahe Airport,34.819014,102.622261,10510,CN,Gannan (Xiahe),ZLXH,GXH,,Asia/Shanghai,false,true
32709,ZLXN,large_airport,Xining Caojiabao International Airport,36.52775,102.040215,7119,CN,Haidong (Huzhu Tu Autonomous County),ZLXN,XNN,,Asia/Shanghai,false,true
27205,ZLXY,large_airport,Xi'an Xianyang International Airport,34.442207,108.762385,1572,CN,Xi'an,ZLXY,XIY,,Asia/Shanghai,false,true
336112,ZLYA,medium_airport,Yan'an Nanniwan Airport,36.479413,109.464083,,CN,Yan'an (Baota),ZLYA,ENY,,Asia/Shanghai,false,true
32563,ZLYL,medium_airport,Yulin Yuyang Airport,38.35971,109.590927,3891,CN,Yulin,ZLYL,UYN,,Asia/Shanghai,false,true
300516,ZLYS,medium_airport,Yushu Batang Airport,32.836389,97.036389,12816,CN,Yushu (Batang),ZLYS,YUS,,Asia/Shanghai,false,true
308462,ZLZW,medium_airport,Zhongwei Shapotou Airport,37.573125,105.154454,4088,CN,Zhongwei (Shapotou),ZLZW,ZHY,,Asia/Shanghai,false,true
44221,ZLZY,medium_airport,Zhangye Ganzhou Airport,38.801899,100.675003,5280,CN,Zhangye (Ganzhou),ZLZY,YZY,,Asia/Shanghai,false,true
29670,ZMAH,medium_airport,Arvaikheer Airport,46.250301361083984,102.802001953125,5932,MN,Arvaikheer,ZMAH,AVK,,Asia/Ulaanbaatar,false,true
29654,ZMAT,medium_airport,Altai Airport,46.376399993896484,96.22109985351562,7260,MN,Altai,ZMAT,LTI,,Asia/Ulaanbaatar,false,true
27206,ZMBH,medium_airport,Bayankhongor Airport,46.1633,100.704002,6085,MN,Bayankhongor,ZMBH,BYN,,Asia/Ulaanbaatar,false,true
29736,ZMBN,medium_airport,Bulgan Airport,48.85499954223633,103.47599792480469,4311,MN,Bulgan,ZMBN,UGA,,Asia/Ulaanbaatar,false,true
27208,ZMCD,medium_airport,Choibalsan Airport,48.135381,114.647231,2457,MN,,ZMCD,COQ,,Asia/Ulaanbaatar,false,true
335326,ZMCK,large_airport,Ulaanbaatar Chinggis Khaan International Airport,47.646916,106.819833,4482,MN,Ulaanbaatar (Sergelen),ZMCK,UBN,,Asia/Ulaanbaatar,false,true
27209,ZMDZ,medium_airport,Dalanzadgad Airport,43.608628,104.367734,4787,MN,Dalanzadgad,ZMDZ,DLZ,,Asia/Ulaanbaatar,false,true
27210,ZMKD,medium_airport,Khovd Airport,47.954102,91.628197,4898,MN,Khovd,ZMKD,HVD,,Asia/Hovd,false,true
27211,ZMMN,medium_airport,Mörön Airport,49.663677,100.100028,4272,MN,Mörön,ZMMN,MXV,,Asia/Ulaanbaatar,false,true
302316,ZMUG,medium_airport,Ulaangom Airport,50.066588,91.938273,5676,MN,Ulaangom,ZMUG,ULO,,Asia/Hovd,false,true
30505,ZMUL,medium_airport,Ölgii Mongolei International Airport,48.993301,89.922501,5732,MN,Ölgii,ZMUL,ULG,,Asia/Hovd,false,true
44103,ZPBS,medium_airport,Baoshan Yunrui Airport,25.053301,99.168297,5453,CN,Baoshan (Longyang),ZPBS,BSD,,Asia/Shanghai,false,true
327447,ZPCW,medium_airport,Cangyuan Washan Airport,23.276331,99.373169,,CN,Lincang (Cangyuan),ZPCW,CWJ,,Asia/Shanghai,false,true
30925,ZPDL,medium_airport,Dali Fengyi Airport,25.649401,100.319,7050,CN,Dali (Xiaguan),ZPDL,DLU,,Asia/Shanghai,false,true
30916,ZPDQ,medium_airport,Diqing Shangri-La Airport,27.7936,99.6772,10761,CN,Diqing (Shangri-La),ZPDQ,DIG,,Asia/Shanghai,false,true
27213,ZPJH,large_airport,Xishuangbanna Gasa International Airport,21.974648,100.762224,1815,CN,Jinghong (Gasa),ZPJH,JHG,,Asia/Shanghai,false,true
327448,ZPJM,medium_airport,Lancang Jingmai Airport,22.417733,99.784012,,CN,Pu'er (Lancang),ZPJM,JMJ,,Asia/Shanghai,false,true
44116,ZPLC,medium_airport,Lincang Boshang Airport,23.7381,100.025002,6230,CN,Lincang,ZPLC,LNJ,,Asia/Shanghai,false,true
31828,ZPLJ,large_airport,Lijiang Sanyi International Airport,26.677483,100.244944,7359,CN,Lijiang,ZPLJ,LJG,,Asia/Shanghai,false,true
31862,ZPMS,medium_airport,Dehong Mangshi International Airport,24.4011,98.5317,2890,CN,Dehong (Mangshi),ZPMS,LUM,,Asia/Shanghai,false,true
27214,ZPPP,large_airport,Kunming Changshui International Airport,25.110313,102.936743,6903,CN,Kunming,ZPPP,KMG,,Asia/Shanghai,false,true
27215,ZSAM,large_airport,Xiamen Gaoqi International Airport,24.543889,118.127454,59,CN,Xiamen,ZSAM,XMN,,Asia/Shanghai,false,true
30650,ZSAQ,medium_airport,Anqing Tianzhushan Airport / Anqing North Air Base,30.582199,117.050003,,CN,Anqing,ZSAQ,AQG,,Asia/Shanghai,false,true
30871,ZSCG,medium_airport,Changzhou Benniu International Airport,31.920485,119.77546,33,CN,Changzhou,ZSCG,CZX,,Asia/Shanghai,false,true
27216,ZSCN,large_airport,Nanchang Changbei International Airport,28.864815,115.90271,143,CN,Nanchang,ZSCN,KHN,,Asia/Shanghai,false,true
44169,ZSDY,medium_airport,Dongying Shengli Airport,37.50137,118.789863,15,CN,Dongying (Kenli),ZSDY,DOY,,Asia/Shanghai,false,true
308240,ZSFY,medium_airport,Fuyang Xiguan Airport,32.882157,115.734364,104,CN,"Yingzhou, Fuyang",ZSFY,FUG,,Asia/Shanghai,false,true
27217,ZSFZ,large_airport,Fuzhou Changle International Airport,25.929254,119.672524,46,CN,Fuzhou (Changle),ZSFZ,FOC,,Asia/Shanghai,false,true
27218,ZSHC,large_airport,Hangzhou Xiaoshan International Airport,30.23609,120.428865,23,CN,Hangzhou,ZSHC,HGH,,Asia/Shanghai,false,true
352633,ZSHZ,medium_airport,Heze Mudan Airport,35.212972,115.736748,151,CN,Heze (Dingtao),ZSHZ,HZA,,Asia/Shanghai,false,true
31695,ZSJD,medium_airport,Jingdezhen Luojia Airport,29.3386,117.176003,112,CN,Jingdezhen,ZSJD,JDZ,,Asia/Shanghai,false,true
548284,ZSJG,medium_airport,Jining Da'an Airport,35.647358,116.743269,171,CN,Jining,ZSJG,JNG,,Asia/Shanghai,false,true
27219,ZSJN,large_airport,Jinan Yaoqiang International Airport,36.857201,117.216003,76,CN,Jinan (Licheng),ZSJN,TNA,,Asia/Shanghai,false,true
31714,ZSJU,medium_airport,Quzhou Airport,28.96613,118.898793,213,CN,Quzhou (Kezheng),ZSJU,JUZ,,Asia/Shanghai,false,true
44167,ZSLG,large_airport,Lianyungang Huaguoshan International Airport,34.41406,119.17899,,CN,Lianyungang,ZSLG,LYG,,Asia/Shanghai,false,true
44234,ZSLO,medium_airport,Liancheng Guanzhishan Airport,25.67592,116.745907,1225,CN,Longyan (Liancheng),ZSLO,LCX,,Asia/Shanghai,false,true
31658,ZSLQ,medium_airport,Taizhou Luqiao Airport,28.562201,121.429001,,CN,Taizhou (Luqiao),ZSLQ,HYN,,Asia/Shanghai,false,true
31871,ZSLY,medium_airport,Linyi Qiyang Airport,35.052918,118.411828,177,CN,Linyi (Hedong),ZSLY,LYI,,Asia/Shanghai,false,true
27220,ZSNB,large_airport,Ningbo Lishe International Airport,29.82670021057129,121.46199798583984,13,CN,Ningbo,ZSNB,NGB,,Asia/Shanghai,false,true
27221,ZSNJ,large_airport,Nanjing Lukou International Airport,31.735032,118.865949,49,CN,Nanjing,ZSNJ,NKG,,Asia/Shanghai,false,true
32048,ZSNT,medium_airport,Nantong Xingdong International Airport,32.073566,120.980076,16,CN,Nantong (Tongzhou),ZSNT,NTG,,Asia/Shanghai,false,true
27222,ZSOF,large_airport,Hefei Xinqiao International Airport,31.98779,116.9769,207,CN,Hefei,ZSOF,HFE,,Asia/Shanghai,false,true
27223,ZSPD,large_airport,Shanghai Pudong International Airport,31.1434,121.805,13,CN,Shanghai (Pudong),ZSPD,PVG,,Asia/Shanghai,false,true
342096,ZSQD,large_airport,Qingdao Jiaodong International Airport,36.361953,120.088171,30,CN,Qingdao (Jiaozhou),ZSQD,TAO,,Asia/Shanghai,false,true
31705,ZSQZ,large_airport,Quanzhou Jinjiang International Airport,24.795855,118.588599,39,CN,Quanzhou,ZSQZ,JJN,,Asia/Shanghai,false,true
323218,ZSRZ,medium_airport,Rizhao Shanzihe Airport,35.405033,119.324403,121,CN,Rizhao (Donggang),ZSRZ,RIZ,,Asia/Shanghai,false,true
300863,ZSSH,large_airport,Huai'an Lianshui Airport,33.792712,119.126657,28,CN,Huai'an,ZSSH,HIA,,Asia/Shanghai,false,true
316774,ZSSM,medium_airport,Sanming Shaxian Airport,26.4263,117.8336,830,CN,Sanming (Sha),ZSSM,SQJ,,Asia/Shanghai,false,true
316767,ZSSR,medium_airport,Shangrao Sanqingshan Airport,28.3797,117.9643,340,CN,Shangrao (Hengfeng),ZSSR,SQD,,Asia/Shanghai,false,true
27225,ZSSS,large_airport,Shanghai Hongqiao International Airport,31.198104,121.33426,10,CN,Shanghai (Minhang),ZSSS,SHA,,Asia/Shanghai,false,true
32489,ZSTX,large_airport,Huangshan Tunxi International Airport,29.733299,118.255997,,CN,Huangshan,ZSTX,TXN,,Asia/Shanghai,false,true
348698,ZSWA,medium_airport,Wuhu Xuanzhou Airport,31.1045,118.66687,80,CN,Wuhu,ZSWA,WHA,,Asia/Shanghai,false,true
32646,ZSWF,medium_airport,Weifang Nanyuan Airport,36.646702,119.119003,,CN,Weifang (Kuiwen),ZSWF,WEF,,Asia/Shanghai,false,true
27226,ZSWH,medium_airport,Weihai Dashuibo Airport,37.187099,122.228996,145,CN,Weihai,ZSWH,WEH,,Asia/Shanghai,false,true
32684,ZSWX,large_airport,Sunan Shuofang International Airport,31.496952,120.43038,24,CN,Wuxi,ZSWX,WUX,,Asia/Shanghai,false,true
32683,ZSWY,medium_airport,Nanping Wuyishan Airport,27.7019,118.000999,614,CN,Wuyishan,ZSWY,WUS,,Asia/Shanghai,false,true
32672,ZSWZ,large_airport,Wenzhou Longwan International Airport,27.910572,120.853465,13,CN,Wenzhou (Longwan),ZSWZ,WNZ,,Asia/Shanghai,false,true
32713,ZSXZ,medium_airport,Xuzhou Guanyin International Airport,34.059056,117.555278,108,CN,Xuzhou,ZSXZ,XUZ,,Asia/Shanghai,false,true
317774,ZSYA,medium_airport,Yangzhou Taizhou Airport,32.5634,119.7198,7,CN,Yangzhou,ZSYA,YTY,,Asia/Shanghai,false,true
315853,ZSYC,medium_airport,Yichun Mingyueshan Airport,27.8025,114.3062,430,CN,Yichun,ZSYC,YIC,,Asia/Shanghai,false,true
35316,ZSYN,large_airport,Yancheng Nanyang International Airport,33.428317,120.20545,10,CN,Yancheng (Tinghu),ZSYN,YNZ,,Asia/Shanghai,false,true
332096,ZSYT,large_airport,Yantai Penglai International Airport,37.659724,120.978124,154,CN,Yantai,ZSYT,YNT,,Asia/Shanghai,false,true
32726,ZSYW,large_airport,Yiwu Airport,29.342095,120.03116,262,CN,Yiwu/Jinhua,ZSYW,YIW,,Asia/Shanghai,false,true
31624,ZSZS,large_airport,Zhoushan Putuoshan International Airport,29.933874,122.362307,6,CN,Zhoushan,ZSZS,HSN,,Asia/Shanghai,false,true
300545,ZUAL,medium_airport,Ngari Gunsa Airport,32.09794,80.053971,14022,CN,Shiquanhe,ZUAL,NGQ,,Asia/Shanghai,false,true
300785,ZUAS,medium_airport,Anshun Huangguoshu Airport,26.260556,105.873333,4812,CN,Anshun (Xixiu),ZUAS,AVA,,Asia/Shanghai,false,true
30788,ZUBD,medium_airport,Qamdo Bangda Airport,30.553600311279297,97.1082992553711,14219,CN,Bangda,ZUBD,BPX,,Asia/Shanghai,false,true
318169,ZUBJ,medium_airport,Bijie Feixiong Airport,27.267066,105.472097,4751,CN,Bijie,ZUBJ,BFJ,,Asia/Shanghai,false,true
27228,ZUCK,large_airport,Chongqing Jiangbei International Airport,29.712254,106.651895,1365,CN,Chongqing,ZUCK,CKG,,Asia/Shanghai,false,true
352223,ZUDA,medium_airport,Dazhou Jinya Airport,31.048815,107.435646,1342,CN,Dazhou (Dachuan),ZUDA,DZH,,Asia/Shanghai,false,true
327348,ZUDC,medium_airport,Daocheng Yading Airport,29.31632,100.060317,14472,CN,Garzê (Daocheng),ZUDC,DCY,,Asia/Shanghai,false,true
31562,ZUGU,medium_airport,Guangyuan Panlong Airport,32.390254,105.694571,,CN,Guangyuan (Lizhou),ZUGU,GYS,,Asia/Shanghai,false,true
27229,ZUGY,large_airport,Guiyang Longdongbao International Airport,26.541805,106.80402,3736,CN,Guiyang (Nanming),ZUGY,KWE,,Asia/Shanghai,false,true
300512,ZUJZ,medium_airport,Jiuzhai Huanglong Airport,32.853333,103.682222,11327,CN,Ngawa (Songpan),ZUJZ,JZH,,Asia/Shanghai,false,true
327350,ZUKD,medium_airport,Kangding Airport,30.142464,101.73872,14042,CN,Garzê (Kangding),ZUKD,KGT,,Asia/Shanghai,false,true
313427,ZUKJ,medium_airport,Kaili Huangping Airport,26.972,107.988,3115,CN,Kaili  (Huangping),ZUKJ,KJH,,Asia/Shanghai,false,true
31867,ZULS,large_airport,Lhasa Gonggar International Airport,29.298001,90.911951,11713,CN,Shannan (Gonggar),ZULS,LXA,,Asia/Shanghai,false,true
336114,ZULZ,medium_airport,Luzhou Yunlong Airport,29.030357,105.468407,,CN,Luzhou (Yunlong),ZULZ,LZO,,Asia/Shanghai,false,true
327355,ZUMT,medium_airport,Zunyi Maotai Airport,27.961837,106.435416,4068,CN,Zunyi,ZUMT,WMT,,Asia/Shanghai,false,true
31908,ZUMY,medium_airport,Mianyang Nanjiao Airport,31.428101,104.740997,7874,CN,Mianyang (Fucheng),ZUMY,MIG,,Asia/Shanghai,false,true
308782,ZUNP,medium_airport,Liping Airport,26.32217,109.1499,1620,CN,Liping,ZUNP,HZH,,Asia/Shanghai,false,true
31876,ZUNZ,medium_airport,Nyingchi Mainling Airport,29.303301,94.335297,9675,CN,Nyingchi (Mainling),ZUNZ,LZY,,Asia/Shanghai,false,true
327352,ZUPS,medium_airport,Liupanshui Yuezhao Airport,26.609417,104.979,,CN,Liupanshui (Zhongshan),ZUPS,LPF,,Asia/Shanghai,false,true
300865,ZUQJ,medium_airport,Qianjiang Wulingshan Airport,29.5133333333,108.831111111,2075,CN,Qianjiang,ZUQJ,JIQ,,Asia/Shanghai,false,true
44122,ZURK,large_airport,Xigaze Peace Airport / Shigatse Air Base,29.350876,89.299157,12408,CN,Xigazê (Samzhubzê),ZURK,RKZ,,Asia/Shanghai,false,true
300514,ZUTC,medium_airport,Tengchong Tuofeng Airport,24.938056,98.485833,6250,CN,Baoshan (Tengchong),ZPTC,TCZ,,Asia/Shanghai,false,true
342095,ZUTF,large_airport,Chengdu Tianfu International Airport,30.31252,104.441284,1440,CN,Chengdu (Jianyang),ZUTF,TFU,,Asia/Shanghai,false,true
302314,ZUTR,medium_airport,Tongren Fenghuang Airport,27.883333,109.308889,,CN,Tongren (Daxing),ZUTR,TEN,,Asia/Shanghai,false,true
27230,ZUUU,large_airport,Chengdu Shuangliu International Airport,30.558257,103.945966,1625,CN,Chengdu (Shuangliu),ZUUU,CTU,,Asia/Shanghai,false,true
350117,ZUWL,medium_airport,Chongqing Xiannüshan Airport,29.465658,107.693664,1747,CN,Wulong,ZUWL,CQW,,Asia/Shanghai,false,true
27231,ZUXC,medium_airport,Xichang Qingshan Airport,27.9891,102.183998,5112,CN,Liangshan (Xichang),ZUXC,XIC,,Asia/Shanghai,false,true
336111,ZUYB,medium_airport,Yibin Wuliangye Airport,28.858431,104.526157,1378,CN,Yibin (Cuiping),ZUYB,YBP,,Asia/Shanghai,false,true
301647,ZUYI,medium_airport,Xingyi Wanfenglin Airport,25.083423,104.960804,4150,CN,Xingyi,ZUYI,ACX,,Asia/Shanghai,false,true
44126,ZUZH,medium_airport,Panzhihua Bao'anying Airport,26.54,101.79852,1620,CN,Panzhihua (Renhe),ZUZH,PZI,,Asia/Shanghai,false,true
308403,ZUZY,medium_airport,Zunyi Xinzhou Airport,27.810723,107.247189,2723,CN,Zunyi,ZUZY,ZYI,,Asia/Shanghai,false,true
30635,ZWAK,medium_airport,Aksu Hongqipo Airport,41.262501,80.291702,3816,CN,Aksu (Onsu),ZWAK,AKU,,Asia/Urumqi,false,true
44191,ZWAT,medium_airport,Altay Xuedu Airport,47.749886,88.085808,2460,CN,Altay,ZWAT,AAT,,Asia/Urumqi,false,true
46650,ZWBL,medium_airport,Bole Alashankou Airport,44.895461,82.30007,1253,CN,Bole,ZWBL,BPL,,Asia/Urumqi,false,true
31684,ZWCM,medium_airport,Qiemo Yudu Airport,38.234516,85.465462,,CN,Qiemo,ZWCM,IQM,,Asia/Urumqi,false,true
323219,ZWFY,medium_airport,Fuyun Koktokay Airport,46.804169,89.512006,3081,CN,Fuyun,ZWFY,FYN,,Asia/Urumqi,false,true
31609,ZWHM,medium_airport,Hami Airport,42.8414,93.669197,2703,CN,Hami,ZWHM,HMI,,Asia/Urumqi,false,true
31771,ZWKL,medium_airport,Korla Licheng Airport,41.614979,86.140817,3041,CN,Korla,ZWKL,KRL,,Asia/Urumqi,false,true
313426,ZWKN,medium_airport,Burqin Kanas Airport,48.2223,86.9959,3921,CN,Burqin,ZWKN,KJI,,Asia/Urumqi,false,true
316548,ZWNL,medium_airport,Xinyuan Nalati Airport,43.4318,83.3786,3050,CN,Xinyuan,ZWNL,NLT,,Asia/Urumqi,false,true
333070,ZWRQ,medium_airport,Ruoqiang Loulan Airport,38.974722,88.008333,2916,CN,Ruoqiang Town,ZWRQ,RQA,,Asia/Urumqi,false,true
326731,ZWSC,medium_airport,Shache Airport,38.24542,77.056149,4232,CN,Shache,ZWSC,QSZ,,Asia/Urumqi,false,true
27234,ZWSH,large_airport,Kashgar Laining International Airport,39.542273,76.02023,4529,CN,Kashgar,ZWSH,KHG,,Asia/Urumqi,false,true
314799,ZWTL,medium_airport,Turpan Jiaohe Airport,43.0308,89.0987,934,CN,Turpan,ZWTL,TLQ,,Asia/Urumqi,false,true
27235,ZWTN,medium_airport,Hotan Airport,37.03850173950195,79.86489868164062,4672,CN,Hotan,ZWTN,HTN,,Asia/Urumqi,false,true
27236,ZWWW,large_airport,Ürümqi Tianshan International Airport,43.913584,87.479372,2125,CN,Ürümqi,ZWWW,URC,,Asia/Urumqi,false,true
32725,ZWYN,medium_airport,Ili Yining International Airport,43.955799,81.330299,,CN,Ili (Yining / Ghulja),ZWYN,YIN,,Asia/Urumqi,false,true
30646,ZYAS,medium_airport,Anshan Teng'ao Airport / Anshan Air Base,41.105301,122.853996,,CN,Anshan,ZYAS,AOG,,Asia/Shanghai,false,true
316519,ZYBA,medium_airport,Baicheng Chang'an Airport,45.505278,123.019722,480,CN,Baicheng,ZYBA,DBC,,Asia/Shanghai,false,true
300544,ZYBS,medium_airport,Changbaishan Airport,42.066944,127.602222,2874,CN,Baishan,ZYBS,NBS,,Asia/Shanghai,false,true
27237,ZYCC,large_airport,Changchun Longjia International Airport,43.996201,125.684998,706,CN,Changchun,ZYCC,CGQ,,Asia/Shanghai,false,true
30827,ZYCY,medium_airport,Chaoyang Airport,41.538101,120.434998,568,CN,"Shuangta, Chaoyang",ZYCY,CHG,,Asia/Shanghai,false,true
44267,ZYDD,medium_airport,Dandong Langtou International Airport,40.025453,124.28669,30,CN,Dandong (Zhenxing),ZYDD,DDG,,Asia/Shanghai,false,true
327349,ZYDU,medium_airport,Wudalianchi Dedu Airport,48.441037,126.128374,984,CN,Heihe,ZYDU,DTU,,Asia/Shanghai,false,true
313994,ZYFY,medium_airport,Fuyuan Dongji Airport,48.197219,134.36298,,CN,Fuyuan,ZYFY,FYJ,,Asia/Shanghai,false,true
27238,ZYHB,large_airport,Harbin Taiping International Airport,45.623402,126.25,457,CN,Harbin,ZYHB,HRB,,Asia/Shanghai,false,true
31576,ZYHE,medium_airport,Heihe Aihui Airport,50.171621,127.308884,1047,CN,Heihe,ZYHE,HEK,,Asia/Shanghai,false,true
301009,ZYJD,medium_airport,Daxing'anling Elunchun Airport,50.371389,124.1175,1205,CN,Jiagedaqi,ZYJD,JGD,,Asia/Shanghai,false,true
27239,ZYJM,medium_airport,Jiamusi Songjiang International Airport,46.842793,130.46426,262,CN,Jiamusi,ZYJM,JMU,,Asia/Shanghai,false,true
327450,ZYJS,medium_airport,Jiansanjiang Shidi Airport,47.108248,132.65792,,CN,Jiansanjiang,ZYJS,JSJ,,Asia/Shanghai,false,true
313337,ZYJX,medium_airport,Jixi Xingkaihu Airport,45.293,131.193,760,CN,Jixi,ZYJX,JXA,,Asia/Shanghai,false,true
339959,ZYJZ,medium_airport,Jinzhou Bay Airport,40.936032,121.277114,,CN,Jinzhou (Linghai),ZYJZ,JNZ,,Asia/Shanghai,false,true
307012,ZYLD,medium_airport,Yichun Lindu Airport,47.752056,129.019125,791,CN,Yichun,ZYLD,LDS,,Asia/Shanghai,false,true
27240,ZYMD,medium_airport,Mudanjiang Hailang International Airport,44.525172,129.568634,883,CN,Mudanjiang,ZYMD,MDG,,Asia/Shanghai,false,true
301193,ZYMH,medium_airport,Mohe Gulian Airport,52.916871,122.422759,1836,CN,Mohe,ZYMH,OHE,,Asia/Shanghai,false,true
27241,ZYQQ,large_airport,Qiqihar Sanjiazi Airport,47.229969,123.914179,477,CN,Qiqihar,ZYQQ,NDG,,Asia/Shanghai,false,true
327451,ZYSQ,medium_airport,Songyuan Chaganhu Airport,44.931143,124.552121,459,CN,Qian Gorlos Mongol Autonomous County,ZYSQ,YSQ,,Asia/Shanghai,false,true
27242,ZYTL,large_airport,Dalian Zhoushuizi International Airport,38.965719,121.538477,107,CN,Dalian (Ganjingzi),ZYTL,DLC,,Asia/Shanghai,false,true
307013,ZYTN,medium_airport,Tonghua Sanyuanpu Airport,42.048435,125.733963,1347,CN,Tonghua,ZYTN,TNH,,Asia/Shanghai,false,true
27243,ZYTX,large_airport,Shenyang Taoxian International Airport,41.6398,123.483668,198,CN,Shenyang,ZYTX,SHE,,Asia/Shanghai,false,true
27244,ZYYJ,medium_airport,Yanji Chaoyangchuan Airport,42.8828010559,129.451004028,624,CN,Yanji,ZYYJ,YNJ,,Asia/Shanghai,false,true
317861,ZYYK,medium_airport,Yingkou Lanqi Airport,40.542524,122.3586,,CN,Yingkou (Laobian),ZYYK,YKH,,Asia/Shanghai,false,true
